17:08:01.623 | [1mINFO[0m | [1m[1mSimulationConfig[0m[1m[0m - [1mTarget path exists; writing to results/uc3-20260708_170801 instead[0m
2026-07-08 17:08:05,504	INFO worker.py:2012 -- Started a local Ray instance.
/home/franz/Projects/UniWienCS/10/P2/sw/eclypse_wrk/.venv/lib/python3.12/site-packages/ray/_private/worker.py:2051: FutureWarning: Tip: In future versions of Ray, Ray will no longer override accelerator visible devices env var if num_gpus=0 or num_gpus=None (default). To enable this behavior and turn off this error message, set RAY_ACCEL_ENV_VAR_OVERRIDE_ON_ZERO=0
  warnings.warn(
2026-07-08 17:08:06,246	WARNING actor.py:1517 -- Creating an actor from class RemoteSimulator overwrites attribute remote of that class
[94m(RemoteNode pid=601540)[0m 17:08:07.010 | [1m[35mECLYPSE[0m | [1m[1m[35mouter_2[0m[1m[0m - [37mNode outer_2 created.[0m
[32m(RemoteNode pid=601544)[0m 17:08:07.049 | [1m[35mECLYPSE[0m | [1m[1m[35mcenter[0m[1m[0m - [37mNode center created.[0m
Running UC3: 600 steps × 1000ms, star infrastructure (5 clients)
DegradePolicy fires at tick 450 (latency → 1000ms)
Output → results/uc3/

17:08:09.222 | [1m[35mECLYPSE[0m | [1m[1m[35mSimulation[0m[1m[0m - [37mSimulation configuration | infrastructure=IPInfr | path=results/uc3-20260708_170801 | remote=True | step_every_ms=1000 | max_steps=600 | seed=2 | report_format=csv | report_backend=pandas | log_level=ECLYPSE | log_to_file=True | include_default_metrics=False[0m
17:08:09.222 | [1m[35mECLYPSE[0m | [1m[1m[35mSimulation[0m[1m[0m - [37mSimulation started.[0m
[35m(RemoteSimulator pid=601542)[0m 17:08:09.228 | [33m[1mWARNING[0m | [1m[33m[1mIPInfr[0m[1m[0m - [33m[1mNode "outer_0" violated | assets=cpu,ram[0m
[35m(RemoteSimulator pid=601542)[0m 17:08:09.230 | [33m[1mWARNING[0m | [1m[33m[1mPlacementManager[0m[1m[0m - [33m[1mResetting placement | app=ImagePrediction[0m
[35m(RemoteSimulator pid=601542)[0m 17:08:09.230 | [1m[35mECLYPSE[0m | [1m[1m[35mSimulation[0m[1m[0m - [37mSimulation step | step=1[0m
[35m(RemoteSimulator pid=601542)[0m 17:08:10.231 | [33m[1mWARNING[0m | [1m[33m[1mIPInfr[0m[1m[0m - [33m[1mNode "outer_0" violated | assets=ram,storage[0m
[35m(RemoteSimulator pid=601542)[0m 17:08:10.232 | [1m[35mECLYPSE[0m | [1m[1m[35mSimulation[0m[1m[0m - [37mSimulation step | step=2[0m
[35m(RemoteSimulator pid=601542)[0m 17:08:10.232 | [33m[1mWARNING[0m | [1m[33m[1mPlacementManager[0m[1m[0m - [33m[1mResetting placement | app=ImagePrediction[0m
[94m(outer_2 pid=601540)[0m 17:08:13.099 | [1mINFO[0m | [1m[1mPredictorService[0m[1m[0m - [1mPredictorService deployed. Loading model...[0m
[94m(outer_2 pid=601540)[0m 17:08:13.106 | [1mINFO[0m | [1m[1mPredictorService[0m[1m[0m - [1mModel loaded successfully.[0m
[90m(outer_3 pid=601539)[0m 17:08:07.041 | [1m[35mECLYPSE[0m | [1m[1m[35mouter_3[0m[1m[0m - [37mNode outer_3 created.[0m[32m [repeated 4x across cluster] (Ray deduplicates logs by default. Set RAY_DEDUP_LOGS=0 to disable log deduplication, or see https://docs.ray.io/en/master/ray-observability/user-guides/configure-logging.html#log-deduplication for more options.)[0m
[95m(outer_1 pid=601541)[0m 17:08:13.635 | [33m[1mWARNING[0m | [1m[33m[1mEndService[0m[1m[0m - [33m[1mNo images were processed[0m
[35m(RemoteSimulator pid=601542)[0m 17:08:13.632 | [1m[35mECLYPSE[0m | [1m[1m[35mPlacementManager[0m[1m[0m - [37mPlacement established | app=ImagePrediction | mapping={'EndService': 'outer_1', 'PredictorService': 'outer_2', 'TrainerService': 'outer_4'}[0m
[35m(RemoteSimulator pid=601542)[0m 17:08:13.632 | [1m[35mECLYPSE[0m | [1m[1m[35mSimulation[0m[1m[0m - [37mSimulation step | step=3[0m
[95m(outer_1 pid=601541)[0m 17:08:14.028 | [31m[1mERROR[0m | [1m[31m[1mEndService[0m[1m[0m - [31m[1mPrediction on image 9106 is incorrect.[0m
[95m(outer_1 pid=601541)[0m 17:08:14.484 | [31m[1mERROR[0m | [1m[31m[1mEndService[0m[1m[0m - [31m[1mPrediction on image 5339 is incorrect.[0m
[35m(RemoteSimulator pid=601542)[0m 17:08:14.633 | [1m[35mECLYPSE[0m | [1m[1m[35mPlacementManager[0m[1m[0m - [37mPlacement established | app=ImagePrediction | mapping={'EndService': 'outer_1', 'PredictorService': 'outer_2', 'TrainerService': 'outer_4'}[0m
[35m(RemoteSimulator pid=601542)[0m 17:08:14.633 | [1m[35mECLYPSE[0m | [1m[1m[35mSimulation[0m[1m[0m - [37mSimulation step | step=4[0m
[95m(outer_1 pid=601541)[0m 17:08:14.896 | [31m[1mERROR[0m | [1m[31m[1mEndService[0m[1m[0m - [31m[1mPrediction on image 3726 is incorrect.[0m
[95m(outer_1 pid=601541)[0m 17:08:15.310 | [31m[1mERROR[0m | [1m[31m[1mEndService[0m[1m[0m - [31m[1mPrediction on image 994 is incorrect.[0m
[35m(RemoteSimulator pid=601542)[0m 17:08:15.634 | [1m[35mECLYPSE[0m | [1m[1m[35mPlacementManager[0m[1m[0m - [37mPlacement established | app=ImagePrediction | mapping={'EndService': 'outer_1', 'PredictorService': 'outer_2', 'TrainerService': 'outer_4'}[0m
[35m(RemoteSimulator pid=601542)[0m 17:08:15.635 | [1m[35mECLYPSE[0m | [1m[1m[35mSimulation[0m[1m[0m - [37mSimulation step | step=5[0m
[95m(outer_1 pid=601541)[0m 17:08:15.751 | [31m[1mERROR[0m | [1m[31m[1mEndService[0m[1m[0m - [31m[1mPrediction on image 5304 is incorrect.[0m
[95m(outer_1 pid=601541)[0m 17:08:16.167 | [31m[1mERROR[0m | [1m[31m[1mEndService[0m[1m[0m - [31m[1mPrediction on image 5990 is incorrect.[0m
[95m(outer_1 pid=601541)[0m 17:08:16.585 | [31m[1mERROR[0m | [1m[31m[1mEndService[0m[1m[0m - [31m[1mPrediction on image 3266 is incorrect.[0m
[35m(RemoteSimulator pid=601542)[0m 17:08:16.636 | [1m[35mECLYPSE[0m | [1m[1m[35mPlacementManager[0m[1m[0m - [37mPlacement established | app=ImagePrediction | mapping={'EndService': 'outer_1', 'PredictorService': 'outer_2', 'TrainerService': 'outer_4'}[0m
[35m(RemoteSimulator pid=601542)[0m 17:08:16.636 | [1m[35mECLYPSE[0m | [1m[1m[35mSimulation[0m[1m[0m - [37mSimulation step | step=6[0m
[95m(outer_1 pid=601541)[0m 17:08:17.019 | [31m[1mERROR[0m | [1m[31m[1mEndService[0m[1m[0m - [31m[1mPrediction on image 5290 is incorrect.[0m
[95m(outer_1 pid=601541)[0m 17:08:17.432 | [31m[1mERROR[0m | [1m[31m[1mEndService[0m[1m[0m - [31m[1mPrediction on image 9299 is incorrect.[0m
[35m(RemoteSimulator pid=601542)[0m 17:08:17.637 | [1m[35mECLYPSE[0m | [1m[1m[35mPlacementManager[0m[1m[0m - [37mPlacement established | app=ImagePrediction | mapping={'EndService': 'outer_1', 'PredictorService': 'outer_2', 'TrainerService': 'outer_4'}[0m
[35m(RemoteSimulator pid=601542)[0m 17:08:17.637 | [1m[35mECLYPSE[0m | [1m[1m[35mSimulation[0m[1m[0m - [37mSimulation step | step=7[0m
[95m(outer_1 pid=601541)[0m 17:08:17.880 | [31m[1mERROR[0m | [1m[31m[1mEndService[0m[1m[0m - [31m[1mPrediction on image 9437 is incorrect.[0m
[95m(outer_1 pid=601541)[0m 17:08:18.310 | [31m[1mERROR[0m | [1m[31m[1mEndService[0m[1m[0m - [31m[1mPrediction on image 2185 is incorrect.[0m
[36m(outer_4 pid=601543)[0m 17:08:13.449 | [1mINFO[0m | [1m[1mTrainerService[0m[1m[0m - [1mTrainerService deployed. Loading model...[0m[32m [repeated 2x across cluster][0m
[95m(outer_1 pid=601541)[0m 17:08:13.150 | [1mINFO[0m | [1m[1mEndService[0m[1m[0m - [1mDataset loaded successfully.[0m
[36m(outer_4 pid=601543)[0m 17:08:13.503 | [1mINFO[0m | [1m[1mTrainerService[0m[1m[0m - [1mTraining started.[0m
[35m(RemoteSimulator pid=601542)[0m 17:08:18.638 | [1m[35mECLYPSE[0m | [1m[1m[35mPlacementManager[0m[1m[0m - [37mPlacement established | app=ImagePrediction | mapping={'EndService': 'outer_1', 'PredictorService': 'outer_2', 'TrainerService': 'outer_4'}[0m
[35m(RemoteSimulator pid=601542)[0m 17:08:18.639 | [1m[35mECLYPSE[0m | [1m[1m[35mSimulation[0m[1m[0m - [37mSimulation step | step=8[0m
[95m(outer_1 pid=601541)[0m 17:08:18.738 | [31m[1mERROR[0m | [1m[31m[1mEndService[0m[1m[0m - [31m[1mPrediction on image 1703 is incorrect.[0m
[95m(outer_1 pid=601541)[0m 17:08:19.148 | [31m[1mERROR[0m | [1m[31m[1mEndService[0m[1m[0m - [31m[1mPrediction on image 7902 is incorrect.[0m
[95m(outer_1 pid=601541)[0m 17:08:19.570 | [32m[1mSUCCESS[0m | [1m[32m[1mEndService[0m[1m[0m - [32m[1mPrediction on image 209 is correct.[0m
[35m(RemoteSimulator pid=601542)[0m 17:08:19.639 | [1m[35mECLYPSE[0m | [1m[1m[35mPlacementManager[0m[1m[0m - [37mPlacement established | app=ImagePrediction | mapping={'EndService': 'outer_1', 'PredictorService': 'outer_2', 'TrainerService': 'outer_4'}[0m
[35m(RemoteSimulator pid=601542)[0m 17:08:19.640 | [1m[35mECLYPSE[0m | [1m[1m[35mSimulation[0m[1m[0m - [37mSimulation step | step=9[0m
[95m(outer_1 pid=601541)[0m 17:08:20.000 | [32m[1mSUCCESS[0m | [1m[32m[1mEndService[0m[1m[0m - [32m[1mPrediction on image 2940 is correct.[0m
[95m(outer_1 pid=601541)[0m 17:08:20.415 | [31m[1mERROR[0m | [1m[31m[1mEndService[0m[1m[0m - [31m[1mPrediction on image 8783 is incorrect.[0m
[35m(RemoteSimulator pid=601542)[0m 17:08:20.641 | [1m[35mECLYPSE[0m | [1m[1m[35mPlacementManager[0m[1m[0m - [37mPlacement established | app=ImagePrediction | mapping={'EndService': 'outer_1', 'PredictorService': 'outer_2', 'TrainerService': 'outer_4'}[0m
[35m(RemoteSimulator pid=601542)[0m 17:08:20.641 | [1m[35mECLYPSE[0m | [1m[1m[35mSimulation[0m[1m[0m - [37mSimulation step | step=10[0m
[95m(outer_1 pid=601541)[0m 17:08:20.841 | [31m[1mERROR[0m | [1m[31m[1mEndService[0m[1m[0m - [31m[1mPrediction on image 877 is incorrect.[0m
[95m(outer_1 pid=601541)[0m 17:08:21.264 | [31m[1mERROR[0m | [1m[31m[1mEndService[0m[1m[0m - [31m[1mPrediction on image 4726 is incorrect.[0m
[35m(RemoteSimulator pid=601542)[0m 17:08:21.642 | [1m[35mECLYPSE[0m | [1m[1m[35mPlacementManager[0m[1m[0m - [37mPlacement established | app=ImagePrediction | mapping={'EndService': 'outer_1', 'PredictorService': 'outer_2', 'TrainerService': 'outer_4'}[0m
[35m(RemoteSimulator pid=601542)[0m 17:08:21.642 | [1m[35mECLYPSE[0m | [1m[1m[35mSimulation[0m[1m[0m - [37mSimulation step | step=11[0m
[95m(outer_1 pid=601541)[0m 17:08:21.698 | [31m[1mERROR[0m | [1m[31m[1mEndService[0m[1m[0m - [31m[1mPrediction on image 7653 is incorrect.[0m
[95m(outer_1 pid=601541)[0m 17:08:22.114 | [31m[1mERROR[0m | [1m[31m[1mEndService[0m[1m[0m - [31m[1mPrediction on image 6419 is incorrect.[0m
[95m(outer_1 pid=601541)[0m 17:08:22.543 | [31m[1mERROR[0m | [1m[31m[1mEndService[0m[1m[0m - [31m[1mPrediction on image 5791 is incorrect.[0m
[35m(RemoteSimulator pid=601542)[0m 17:08:22.643 | [1m[35mECLYPSE[0m | [1m[1m[35mPlacementManager[0m[1m[0m - [37mPlacement established | app=ImagePrediction | mapping={'EndService': 'outer_1', 'PredictorService': 'outer_2', 'TrainerService': 'outer_4'}[0m
[35m(RemoteSimulator pid=601542)[0m 17:08:22.643 | [1m[35mECLYPSE[0m | [1m[1m[35mSimulation[0m[1m[0m - [37mSimulation step | step=12[0m
[95m(outer_1 pid=601541)[0m 17:08:22.964 | [31m[1mERROR[0m | [1m[31m[1mEndService[0m[1m[0m - [31m[1mPrediction on image 7947 is incorrect.[0m
[95m(outer_1 pid=601541)[0m 17:08:23.381 | [31m[1mERROR[0m | [1m[31m[1mEndService[0m[1m[0m - [31m[1mPrediction on image 740 is incorrect.[0m
[35m(RemoteSimulator pid=601542)[0m 17:08:23.644 | [1m[35mECLYPSE[0m | [1m[1m[35mPlacementManager[0m[1m[0m - [37mPlacement established | app=ImagePrediction | mapping={'EndService': 'outer_1', 'PredictorService': 'outer_2', 'TrainerService': 'outer_4'}[0m
[35m(RemoteSimulator pid=601542)[0m 17:08:23.645 | [1m[35mECLYPSE[0m | [1m[1m[35mSimulation[0m[1m[0m - [37mSimulation step | step=13[0m
[95m(outer_1 pid=601541)[0m 17:08:23.810 | [31m[1mERROR[0m | [1m[31m[1mEndService[0m[1m[0m - [31m[1mPrediction on image 6054 is incorrect.[0m
[95m(outer_1 pid=601541)[0m 17:08:24.249 | [31m[1mERROR[0m | [1m[31m[1mEndService[0m[1m[0m - [31m[1mPrediction on image 6990 is incorrect.[0m
[95m(outer_1 pid=601541)[0m 17:08:24.667 | [32m[1mSUCCESS[0m | [1m[32m[1mEndService[0m[1m[0m - [32m[1mPrediction on image 6658 is correct.[0m
[35m(RemoteSimulator pid=601542)[0m 17:08:24.646 | [1m[35mECLYPSE[0m | [1m[1m[35mPlacementManager[0m[1m[0m - [37mPlacement established | app=ImagePrediction | mapping={'EndService': 'outer_1', 'PredictorService': 'outer_2', 'TrainerService': 'outer_4'}[0m
[35m(RemoteSimulator pid=601542)[0m 17:08:24.646 | [1m[35mECLYPSE[0m | [1m[1m[35mSimulation[0m[1m[0m - [37mSimulation step | step=14[0m
[95m(outer_1 pid=601541)[0m 17:08:25.080 | [31m[1mERROR[0m | [1m[31m[1mEndService[0m[1m[0m - [31m[1mPrediction on image 2489 is incorrect.[0m
[95m(outer_1 pid=601541)[0m 17:08:25.524 | [31m[1mERROR[0m | [1m[31m[1mEndService[0m[1m[0m - [31m[1mPrediction on image 6339 is incorrect.[0m
[35m(RemoteSimulator pid=601542)[0m 17:08:25.647 | [1m[35mECLYPSE[0m | [1m[1m[35mPlacementManager[0m[1m[0m - [37mPlacement established | app=ImagePrediction | mapping={'EndService': 'outer_1', 'PredictorService': 'outer_2', 'TrainerService': 'outer_4'}[0m
[35m(RemoteSimulator pid=601542)[0m 17:08:25.648 | [1m[35mECLYPSE[0m | [1m[1m[35mSimulation[0m[1m[0m - [37mSimulation step | step=15[0m
[95m(outer_1 pid=601541)[0m 17:08:25.944 | [32m[1mSUCCESS[0m | [1m[32m[1mEndService[0m[1m[0m - [32m[1mPrediction on image 5645 is correct.[0m
[95m(outer_1 pid=601541)[0m 17:08:26.370 | [31m[1mERROR[0m | [1m[31m[1mEndService[0m[1m[0m - [31m[1mPrediction on image 7845 is incorrect.[0m
[35m(RemoteSimulator pid=601542)[0m 17:08:26.648 | [1m[35mECLYPSE[0m | [1m[1m[35mPlacementManager[0m[1m[0m - [37mPlacement established | app=ImagePrediction | mapping={'EndService': 'outer_1', 'PredictorService': 'outer_2', 'TrainerService': 'outer_4'}[0m
[35m(RemoteSimulator pid=601542)[0m 17:08:26.649 | [1m[35mECLYPSE[0m | [1m[1m[35mSimulation[0m[1m[0m - [37mSimulation step | step=16[0m
[95m(outer_1 pid=601541)[0m 17:08:26.794 | [32m[1mSUCCESS[0m | [1m[32m[1mEndService[0m[1m[0m - [32m[1mPrediction on image 6281 is correct.[0m
[95m(outer_1 pid=601541)[0m 17:08:27.229 | [31m[1mERROR[0m | [1m[31m[1mEndService[0m[1m[0m - [31m[1mPrediction on image 4060 is incorrect.[0m
[95m(outer_1 pid=601541)[0m 17:08:27.667 | [31m[1mERROR[0m | [1m[31m[1mEndService[0m[1m[0m - [31m[1mPrediction on image 5773 is incorrect.[0m
[35m(RemoteSimulator pid=601542)[0m 17:08:27.650 | [1m[35mECLYPSE[0m | [1m[1m[35mPlacementManager[0m[1m[0m - [37mPlacement established | app=ImagePrediction | mapping={'EndService': 'outer_1', 'PredictorService': 'outer_2', 'TrainerService': 'outer_4'}[0m
[35m(RemoteSimulator pid=601542)[0m 17:08:27.650 | [1m[35mECLYPSE[0m | [1m[1m[35mSimulation[0m[1m[0m - [37mSimulation step | step=17[0m
[95m(outer_1 pid=601541)[0m 17:08:28.080 | [31m[1mERROR[0m | [1m[31m[1mEndService[0m[1m[0m - [31m[1mPrediction on image 3713 is incorrect.[0m
[95m(outer_1 pid=601541)[0m 17:08:28.533 | [31m[1mERROR[0m | [1m[31m[1mEndService[0m[1m[0m - [31m[1mPrediction on image 1146 is incorrect.[0m
[35m(RemoteSimulator pid=601542)[0m 17:08:28.651 | [1m[35mECLYPSE[0m | [1m[1m[35mPlacementManager[0m[1m[0m - [37mPlacement established | app=ImagePrediction | mapping={'EndService': 'outer_1', 'PredictorService': 'outer_2', 'TrainerService': 'outer_4'}[0m
[35m(RemoteSimulator pid=601542)[0m 17:08:28.651 | [1m[35mECLYPSE[0m | [1m[1m[35mSimulation[0m[1m[0m - [37mSimulation step | step=18[0m
[95m(outer_1 pid=601541)[0m 17:08:28.957 | [31m[1mERROR[0m | [1m[31m[1mEndService[0m[1m[0m - [31m[1mPrediction on image 8034 is incorrect.[0m
[95m(outer_1 pid=601541)[0m 17:08:29.410 | [32m[1mSUCCESS[0m | [1m[32m[1mEndService[0m[1m[0m - [32m[1mPrediction on image 9272 is correct.[0m
[35m(RemoteSimulator pid=601542)[0m 17:08:29.652 | [1m[35mECLYPSE[0m | [1m[1m[35mPlacementManager[0m[1m[0m - [37mPlacement established | app=ImagePrediction | mapping={'EndService': 'outer_1', 'PredictorService': 'outer_2', 'TrainerService': 'outer_4'}[0m
[35m(RemoteSimulator pid=601542)[0m 17:08:29.653 | [1m[35mECLYPSE[0m | [1m[1m[35mSimulation[0m[1m[0m - [37mSimulation step | step=19[0m
[95m(outer_1 pid=601541)[0m 17:08:29.866 | [31m[1mERROR[0m | [1m[31m[1mEndService[0m[1m[0m - [31m[1mPrediction on image 5976 is incorrect.[0m
[95m(outer_1 pid=601541)[0m 17:08:30.293 | [31m[1mERROR[0m | [1m[31m[1mEndService[0m[1m[0m - [31m[1mPrediction on image 1534 is incorrect.[0m
[95m(outer_1 pid=601541)[0m 17:08:30.733 | [31m[1mERROR[0m | [1m[31m[1mEndService[0m[1m[0m - [31m[1mPrediction on image 236 is incorrect.[0m
[35m(RemoteSimulator pid=601542)[0m 17:08:30.654 | [1m[35mECLYPSE[0m | [1m[1m[35mPlacementManager[0m[1m[0m - [37mPlacement established | app=ImagePrediction | mapping={'EndService': 'outer_1', 'PredictorService': 'outer_2', 'TrainerService': 'outer_4'}[0m
[35m(RemoteSimulator pid=601542)[0m 17:08:30.654 | [1m[35mECLYPSE[0m | [1m[1m[35mSimulation[0m[1m[0m - [37mSimulation step | step=20[0m
[95m(outer_1 pid=601541)[0m 17:08:31.149 | [31m[1mERROR[0m | [1m[31m[1mEndService[0m[1m[0m - [31m[1mPrediction on image 5889 is incorrect.[0m
[95m(outer_1 pid=601541)[0m 17:08:31.587 | [31m[1mERROR[0m | [1m[31m[1mEndService[0m[1m[0m - [31m[1mPrediction on image 8357 is incorrect.[0m
[35m(RemoteSimulator pid=601542)[0m 17:08:31.655 | [1m[35mECLYPSE[0m | [1m[1m[35mPlacementManager[0m[1m[0m - [37mPlacement established | app=ImagePrediction | mapping={'EndService': 'outer_1', 'PredictorService': 'outer_2', 'TrainerService': 'outer_4'}[0m
[35m(RemoteSimulator pid=601542)[0m 17:08:31.656 | [1m[35mECLYPSE[0m | [1m[1m[35mSimulation[0m[1m[0m - [37mSimulation step | step=21[0m
[95m(outer_1 pid=601541)[0m 17:08:32.003 | [31m[1mERROR[0m | [1m[31m[1mEndService[0m[1m[0m - [31m[1mPrediction on image 8111 is incorrect.[0m
[95m(outer_1 pid=601541)[0m 17:08:32.456 | [31m[1mERROR[0m | [1m[31m[1mEndService[0m[1m[0m - [31m[1mPrediction on image 114 is incorrect.[0m
[35m(RemoteSimulator pid=601542)[0m 17:08:32.656 | [1m[35mECLYPSE[0m | [1m[1m[35mPlacementManager[0m[1m[0m - [37mPlacement established | app=ImagePrediction | mapping={'EndService': 'outer_1', 'PredictorService': 'outer_2', 'TrainerService': 'outer_4'}[0m
[35m(RemoteSimulator pid=601542)[0m 17:08:32.657 | [1m[35mECLYPSE[0m | [1m[1m[35mSimulation[0m[1m[0m - [37mSimulation step | step=22[0m
[95m(outer_1 pid=601541)[0m 17:08:32.905 | [31m[1mERROR[0m | [1m[31m[1mEndService[0m[1m[0m - [31m[1mPrediction on image 2218 is incorrect.[0m
[95m(outer_1 pid=601541)[0m 17:08:33.328 | [31m[1mERROR[0m | [1m[31m[1mEndService[0m[1m[0m - [31m[1mPrediction on image 3957 is incorrect.[0m
[35m(RemoteSimulator pid=601542)[0m 17:08:33.658 | [1m[35mECLYPSE[0m | [1m[1m[35mPlacementManager[0m[1m[0m - [37mPlacement established | app=ImagePrediction | mapping={'EndService': 'outer_1', 'PredictorService': 'outer_2', 'TrainerService': 'outer_4'}[0m
[35m(RemoteSimulator pid=601542)[0m 17:08:33.658 | [1m[35mECLYPSE[0m | [1m[1m[35mSimulation[0m[1m[0m - [37mSimulation step | step=23[0m
[95m(outer_1 pid=601541)[0m 17:08:33.760 | [31m[1mERROR[0m | [1m[31m[1mEndService[0m[1m[0m - [31m[1mPrediction on image 3677 is incorrect.[0m
[95m(outer_1 pid=601541)[0m 17:08:34.182 | [31m[1mERROR[0m | [1m[31m[1mEndService[0m[1m[0m - [31m[1mPrediction on image 6882 is incorrect.[0m
[95m(outer_1 pid=601541)[0m 17:08:34.616 | [31m[1mERROR[0m | [1m[31m[1mEndService[0m[1m[0m - [31m[1mPrediction on image 5245 is incorrect.[0m
[35m(RemoteSimulator pid=601542)[0m 17:08:34.659 | [1m[35mECLYPSE[0m | [1m[1m[35mPlacementManager[0m[1m[0m - [37mPlacement established | app=ImagePrediction | mapping={'EndService': 'outer_1', 'PredictorService': 'outer_2', 'TrainerService': 'outer_4'}[0m
[35m(RemoteSimulator pid=601542)[0m 17:08:34.660 | [1m[35mECLYPSE[0m | [1m[1m[35mSimulation[0m[1m[0m - [37mSimulation step | step=24[0m
[95m(outer_1 pid=601541)[0m 17:08:35.060 | [31m[1mERROR[0m | [1m[31m[1mEndService[0m[1m[0m - [31m[1mPrediction on image 3752 is incorrect.[0m
[95m(outer_1 pid=601541)[0m 17:08:35.494 | [31m[1mERROR[0m | [1m[31m[1mEndService[0m[1m[0m - [31m[1mPrediction on image 7431 is incorrect.[0m
[35m(RemoteSimulator pid=601542)[0m 17:08:35.661 | [1m[35mECLYPSE[0m | [1m[1m[35mPlacementManager[0m[1m[0m - [37mPlacement established | app=ImagePrediction | mapping={'EndService': 'outer_1', 'PredictorService': 'outer_2', 'TrainerService': 'outer_4'}[0m
[35m(RemoteSimulator pid=601542)[0m 17:08:35.661 | [1m[35mECLYPSE[0m | [1m[1m[35mSimulation[0m[1m[0m - [37mSimulation step | step=25[0m
[95m(outer_1 pid=601541)[0m 17:08:35.922 | [31m[1mERROR[0m | [1m[31m[1mEndService[0m[1m[0m - [31m[1mPrediction on image 9568 is incorrect.[0m
[95m(outer_1 pid=601541)[0m 17:08:36.336 | [31m[1mERROR[0m | [1m[31m[1mEndService[0m[1m[0m - [31m[1mPrediction on image 1025 is incorrect.[0m
[35m(RemoteSimulator pid=601542)[0m 17:08:36.662 | [1m[35mECLYPSE[0m | [1m[1m[35mPlacementManager[0m[1m[0m - [37mPlacement established | app=ImagePrediction | mapping={'EndService': 'outer_1', 'PredictorService': 'outer_2', 'TrainerService': 'outer_4'}[0m
[35m(RemoteSimulator pid=601542)[0m 17:08:36.662 | [1m[35mECLYPSE[0m | [1m[1m[35mSimulation[0m[1m[0m - [37mSimulation step | step=26[0m
[95m(outer_1 pid=601541)[0m 17:08:36.765 | [31m[1mERROR[0m | [1m[31m[1mEndService[0m[1m[0m - [31m[1mPrediction on image 2056 is incorrect.[0m
[95m(outer_1 pid=601541)[0m 17:08:37.183 | [31m[1mERROR[0m | [1m[31m[1mEndService[0m[1m[0m - [31m[1mPrediction on image 2515 is incorrect.[0m
[95m(outer_1 pid=601541)[0m 17:08:37.601 | [31m[1mERROR[0m | [1m[31m[1mEndService[0m[1m[0m - [31m[1mPrediction on image 8659 is incorrect.[0m
[35m(RemoteSimulator pid=601542)[0m 17:08:37.663 | [1m[35mECLYPSE[0m | [1m[1m[35mPlacementManager[0m[1m[0m - [37mPlacement established | app=ImagePrediction | mapping={'EndService': 'outer_1', 'PredictorService': 'outer_2', 'TrainerService': 'outer_4'}[0m
[35m(RemoteSimulator pid=601542)[0m 17:08:37.663 | [1m[35mECLYPSE[0m | [1m[1m[35mSimulation[0m[1m[0m - [37mSimulation step | step=27[0m
[95m(outer_1 pid=601541)[0m 17:08:38.025 | [31m[1mERROR[0m | [1m[31m[1mEndService[0m[1m[0m - [31m[1mPrediction on image 2164 is incorrect.[0m
[95m(outer_1 pid=601541)[0m 17:08:38.455 | [31m[1mERROR[0m | [1m[31m[1mEndService[0m[1m[0m - [31m[1mPrediction on image 8379 is incorrect.[0m
[35m(RemoteSimulator pid=601542)[0m 17:08:38.664 | [1m[35mECLYPSE[0m | [1m[1m[35mPlacementManager[0m[1m[0m - [37mPlacement established | app=ImagePrediction | mapping={'EndService': 'outer_1', 'PredictorService': 'outer_2', 'TrainerService': 'outer_4'}[0m
[35m(RemoteSimulator pid=601542)[0m 17:08:38.665 | [1m[35mECLYPSE[0m | [1m[1m[35mSimulation[0m[1m[0m - [37mSimulation step | step=28[0m
[95m(outer_1 pid=601541)[0m 17:08:38.874 | [31m[1mERROR[0m | [1m[31m[1mEndService[0m[1m[0m - [31m[1mPrediction on image 4159 is incorrect.[0m
[95m(outer_1 pid=601541)[0m 17:08:39.295 | [31m[1mERROR[0m | [1m[31m[1mEndService[0m[1m[0m - [31m[1mPrediction on image 157 is incorrect.[0m
[35m(RemoteSimulator pid=601542)[0m 17:08:39.666 | [1m[35mECLYPSE[0m | [1m[1m[35mPlacementManager[0m[1m[0m - [37mPlacement established | app=ImagePrediction | mapping={'EndService': 'outer_1', 'PredictorService': 'outer_2', 'TrainerService': 'outer_4'}[0m
[35m(RemoteSimulator pid=601542)[0m 17:08:39.666 | [1m[35mECLYPSE[0m | [1m[1m[35mSimulation[0m[1m[0m - [37mSimulation step | step=29[0m
[95m(outer_1 pid=601541)[0m 17:08:39.702 | [31m[1mERROR[0m | [1m[31m[1mEndService[0m[1m[0m - [31m[1mPrediction on image 4785 is incorrect.[0m
[95m(outer_1 pid=601541)[0m 17:08:40.120 | [32m[1mSUCCESS[0m | [1m[32m[1mEndService[0m[1m[0m - [32m[1mPrediction on image 3168 is correct.[0m
[95m(outer_1 pid=601541)[0m 17:08:40.561 | [31m[1mERROR[0m | [1m[31m[1mEndService[0m[1m[0m - [31m[1mPrediction on image 7638 is incorrect.[0m
[35m(RemoteSimulator pid=601542)[0m 17:08:40.667 | [1m[35mECLYPSE[0m | [1m[1m[35mPlacementManager[0m[1m[0m - [37mPlacement established | app=ImagePrediction | mapping={'EndService': 'outer_1', 'PredictorService': 'outer_2', 'TrainerService': 'outer_4'}[0m
[35m(RemoteSimulator pid=601542)[0m 17:08:40.668 | [1m[35mECLYPSE[0m | [1m[1m[35mSimulation[0m[1m[0m - [37mSimulation step | step=30[0m
[95m(outer_1 pid=601541)[0m 17:08:40.985 | [31m[1mERROR[0m | [1m[31m[1mEndService[0m[1m[0m - [31m[1mPrediction on image 4635 is incorrect.[0m
[95m(outer_1 pid=601541)[0m 17:08:41.425 | [31m[1mERROR[0m | [1m[31m[1mEndService[0m[1m[0m - [31m[1mPrediction on image 4123 is incorrect.[0m
[35m(RemoteSimulator pid=601542)[0m 17:08:41.668 | [1m[35mECLYPSE[0m | [1m[1m[35mPlacementManager[0m[1m[0m - [37mPlacement established | app=ImagePrediction | mapping={'EndService': 'outer_1', 'PredictorService': 'outer_2', 'TrainerService': 'outer_4'}[0m
[35m(RemoteSimulator pid=601542)[0m 17:08:41.668 | [1m[35mECLYPSE[0m | [1m[1m[35mSimulation[0m[1m[0m - [37mSimulation step | step=31[0m
[95m(outer_1 pid=601541)[0m 17:08:41.855 | [31m[1mERROR[0m | [1m[31m[1mEndService[0m[1m[0m - [31m[1mPrediction on image 2162 is incorrect.[0m
[95m(outer_1 pid=601541)[0m 17:08:42.276 | [31m[1mERROR[0m | [1m[31m[1mEndService[0m[1m[0m - [31m[1mPrediction on image 5533 is incorrect.[0m
[95m(outer_1 pid=601541)[0m 17:08:42.715 | [31m[1mERROR[0m | [1m[31m[1mEndService[0m[1m[0m - [31m[1mPrediction on image 262 is incorrect.[0m
[35m(RemoteSimulator pid=601542)[0m 17:08:42.669 | [1m[35mECLYPSE[0m | [1m[1m[35mPlacementManager[0m[1m[0m - [37mPlacement established | app=ImagePrediction | mapping={'EndService': 'outer_1', 'PredictorService': 'outer_2', 'TrainerService': 'outer_4'}[0m
[35m(RemoteSimulator pid=601542)[0m 17:08:42.670 | [1m[35mECLYPSE[0m | [1m[1m[35mSimulation[0m[1m[0m - [37mSimulation step | step=32[0m
[95m(outer_1 pid=601541)[0m 17:08:43.128 | [31m[1mERROR[0m | [1m[31m[1mEndService[0m[1m[0m - [31m[1mPrediction on image 5171 is incorrect.[0m
[95m(outer_1 pid=601541)[0m 17:08:43.571 | [31m[1mERROR[0m | [1m[31m[1mEndService[0m[1m[0m - [31m[1mPrediction on image 3956 is incorrect.[0m
[35m(RemoteSimulator pid=601542)[0m 17:08:43.670 | [1m[35mECLYPSE[0m | [1m[1m[35mPlacementManager[0m[1m[0m - [37mPlacement established | app=ImagePrediction | mapping={'EndService': 'outer_1', 'PredictorService': 'outer_2', 'TrainerService': 'outer_4'}[0m
[35m(RemoteSimulator pid=601542)[0m 17:08:43.671 | [1m[35mECLYPSE[0m | [1m[1m[35mSimulation[0m[1m[0m - [37mSimulation step | step=33[0m
[95m(outer_1 pid=601541)[0m 17:08:43.993 | [31m[1mERROR[0m | [1m[31m[1mEndService[0m[1m[0m - [31m[1mPrediction on image 151 is incorrect.[0m
[95m(outer_1 pid=601541)[0m 17:08:44.421 | [31m[1mERROR[0m | [1m[31m[1mEndService[0m[1m[0m - [31m[1mPrediction on image 5823 is incorrect.[0m
[35m(RemoteSimulator pid=601542)[0m 17:08:44.672 | [1m[35mECLYPSE[0m | [1m[1m[35mPlacementManager[0m[1m[0m - [37mPlacement established | app=ImagePrediction | mapping={'EndService': 'outer_1', 'PredictorService': 'outer_2', 'TrainerService': 'outer_4'}[0m
[35m(RemoteSimulator pid=601542)[0m 17:08:44.672 | [1m[35mECLYPSE[0m | [1m[1m[35mSimulation[0m[1m[0m - [37mSimulation step | step=34[0m
[95m(outer_1 pid=601541)[0m 17:08:44.861 | [31m[1mERROR[0m | [1m[31m[1mEndService[0m[1m[0m - [31m[1mPrediction on image 8037 is incorrect.[0m
[95m(outer_1 pid=601541)[0m 17:08:45.292 | [31m[1mERROR[0m | [1m[31m[1mEndService[0m[1m[0m - [31m[1mPrediction on image 2509 is incorrect.[0m
[35m(RemoteSimulator pid=601542)[0m 17:08:45.673 | [1m[35mECLYPSE[0m | [1m[1m[35mPlacementManager[0m[1m[0m - [37mPlacement established | app=ImagePrediction | mapping={'EndService': 'outer_1', 'PredictorService': 'outer_2', 'TrainerService': 'outer_4'}[0m
[35m(RemoteSimulator pid=601542)[0m 17:08:45.673 | [1m[35mECLYPSE[0m | [1m[1m[35mSimulation[0m[1m[0m - [37mSimulation step | step=35[0m
[95m(outer_1 pid=601541)[0m 17:08:45.714 | [31m[1mERROR[0m | [1m[31m[1mEndService[0m[1m[0m - [31m[1mPrediction on image 3272 is incorrect.[0m
[95m(outer_1 pid=601541)[0m 17:08:46.131 | [31m[1mERROR[0m | [1m[31m[1mEndService[0m[1m[0m - [31m[1mPrediction on image 6361 is incorrect.[0m
[95m(outer_1 pid=601541)[0m 17:08:46.582 | [31m[1mERROR[0m | [1m[31m[1mEndService[0m[1m[0m - [31m[1mPrediction on image 7990 is incorrect.[0m
[35m(RemoteSimulator pid=601542)[0m 17:08:46.674 | [1m[35mECLYPSE[0m | [1m[1m[35mPlacementManager[0m[1m[0m - [37mPlacement established | app=ImagePrediction | mapping={'EndService': 'outer_1', 'PredictorService': 'outer_2', 'TrainerService': 'outer_4'}[0m
[35m(RemoteSimulator pid=601542)[0m 17:08:46.675 | [1m[35mECLYPSE[0m | [1m[1m[35mSimulation[0m[1m[0m - [37mSimulation step | step=36[0m
[95m(outer_1 pid=601541)[0m 17:08:46.997 | [31m[1mERROR[0m | [1m[31m[1mEndService[0m[1m[0m - [31m[1mPrediction on image 1006 is incorrect.[0m
[95m(outer_1 pid=601541)[0m 17:08:47.433 | [31m[1mERROR[0m | [1m[31m[1mEndService[0m[1m[0m - [31m[1mPrediction on image 3642 is incorrect.[0m
[35m(RemoteSimulator pid=601542)[0m 17:08:47.675 | [1m[35mECLYPSE[0m | [1m[1m[35mPlacementManager[0m[1m[0m - [37mPlacement established | app=ImagePrediction | mapping={'EndService': 'outer_1', 'PredictorService': 'outer_2', 'TrainerService': 'outer_4'}[0m
[35m(RemoteSimulator pid=601542)[0m 17:08:47.676 | [1m[35mECLYPSE[0m | [1m[1m[35mSimulation[0m[1m[0m - [37mSimulation step | step=37[0m
[95m(outer_1 pid=601541)[0m 17:08:47.863 | [31m[1mERROR[0m | [1m[31m[1mEndService[0m[1m[0m - [31m[1mPrediction on image 3837 is incorrect.[0m
[95m(outer_1 pid=601541)[0m 17:08:48.290 | [31m[1mERROR[0m | [1m[31m[1mEndService[0m[1m[0m - [31m[1mPrediction on image 2365 is incorrect.[0m
[95m(outer_1 pid=601541)[0m 17:08:48.745 | [31m[1mERROR[0m | [1m[31m[1mEndService[0m[1m[0m - [31m[1mPrediction on image 2375 is incorrect.[0m
[35m(RemoteSimulator pid=601542)[0m 17:08:48.676 | [1m[35mECLYPSE[0m | [1m[1m[35mPlacementManager[0m[1m[0m - [37mPlacement established | app=ImagePrediction | mapping={'EndService': 'outer_1', 'PredictorService': 'outer_2', 'TrainerService': 'outer_4'}[0m
[35m(RemoteSimulator pid=601542)[0m 17:08:48.677 | [1m[35mECLYPSE[0m | [1m[1m[35mSimulation[0m[1m[0m - [37mSimulation step | step=38[0m
[95m(outer_1 pid=601541)[0m 17:08:49.165 | [31m[1mERROR[0m | [1m[31m[1mEndService[0m[1m[0m - [31m[1mPrediction on image 1806 is incorrect.[0m
[95m(outer_1 pid=601541)[0m 17:08:49.591 | [31m[1mERROR[0m | [1m[31m[1mEndService[0m[1m[0m - [31m[1mPrediction on image 2785 is incorrect.[0m
[35m(RemoteSimulator pid=601542)[0m 17:08:49.677 | [1m[35mECLYPSE[0m | [1m[1m[35mPlacementManager[0m[1m[0m - [37mPlacement established | app=ImagePrediction | mapping={'EndService': 'outer_1', 'PredictorService': 'outer_2', 'TrainerService': 'outer_4'}[0m
[35m(RemoteSimulator pid=601542)[0m 17:08:49.678 | [1m[35mECLYPSE[0m | [1m[1m[35mSimulation[0m[1m[0m - [37mSimulation step | step=39[0m
[95m(outer_1 pid=601541)[0m 17:08:50.013 | [32m[1mSUCCESS[0m | [1m[32m[1mEndService[0m[1m[0m - [32m[1mPrediction on image 6655 is correct.[0m
[95m(outer_1 pid=601541)[0m 17:08:50.450 | [31m[1mERROR[0m | [1m[31m[1mEndService[0m[1m[0m - [31m[1mPrediction on image 8331 is incorrect.[0m
[35m(RemoteSimulator pid=601542)[0m 17:08:50.680 | [1m[35mECLYPSE[0m | [1m[1m[35mPlacementManager[0m[1m[0m - [37mPlacement established | app=ImagePrediction | mapping={'EndService': 'outer_1', 'PredictorService': 'outer_2', 'TrainerService': 'outer_4'}[0m
[35m(RemoteSimulator pid=601542)[0m 17:08:50.681 | [1m[35mECLYPSE[0m | [1m[1m[35mSimulation[0m[1m[0m - [37mSimulation step | step=40[0m
[95m(outer_1 pid=601541)[0m 17:08:50.893 | [31m[1mERROR[0m | [1m[31m[1mEndService[0m[1m[0m - [31m[1mPrediction on image 366 is incorrect.[0m
[95m(outer_1 pid=601541)[0m 17:08:51.314 | [31m[1mERROR[0m | [1m[31m[1mEndService[0m[1m[0m - [31m[1mPrediction on image 3825 is incorrect.[0m
[35m(RemoteSimulator pid=601542)[0m 17:08:51.681 | [1m[35mECLYPSE[0m | [1m[1m[35mPlacementManager[0m[1m[0m - [37mPlacement established | app=ImagePrediction | mapping={'EndService': 'outer_1', 'PredictorService': 'outer_2', 'TrainerService': 'outer_4'}[0m
[35m(RemoteSimulator pid=601542)[0m 17:08:51.682 | [1m[35mECLYPSE[0m | [1m[1m[35mSimulation[0m[1m[0m - [37mSimulation step | step=41[0m
[95m(outer_1 pid=601541)[0m 17:08:51.746 | [31m[1mERROR[0m | [1m[31m[1mEndService[0m[1m[0m - [31m[1mPrediction on image 9841 is incorrect.[0m
[95m(outer_1 pid=601541)[0m 17:08:52.163 | [31m[1mERROR[0m | [1m[31m[1mEndService[0m[1m[0m - [31m[1mPrediction on image 8990 is incorrect.[0m
[95m(outer_1 pid=601541)[0m 17:08:52.597 | [32m[1mSUCCESS[0m | [1m[32m[1mEndService[0m[1m[0m - [32m[1mPrediction on image 7007 is correct.[0m
[35m(RemoteSimulator pid=601542)[0m 17:08:52.683 | [1m[35mECLYPSE[0m | [1m[1m[35mPlacementManager[0m[1m[0m - [37mPlacement established | app=ImagePrediction | mapping={'EndService': 'outer_1', 'PredictorService': 'outer_2', 'TrainerService': 'outer_4'}[0m
[35m(RemoteSimulator pid=601542)[0m 17:08:52.683 | [1m[35mECLYPSE[0m | [1m[1m[35mSimulation[0m[1m[0m - [37mSimulation step | step=42[0m
[95m(outer_1 pid=601541)[0m 17:08:53.011 | [32m[1mSUCCESS[0m | [1m[32m[1mEndService[0m[1m[0m - [32m[1mPrediction on image 3006 is correct.[0m
[95m(outer_1 pid=601541)[0m 17:08:53.449 | [31m[1mERROR[0m | [1m[31m[1mEndService[0m[1m[0m - [31m[1mPrediction on image 2344 is incorrect.[0m
[35m(RemoteSimulator pid=601542)[0m 17:08:53.684 | [1m[35mECLYPSE[0m | [1m[1m[35mPlacementManager[0m[1m[0m - [37mPlacement established | app=ImagePrediction | mapping={'EndService': 'outer_1', 'PredictorService': 'outer_2', 'TrainerService': 'outer_4'}[0m
[35m(RemoteSimulator pid=601542)[0m 17:08:53.684 | [1m[35mECLYPSE[0m | [1m[1m[35mSimulation[0m[1m[0m - [37mSimulation step | step=43[0m
[95m(outer_1 pid=601541)[0m 17:08:53.887 | [31m[1mERROR[0m | [1m[31m[1mEndService[0m[1m[0m - [31m[1mPrediction on image 7737 is incorrect.[0m
[95m(outer_1 pid=601541)[0m 17:08:54.301 | [31m[1mERROR[0m | [1m[31m[1mEndService[0m[1m[0m - [31m[1mPrediction on image 638 is incorrect.[0m
[95m(outer_1 pid=601541)[0m 17:08:54.739 | [31m[1mERROR[0m | [1m[31m[1mEndService[0m[1m[0m - [31m[1mPrediction on image 9939 is incorrect.[0m
[35m(RemoteSimulator pid=601542)[0m 17:08:54.685 | [1m[35mECLYPSE[0m | [1m[1m[35mPlacementManager[0m[1m[0m - [37mPlacement established | app=ImagePrediction | mapping={'EndService': 'outer_1', 'PredictorService': 'outer_2', 'TrainerService': 'outer_4'}[0m
[35m(RemoteSimulator pid=601542)[0m 17:08:54.685 | [1m[35mECLYPSE[0m | [1m[1m[35mSimulation[0m[1m[0m - [37mSimulation step | step=44[0m
[95m(outer_1 pid=601541)[0m 17:08:55.160 | [31m[1mERROR[0m | [1m[31m[1mEndService[0m[1m[0m - [31m[1mPrediction on image 4602 is incorrect.[0m
[95m(outer_1 pid=601541)[0m 17:08:55.582 | [31m[1mERROR[0m | [1m[31m[1mEndService[0m[1m[0m - [31m[1mPrediction on image 2197 is incorrect.[0m
[35m(RemoteSimulator pid=601542)[0m 17:08:55.686 | [1m[35mECLYPSE[0m | [1m[1m[35mPlacementManager[0m[1m[0m - [37mPlacement established | app=ImagePrediction | mapping={'EndService': 'outer_1', 'PredictorService': 'outer_2', 'TrainerService': 'outer_4'}[0m
[35m(RemoteSimulator pid=601542)[0m 17:08:55.687 | [1m[35mECLYPSE[0m | [1m[1m[35mSimulation[0m[1m[0m - [37mSimulation step | step=45[0m
[95m(outer_1 pid=601541)[0m 17:08:56.005 | [31m[1mERROR[0m | [1m[31m[1mEndService[0m[1m[0m - [31m[1mPrediction on image 1480 is incorrect.[0m
[95m(outer_1 pid=601541)[0m 17:08:56.428 | [31m[1mERROR[0m | [1m[31m[1mEndService[0m[1m[0m - [31m[1mPrediction on image 587 is incorrect.[0m
[35m(RemoteSimulator pid=601542)[0m 17:08:56.687 | [1m[35mECLYPSE[0m | [1m[1m[35mPlacementManager[0m[1m[0m - [37mPlacement established | app=ImagePrediction | mapping={'EndService': 'outer_1', 'PredictorService': 'outer_2', 'TrainerService': 'outer_4'}[0m
[35m(RemoteSimulator pid=601542)[0m 17:08:56.688 | [1m[35mECLYPSE[0m | [1m[1m[35mSimulation[0m[1m[0m - [37mSimulation step | step=46[0m
[95m(outer_1 pid=601541)[0m 17:08:56.865 | [31m[1mERROR[0m | [1m[31m[1mEndService[0m[1m[0m - [31m[1mPrediction on image 4597 is incorrect.[0m
[95m(outer_1 pid=601541)[0m 17:08:57.320 | [31m[1mERROR[0m | [1m[31m[1mEndService[0m[1m[0m - [31m[1mPrediction on image 9339 is incorrect.[0m
[95m(outer_1 pid=601541)[0m 17:08:57.733 | [31m[1mERROR[0m | [1m[31m[1mEndService[0m[1m[0m - [31m[1mPrediction on image 8727 is incorrect.[0m
[35m(RemoteSimulator pid=601542)[0m 17:08:57.689 | [1m[35mECLYPSE[0m | [1m[1m[35mPlacementManager[0m[1m[0m - [37mPlacement established | app=ImagePrediction | mapping={'EndService': 'outer_1', 'PredictorService': 'outer_2', 'TrainerService': 'outer_4'}[0m
[35m(RemoteSimulator pid=601542)[0m 17:08:57.689 | [1m[35mECLYPSE[0m | [1m[1m[35mSimulation[0m[1m[0m - [37mSimulation step | step=47[0m
[95m(outer_1 pid=601541)[0m 17:08:58.151 | [31m[1mERROR[0m | [1m[31m[1mEndService[0m[1m[0m - [31m[1mPrediction on image 9360 is incorrect.[0m
[95m(outer_1 pid=601541)[0m 17:08:58.595 | [31m[1mERROR[0m | [1m[31m[1mEndService[0m[1m[0m - [31m[1mPrediction on image 9264 is incorrect.[0m
[35m(RemoteSimulator pid=601542)[0m 17:08:58.690 | [1m[35mECLYPSE[0m | [1m[1m[35mPlacementManager[0m[1m[0m - [37mPlacement established | app=ImagePrediction | mapping={'EndService': 'outer_1', 'PredictorService': 'outer_2', 'TrainerService': 'outer_4'}[0m
[35m(RemoteSimulator pid=601542)[0m 17:08:58.690 | [1m[35mECLYPSE[0m | [1m[1m[35mSimulation[0m[1m[0m - [37mSimulation step | step=48[0m
[95m(outer_1 pid=601541)[0m 17:08:59.012 | [32m[1mSUCCESS[0m | [1m[32m[1mEndService[0m[1m[0m - [32m[1mPrediction on image 8409 is correct.[0m
[95m(outer_1 pid=601541)[0m 17:08:59.451 | [31m[1mERROR[0m | [1m[31m[1mEndService[0m[1m[0m - [31m[1mPrediction on image 3741 is incorrect.[0m
[35m(RemoteSimulator pid=601542)[0m 17:08:59.692 | [1m[35mECLYPSE[0m | [1m[1m[35mPlacementManager[0m[1m[0m - [37mPlacement established | app=ImagePrediction | mapping={'EndService': 'outer_1', 'PredictorService': 'outer_2', 'TrainerService': 'outer_4'}[0m
[35m(RemoteSimulator pid=601542)[0m 17:08:59.692 | [1m[35mECLYPSE[0m | [1m[1m[35mSimulation[0m[1m[0m - [37mSimulation step | step=49[0m
[95m(outer_1 pid=601541)[0m 17:08:59.883 | [31m[1mERROR[0m | [1m[31m[1mEndService[0m[1m[0m - [31m[1mPrediction on image 8650 is incorrect.[0m
[95m(outer_1 pid=601541)[0m 17:09:00.299 | [31m[1mERROR[0m | [1m[31m[1mEndService[0m[1m[0m - [31m[1mPrediction on image 1497 is incorrect.[0m
[95m(outer_1 pid=601541)[0m 17:09:00.722 | [31m[1mERROR[0m | [1m[31m[1mEndService[0m[1m[0m - [31m[1mPrediction on image 5054 is incorrect.[0m
[35m(RemoteSimulator pid=601542)[0m 17:09:00.693 | [1m[35mECLYPSE[0m | [1m[1m[35mPlacementManager[0m[1m[0m - [37mPlacement established | app=ImagePrediction | mapping={'EndService': 'outer_1', 'PredictorService': 'outer_2', 'TrainerService': 'outer_4'}[0m
[35m(RemoteSimulator pid=601542)[0m 17:09:00.694 | [1m[35mECLYPSE[0m | [1m[1m[35mSimulation[0m[1m[0m - [37mSimulation step | step=50[0m
[95m(outer_1 pid=601541)[0m 17:09:01.131 | [31m[1mERROR[0m | [1m[31m[1mEndService[0m[1m[0m - [31m[1mPrediction on image 817 is incorrect.[0m
[95m(outer_1 pid=601541)[0m 17:09:01.544 | [31m[1mERROR[0m | [1m[31m[1mEndService[0m[1m[0m - [31m[1mPrediction on image 9284 is incorrect.[0m
[35m(RemoteSimulator pid=601542)[0m 17:09:01.694 | [1m[35mECLYPSE[0m | [1m[1m[35mPlacementManager[0m[1m[0m - [37mPlacement established | app=ImagePrediction | mapping={'EndService': 'outer_1', 'PredictorService': 'outer_2', 'TrainerService': 'outer_4'}[0m
[35m(RemoteSimulator pid=601542)[0m 17:09:01.695 | [1m[35mECLYPSE[0m | [1m[1m[35mSimulation[0m[1m[0m - [37mSimulation step | step=51[0m
[95m(outer_1 pid=601541)[0m 17:09:01.988 | [31m[1mERROR[0m | [1m[31m[1mEndService[0m[1m[0m - [31m[1mPrediction on image 9722 is incorrect.[0m
[95m(outer_1 pid=601541)[0m 17:09:02.442 | [31m[1mERROR[0m | [1m[31m[1mEndService[0m[1m[0m - [31m[1mPrediction on image 3703 is incorrect.[0m
[35m(RemoteSimulator pid=601542)[0m 17:09:02.696 | [1m[35mECLYPSE[0m | [1m[1m[35mPlacementManager[0m[1m[0m - [37mPlacement established | app=ImagePrediction | mapping={'EndService': 'outer_1', 'PredictorService': 'outer_2', 'TrainerService': 'outer_4'}[0m
[35m(RemoteSimulator pid=601542)[0m 17:09:02.696 | [1m[35mECLYPSE[0m | [1m[1m[35mSimulation[0m[1m[0m - [37mSimulation step | step=52[0m
[95m(outer_1 pid=601541)[0m 17:09:02.859 | [31m[1mERROR[0m | [1m[31m[1mEndService[0m[1m[0m - [31m[1mPrediction on image 8333 is incorrect.[0m
[95m(outer_1 pid=601541)[0m 17:09:03.276 | [31m[1mERROR[0m | [1m[31m[1mEndService[0m[1m[0m - [31m[1mPrediction on image 5900 is incorrect.[0m
[95m(outer_1 pid=601541)[0m 17:09:03.694 | [31m[1mERROR[0m | [1m[31m[1mEndService[0m[1m[0m - [31m[1mPrediction on image 2001 is incorrect.[0m
[35m(RemoteSimulator pid=601542)[0m 17:09:03.697 | [1m[35mECLYPSE[0m | [1m[1m[35mPlacementManager[0m[1m[0m - [37mPlacement established | app=ImagePrediction | mapping={'EndService': 'outer_1', 'PredictorService': 'outer_2', 'TrainerService': 'outer_4'}[0m
[35m(RemoteSimulator pid=601542)[0m 17:09:03.697 | [1m[35mECLYPSE[0m | [1m[1m[35mSimulation[0m[1m[0m - [37mSimulation step | step=53[0m
[95m(outer_1 pid=601541)[0m 17:09:04.112 | [31m[1mERROR[0m | [1m[31m[1mEndService[0m[1m[0m - [31m[1mPrediction on image 8565 is incorrect.[0m
[95m(outer_1 pid=601541)[0m 17:09:04.542 | [31m[1mERROR[0m | [1m[31m[1mEndService[0m[1m[0m - [31m[1mPrediction on image 2354 is incorrect.[0m
[35m(RemoteSimulator pid=601542)[0m 17:09:04.698 | [1m[35mECLYPSE[0m | [1m[1m[35mPlacementManager[0m[1m[0m - [37mPlacement established | app=ImagePrediction | mapping={'EndService': 'outer_1', 'PredictorService': 'outer_2', 'TrainerService': 'outer_4'}[0m
[35m(RemoteSimulator pid=601542)[0m 17:09:04.699 | [1m[35mECLYPSE[0m | [1m[1m[35mSimulation[0m[1m[0m - [37mSimulation step | step=54[0m
[95m(outer_1 pid=601541)[0m 17:09:04.982 | [31m[1mERROR[0m | [1m[31m[1mEndService[0m[1m[0m - [31m[1mPrediction on image 1153 is incorrect.[0m
[95m(outer_1 pid=601541)[0m 17:09:05.404 | [31m[1mERROR[0m | [1m[31m[1mEndService[0m[1m[0m - [31m[1mPrediction on image 6719 is incorrect.[0m
[35m(RemoteSimulator pid=601542)[0m 17:09:05.700 | [1m[35mECLYPSE[0m | [1m[1m[35mPlacementManager[0m[1m[0m - [37mPlacement established | app=ImagePrediction | mapping={'EndService': 'outer_1', 'PredictorService': 'outer_2', 'TrainerService': 'outer_4'}[0m
[35m(RemoteSimulator pid=601542)[0m 17:09:05.700 | [1m[35mECLYPSE[0m | [1m[1m[35mSimulation[0m[1m[0m - [37mSimulation step | step=55[0m
[95m(outer_1 pid=601541)[0m 17:09:05.834 | [31m[1mERROR[0m | [1m[31m[1mEndService[0m[1m[0m - [31m[1mPrediction on image 405 is incorrect.[0m
[95m(outer_1 pid=601541)[0m 17:09:06.263 | [31m[1mERROR[0m | [1m[31m[1mEndService[0m[1m[0m - [31m[1mPrediction on image 9233 is incorrect.[0m
[95m(outer_1 pid=601541)[0m 17:09:06.695 | [31m[1mERROR[0m | [1m[31m[1mEndService[0m[1m[0m - [31m[1mPrediction on image 652 is incorrect.[0m
[35m(RemoteSimulator pid=601542)[0m 17:09:06.702 | [1m[35mECLYPSE[0m | [1m[1m[35mPlacementManager[0m[1m[0m - [37mPlacement established | app=ImagePrediction | mapping={'EndService': 'outer_1', 'PredictorService': 'outer_2', 'TrainerService': 'outer_4'}[0m
[35m(RemoteSimulator pid=601542)[0m 17:09:06.704 | [1m[35mECLYPSE[0m | [1m[1m[35mSimulation[0m[1m[0m - [37mSimulation step | step=56[0m
[95m(outer_1 pid=601541)[0m 17:09:07.118 | [31m[1mERROR[0m | [1m[31m[1mEndService[0m[1m[0m - [31m[1mPrediction on image 7261 is incorrect.[0m
[95m(outer_1 pid=601541)[0m 17:09:07.564 | [31m[1mERROR[0m | [1m[31m[1mEndService[0m[1m[0m - [31m[1mPrediction on image 4196 is incorrect.[0m
[35m(RemoteSimulator pid=601542)[0m 17:09:07.704 | [1m[35mECLYPSE[0m | [1m[1m[35mPlacementManager[0m[1m[0m - [37mPlacement established | app=ImagePrediction | mapping={'EndService': 'outer_1', 'PredictorService': 'outer_2', 'TrainerService': 'outer_4'}[0m
[35m(RemoteSimulator pid=601542)[0m 17:09:07.705 | [1m[35mECLYPSE[0m | [1m[1m[35mSimulation[0m[1m[0m - [37mSimulation step | step=57[0m
[95m(outer_1 pid=601541)[0m 17:09:07.994 | [31m[1mERROR[0m | [1m[31m[1mEndService[0m[1m[0m - [31m[1mPrediction on image 2397 is incorrect.[0m
[95m(outer_1 pid=601541)[0m 17:09:08.412 | [31m[1mERROR[0m | [1m[31m[1mEndService[0m[1m[0m - [31m[1mPrediction on image 5815 is incorrect.[0m
[35m(RemoteSimulator pid=601542)[0m 17:09:08.706 | [1m[35mECLYPSE[0m | [1m[1m[35mPlacementManager[0m[1m[0m - [37mPlacement established | app=ImagePrediction | mapping={'EndService': 'outer_1', 'PredictorService': 'outer_2', 'TrainerService': 'outer_4'}[0m
[35m(RemoteSimulator pid=601542)[0m 17:09:08.706 | [1m[35mECLYPSE[0m | [1m[1m[35mSimulation[0m[1m[0m - [37mSimulation step | step=58[0m
[95m(outer_1 pid=601541)[0m 17:09:08.839 | [31m[1mERROR[0m | [1m[31m[1mEndService[0m[1m[0m - [31m[1mPrediction on image 9066 is incorrect.[0m
[95m(outer_1 pid=601541)[0m 17:09:09.277 | [31m[1mERROR[0m | [1m[31m[1mEndService[0m[1m[0m - [31m[1mPrediction on image 1548 is incorrect.[0m
[95m(outer_1 pid=601541)[0m 17:09:09.704 | [31m[1mERROR[0m | [1m[31m[1mEndService[0m[1m[0m - [31m[1mPrediction on image 5779 is incorrect.[0m
[35m(RemoteSimulator pid=601542)[0m 17:09:09.707 | [1m[35mECLYPSE[0m | [1m[1m[35mPlacementManager[0m[1m[0m - [37mPlacement established | app=ImagePrediction | mapping={'EndService': 'outer_1', 'PredictorService': 'outer_2', 'TrainerService': 'outer_4'}[0m
[35m(RemoteSimulator pid=601542)[0m 17:09:09.708 | [1m[35mECLYPSE[0m | [1m[1m[35mSimulation[0m[1m[0m - [37mSimulation step | step=59[0m
[95m(outer_1 pid=601541)[0m 17:09:10.126 | [31m[1mERROR[0m | [1m[31m[1mEndService[0m[1m[0m - [31m[1mPrediction on image 3092 is incorrect.[0m
[95m(outer_1 pid=601541)[0m 17:09:10.554 | [31m[1mERROR[0m | [1m[31m[1mEndService[0m[1m[0m - [31m[1mPrediction on image 5236 is incorrect.[0m
[35m(RemoteSimulator pid=601542)[0m 17:09:10.709 | [1m[35mECLYPSE[0m | [1m[1m[35mPlacementManager[0m[1m[0m - [37mPlacement established | app=ImagePrediction | mapping={'EndService': 'outer_1', 'PredictorService': 'outer_2', 'TrainerService': 'outer_4'}[0m
[35m(RemoteSimulator pid=601542)[0m 17:09:10.709 | [1m[35mECLYPSE[0m | [1m[1m[35mSimulation[0m[1m[0m - [37mSimulation step | step=60[0m
[95m(outer_1 pid=601541)[0m 17:09:10.980 | [31m[1mERROR[0m | [1m[31m[1mEndService[0m[1m[0m - [31m[1mPrediction on image 5532 is incorrect.[0m
[95m(outer_1 pid=601541)[0m 17:09:11.395 | [31m[1mERROR[0m | [1m[31m[1mEndService[0m[1m[0m - [31m[1mPrediction on image 9115 is incorrect.[0m
[35m(RemoteSimulator pid=601542)[0m 17:09:11.710 | [1m[35mECLYPSE[0m | [1m[1m[35mPlacementManager[0m[1m[0m - [37mPlacement established | app=ImagePrediction | mapping={'EndService': 'outer_1', 'PredictorService': 'outer_2', 'TrainerService': 'outer_4'}[0m
[35m(RemoteSimulator pid=601542)[0m 17:09:11.710 | [1m[35mECLYPSE[0m | [1m[1m[35mSimulation[0m[1m[0m - [37mSimulation step | step=61[0m
[95m(outer_1 pid=601541)[0m 17:09:11.834 | [31m[1mERROR[0m | [1m[31m[1mEndService[0m[1m[0m - [31m[1mPrediction on image 2240 is incorrect.[0m
[95m(outer_1 pid=601541)[0m 17:09:12.249 | [31m[1mERROR[0m | [1m[31m[1mEndService[0m[1m[0m - [31m[1mPrediction on image 8709 is incorrect.[0m
[95m(outer_1 pid=601541)[0m 17:09:12.691 | [31m[1mERROR[0m | [1m[31m[1mEndService[0m[1m[0m - [31m[1mPrediction on image 5140 is incorrect.[0m
[35m(RemoteSimulator pid=601542)[0m 17:09:12.711 | [1m[35mECLYPSE[0m | [1m[1m[35mPlacementManager[0m[1m[0m - [37mPlacement established | app=ImagePrediction | mapping={'EndService': 'outer_1', 'PredictorService': 'outer_2', 'TrainerService': 'outer_4'}[0m
[35m(RemoteSimulator pid=601542)[0m 17:09:12.712 | [1m[35mECLYPSE[0m | [1m[1m[35mSimulation[0m[1m[0m - [37mSimulation step | step=62[0m
[95m(outer_1 pid=601541)[0m 17:09:13.106 | [31m[1mERROR[0m | [1m[31m[1mEndService[0m[1m[0m - [31m[1mPrediction on image 8156 is incorrect.[0m
[95m(outer_1 pid=601541)[0m 17:09:13.546 | [31m[1mERROR[0m | [1m[31m[1mEndService[0m[1m[0m - [31m[1mPrediction on image 6474 is incorrect.[0m
[35m(RemoteSimulator pid=601542)[0m 17:09:13.712 | [1m[35mECLYPSE[0m | [1m[1m[35mPlacementManager[0m[1m[0m - [37mPlacement established | app=ImagePrediction | mapping={'EndService': 'outer_1', 'PredictorService': 'outer_2', 'TrainerService': 'outer_4'}[0m
[35m(RemoteSimulator pid=601542)[0m 17:09:13.713 | [1m[35mECLYPSE[0m | [1m[1m[35mSimulation[0m[1m[0m - [37mSimulation step | step=63[0m
[95m(outer_1 pid=601541)[0m 17:09:13.971 | [31m[1mERROR[0m | [1m[31m[1mEndService[0m[1m[0m - [31m[1mPrediction on image 9045 is incorrect.[0m
[95m(outer_1 pid=601541)[0m 17:09:14.390 | [31m[1mERROR[0m | [1m[31m[1mEndService[0m[1m[0m - [31m[1mPrediction on image 3019 is incorrect.[0m
[35m(RemoteSimulator pid=601542)[0m 17:09:14.714 | [1m[35mECLYPSE[0m | [1m[1m[35mPlacementManager[0m[1m[0m - [37mPlacement established | app=ImagePrediction | mapping={'EndService': 'outer_1', 'PredictorService': 'outer_2', 'TrainerService': 'outer_4'}[0m
[35m(RemoteSimulator pid=601542)[0m 17:09:14.714 | [1m[35mECLYPSE[0m | [1m[1m[35mSimulation[0m[1m[0m - [37mSimulation step | step=64[0m
[95m(outer_1 pid=601541)[0m 17:09:14.829 | [31m[1mERROR[0m | [1m[31m[1mEndService[0m[1m[0m - [31m[1mPrediction on image 3657 is incorrect.[0m
[95m(outer_1 pid=601541)[0m 17:09:15.247 | [31m[1mERROR[0m | [1m[31m[1mEndService[0m[1m[0m - [31m[1mPrediction on image 1052 is incorrect.[0m
[95m(outer_1 pid=601541)[0m 17:09:15.700 | [31m[1mERROR[0m | [1m[31m[1mEndService[0m[1m[0m - [31m[1mPrediction on image 7001 is incorrect.[0m
[35m(RemoteSimulator pid=601542)[0m 17:09:15.715 | [1m[35mECLYPSE[0m | [1m[1m[35mPlacementManager[0m[1m[0m - [37mPlacement established | app=ImagePrediction | mapping={'EndService': 'outer_1', 'PredictorService': 'outer_2', 'TrainerService': 'outer_4'}[0m
[35m(RemoteSimulator pid=601542)[0m 17:09:15.715 | [1m[35mECLYPSE[0m | [1m[1m[35mSimulation[0m[1m[0m - [37mSimulation step | step=65[0m
[95m(outer_1 pid=601541)[0m 17:09:16.128 | [31m[1mERROR[0m | [1m[31m[1mEndService[0m[1m[0m - [31m[1mPrediction on image 2763 is incorrect.[0m
[95m(outer_1 pid=601541)[0m 17:09:16.542 | [31m[1mERROR[0m | [1m[31m[1mEndService[0m[1m[0m - [31m[1mPrediction on image 4220 is incorrect.[0m
[35m(RemoteSimulator pid=601542)[0m 17:09:16.716 | [1m[35mECLYPSE[0m | [1m[1m[35mPlacementManager[0m[1m[0m - [37mPlacement established | app=ImagePrediction | mapping={'EndService': 'outer_1', 'PredictorService': 'outer_2', 'TrainerService': 'outer_4'}[0m
[35m(RemoteSimulator pid=601542)[0m 17:09:16.717 | [1m[35mECLYPSE[0m | [1m[1m[35mSimulation[0m[1m[0m - [37mSimulation step | step=66[0m
[95m(outer_1 pid=601541)[0m 17:09:16.966 | [31m[1mERROR[0m | [1m[31m[1mEndService[0m[1m[0m - [31m[1mPrediction on image 6110 is incorrect.[0m
[95m(outer_1 pid=601541)[0m 17:09:17.383 | [32m[1mSUCCESS[0m | [1m[32m[1mEndService[0m[1m[0m - [32m[1mPrediction on image 8537 is correct.[0m
[35m(RemoteSimulator pid=601542)[0m 17:09:17.718 | [1m[35mECLYPSE[0m | [1m[1m[35mPlacementManager[0m[1m[0m - [37mPlacement established | app=ImagePrediction | mapping={'EndService': 'outer_1', 'PredictorService': 'outer_2', 'TrainerService': 'outer_4'}[0m
[35m(RemoteSimulator pid=601542)[0m 17:09:17.718 | [1m[35mECLYPSE[0m | [1m[1m[35mSimulation[0m[1m[0m - [37mSimulation step | step=67[0m
[95m(outer_1 pid=601541)[0m 17:09:17.811 | [31m[1mERROR[0m | [1m[31m[1mEndService[0m[1m[0m - [31m[1mPrediction on image 5535 is incorrect.[0m
[95m(outer_1 pid=601541)[0m 17:09:18.231 | [31m[1mERROR[0m | [1m[31m[1mEndService[0m[1m[0m - [31m[1mPrediction on image 4593 is incorrect.[0m
[95m(outer_1 pid=601541)[0m 17:09:18.659 | [31m[1mERROR[0m | [1m[31m[1mEndService[0m[1m[0m - [31m[1mPrediction on image 3421 is incorrect.[0m
[35m(RemoteSimulator pid=601542)[0m 17:09:18.719 | [1m[35mECLYPSE[0m | [1m[1m[35mPlacementManager[0m[1m[0m - [37mPlacement established | app=ImagePrediction | mapping={'EndService': 'outer_1', 'PredictorService': 'outer_2', 'TrainerService': 'outer_4'}[0m
[35m(RemoteSimulator pid=601542)[0m 17:09:18.719 | [1m[35mECLYPSE[0m | [1m[1m[35mSimulation[0m[1m[0m - [37mSimulation step | step=68[0m
[95m(outer_1 pid=601541)[0m 17:09:19.082 | [31m[1mERROR[0m | [1m[31m[1mEndService[0m[1m[0m - [31m[1mPrediction on image 8570 is incorrect.[0m
[95m(outer_1 pid=601541)[0m 17:09:19.521 | [31m[1mERROR[0m | [1m[31m[1mEndService[0m[1m[0m - [31m[1mPrediction on image 5526 is incorrect.[0m
[35m(RemoteSimulator pid=601542)[0m 17:09:19.720 | [1m[35mECLYPSE[0m | [1m[1m[35mPlacementManager[0m[1m[0m - [37mPlacement established | app=ImagePrediction | mapping={'EndService': 'outer_1', 'PredictorService': 'outer_2', 'TrainerService': 'outer_4'}[0m
[35m(RemoteSimulator pid=601542)[0m 17:09:19.721 | [1m[35mECLYPSE[0m | [1m[1m[35mSimulation[0m[1m[0m - [37mSimulation step | step=69[0m
[95m(outer_1 pid=601541)[0m 17:09:19.954 | [31m[1mERROR[0m | [1m[31m[1mEndService[0m[1m[0m - [31m[1mPrediction on image 8614 is incorrect.[0m
[95m(outer_1 pid=601541)[0m 17:09:20.369 | [31m[1mERROR[0m | [1m[31m[1mEndService[0m[1m[0m - [31m[1mPrediction on image 9490 is incorrect.[0m
[95m(outer_1 pid=601541)[0m 17:09:20.783 | [32m[1mSUCCESS[0m | [1m[32m[1mEndService[0m[1m[0m - [32m[1mPrediction on image 7483 is correct.[0m
[35m(RemoteSimulator pid=601542)[0m 17:09:20.723 | [1m[35mECLYPSE[0m | [1m[1m[35mPlacementManager[0m[1m[0m - [37mPlacement established | app=ImagePrediction | mapping={'EndService': 'outer_1', 'PredictorService': 'outer_2', 'TrainerService': 'outer_4'}[0m
[35m(RemoteSimulator pid=601542)[0m 17:09:20.723 | [1m[35mECLYPSE[0m | [1m[1m[35mSimulation[0m[1m[0m - [37mSimulation step | step=70[0m
[95m(outer_1 pid=601541)[0m 17:09:21.195 | [31m[1mERROR[0m | [1m[31m[1mEndService[0m[1m[0m - [31m[1mPrediction on image 1190 is incorrect.[0m
[95m(outer_1 pid=601541)[0m 17:09:21.633 | [31m[1mERROR[0m | [1m[31m[1mEndService[0m[1m[0m - [31m[1mPrediction on image 2149 is incorrect.[0m
[35m(RemoteSimulator pid=601542)[0m 17:09:21.724 | [1m[35mECLYPSE[0m | [1m[1m[35mPlacementManager[0m[1m[0m - [37mPlacement established | app=ImagePrediction | mapping={'EndService': 'outer_1', 'PredictorService': 'outer_2', 'TrainerService': 'outer_4'}[0m
[35m(RemoteSimulator pid=601542)[0m 17:09:21.724 | [1m[35mECLYPSE[0m | [1m[1m[35mSimulation[0m[1m[0m - [37mSimulation step | step=71[0m
[95m(outer_1 pid=601541)[0m 17:09:22.047 | [31m[1mERROR[0m | [1m[31m[1mEndService[0m[1m[0m - [31m[1mPrediction on image 6277 is incorrect.[0m
[95m(outer_1 pid=601541)[0m 17:09:22.488 | [32m[1mSUCCESS[0m | [1m[32m[1mEndService[0m[1m[0m - [32m[1mPrediction on image 6571 is correct.[0m
[35m(RemoteSimulator pid=601542)[0m 17:09:22.725 | [1m[35mECLYPSE[0m | [1m[1m[35mPlacementManager[0m[1m[0m - [37mPlacement established | app=ImagePrediction | mapping={'EndService': 'outer_1', 'PredictorService': 'outer_2', 'TrainerService': 'outer_4'}[0m
[35m(RemoteSimulator pid=601542)[0m 17:09:22.726 | [1m[35mECLYPSE[0m | [1m[1m[35mSimulation[0m[1m[0m - [37mSimulation step | step=72[0m
[95m(outer_1 pid=601541)[0m 17:09:22.914 | [31m[1mERROR[0m | [1m[31m[1mEndService[0m[1m[0m - [31m[1mPrediction on image 1668 is incorrect.[0m
[95m(outer_1 pid=601541)[0m 17:09:23.335 | [31m[1mERROR[0m | [1m[31m[1mEndService[0m[1m[0m - [31m[1mPrediction on image 3171 is incorrect.[0m
[35m(RemoteSimulator pid=601542)[0m 17:09:23.727 | [1m[35mECLYPSE[0m | [1m[1m[35mPlacementManager[0m[1m[0m - [37mPlacement established | app=ImagePrediction | mapping={'EndService': 'outer_1', 'PredictorService': 'outer_2', 'TrainerService': 'outer_4'}[0m
[35m(RemoteSimulator pid=601542)[0m 17:09:23.727 | [1m[35mECLYPSE[0m | [1m[1m[35mSimulation[0m[1m[0m - [37mSimulation step | step=73[0m
[95m(outer_1 pid=601541)[0m 17:09:23.770 | [31m[1mERROR[0m | [1m[31m[1mEndService[0m[1m[0m - [31m[1mPrediction on image 9594 is incorrect.[0m
[95m(outer_1 pid=601541)[0m 17:09:24.177 | [31m[1mERROR[0m | [1m[31m[1mEndService[0m[1m[0m - [31m[1mPrediction on image 7332 is incorrect.[0m
[95m(outer_1 pid=601541)[0m 17:09:24.625 | [31m[1mERROR[0m | [1m[31m[1mEndService[0m[1m[0m - [31m[1mPrediction on image 9988 is incorrect.[0m
[35m(RemoteSimulator pid=601542)[0m 17:09:24.728 | [1m[35mECLYPSE[0m | [1m[1m[35mPlacementManager[0m[1m[0m - [37mPlacement established | app=ImagePrediction | mapping={'EndService': 'outer_1', 'PredictorService': 'outer_2', 'TrainerService': 'outer_4'}[0m
[35m(RemoteSimulator pid=601542)[0m 17:09:24.729 | [1m[35mECLYPSE[0m | [1m[1m[35mSimulation[0m[1m[0m - [37mSimulation step | step=74[0m
[95m(outer_1 pid=601541)[0m 17:09:25.041 | [31m[1mERROR[0m | [1m[31m[1mEndService[0m[1m[0m - [31m[1mPrediction on image 4073 is incorrect.[0m
[95m(outer_1 pid=601541)[0m 17:09:25.477 | [31m[1mERROR[0m | [1m[31m[1mEndService[0m[1m[0m - [31m[1mPrediction on image 1382 is incorrect.[0m
[35m(RemoteSimulator pid=601542)[0m 17:09:25.730 | [1m[35mECLYPSE[0m | [1m[1m[35mPlacementManager[0m[1m[0m - [37mPlacement established | app=ImagePrediction | mapping={'EndService': 'outer_1', 'PredictorService': 'outer_2', 'TrainerService': 'outer_4'}[0m
[35m(RemoteSimulator pid=601542)[0m 17:09:25.730 | [1m[35mECLYPSE[0m | [1m[1m[35mSimulation[0m[1m[0m - [37mSimulation step | step=75[0m
[95m(outer_1 pid=601541)[0m 17:09:25.906 | [31m[1mERROR[0m | [1m[31m[1mEndService[0m[1m[0m - [31m[1mPrediction on image 6390 is incorrect.[0m
[95m(outer_1 pid=601541)[0m 17:09:26.339 | [31m[1mERROR[0m | [1m[31m[1mEndService[0m[1m[0m - [31m[1mPrediction on image 9384 is incorrect.[0m
[95m(outer_1 pid=601541)[0m 17:09:26.760 | [31m[1mERROR[0m | [1m[31m[1mEndService[0m[1m[0m - [31m[1mPrediction on image 2436 is incorrect.[0m
[35m(RemoteSimulator pid=601542)[0m 17:09:26.731 | [1m[35mECLYPSE[0m | [1m[1m[35mPlacementManager[0m[1m[0m - [37mPlacement established | app=ImagePrediction | mapping={'EndService': 'outer_1', 'PredictorService': 'outer_2', 'TrainerService': 'outer_4'}[0m
[35m(RemoteSimulator pid=601542)[0m 17:09:26.732 | [1m[35mECLYPSE[0m | [1m[1m[35mSimulation[0m[1m[0m - [37mSimulation step | step=76[0m
[95m(outer_1 pid=601541)[0m 17:09:27.171 | [31m[1mERROR[0m | [1m[31m[1mEndService[0m[1m[0m - [31m[1mPrediction on image 1181 is incorrect.[0m
[95m(outer_1 pid=601541)[0m 17:09:27.589 | [31m[1mERROR[0m | [1m[31m[1mEndService[0m[1m[0m - [31m[1mPrediction on image 4878 is incorrect.[0m
[35m(RemoteSimulator pid=601542)[0m 17:09:27.732 | [1m[35mECLYPSE[0m | [1m[1m[35mPlacementManager[0m[1m[0m - [37mPlacement established | app=ImagePrediction | mapping={'EndService': 'outer_1', 'PredictorService': 'outer_2', 'TrainerService': 'outer_4'}[0m
[35m(RemoteSimulator pid=601542)[0m 17:09:27.733 | [1m[35mECLYPSE[0m | [1m[1m[35mSimulation[0m[1m[0m - [37mSimulation step | step=77[0m
[95m(outer_1 pid=601541)[0m 17:09:28.028 | [31m[1mERROR[0m | [1m[31m[1mEndService[0m[1m[0m - [31m[1mPrediction on image 583 is incorrect.[0m
[95m(outer_1 pid=601541)[0m 17:09:28.449 | [31m[1mERROR[0m | [1m[31m[1mEndService[0m[1m[0m - [31m[1mPrediction on image 4772 is incorrect.[0m
[35m(RemoteSimulator pid=601542)[0m 17:09:28.734 | [1m[35mECLYPSE[0m | [1m[1m[35mPlacementManager[0m[1m[0m - [37mPlacement established | app=ImagePrediction | mapping={'EndService': 'outer_1', 'PredictorService': 'outer_2', 'TrainerService': 'outer_4'}[0m
[35m(RemoteSimulator pid=601542)[0m 17:09:28.734 | [1m[35mECLYPSE[0m | [1m[1m[35mSimulation[0m[1m[0m - [37mSimulation step | step=78[0m
[95m(outer_1 pid=601541)[0m 17:09:28.873 | [31m[1mERROR[0m | [1m[31m[1mEndService[0m[1m[0m - [31m[1mPrediction on image 194 is incorrect.[0m
[95m(outer_1 pid=601541)[0m 17:09:29.284 | [31m[1mERROR[0m | [1m[31m[1mEndService[0m[1m[0m - [31m[1mPrediction on image 7460 is incorrect.[0m
[95m(outer_1 pid=601541)[0m 17:09:29.699 | [32m[1mSUCCESS[0m | [1m[32m[1mEndService[0m[1m[0m - [32m[1mPrediction on image 3293 is correct.[0m
[35m(RemoteSimulator pid=601542)[0m 17:09:29.735 | [1m[35mECLYPSE[0m | [1m[1m[35mPlacementManager[0m[1m[0m - [37mPlacement established | app=ImagePrediction | mapping={'EndService': 'outer_1', 'PredictorService': 'outer_2', 'TrainerService': 'outer_4'}[0m
[35m(RemoteSimulator pid=601542)[0m 17:09:29.736 | [1m[35mECLYPSE[0m | [1m[1m[35mSimulation[0m[1m[0m - [37mSimulation step | step=79[0m
[95m(outer_1 pid=601541)[0m 17:09:30.123 | [31m[1mERROR[0m | [1m[31m[1mEndService[0m[1m[0m - [31m[1mPrediction on image 1701 is incorrect.[0m
[95m(outer_1 pid=601541)[0m 17:09:30.552 | [31m[1mERROR[0m | [1m[31m[1mEndService[0m[1m[0m - [31m[1mPrediction on image 3128 is incorrect.[0m
[35m(RemoteSimulator pid=601542)[0m 17:09:30.737 | [1m[35mECLYPSE[0m | [1m[1m[35mPlacementManager[0m[1m[0m - [37mPlacement established | app=ImagePrediction | mapping={'EndService': 'outer_1', 'PredictorService': 'outer_2', 'TrainerService': 'outer_4'}[0m
[35m(RemoteSimulator pid=601542)[0m 17:09:30.737 | [1m[35mECLYPSE[0m | [1m[1m[35mSimulation[0m[1m[0m - [37mSimulation step | step=80[0m
[95m(outer_1 pid=601541)[0m 17:09:30.990 | [31m[1mERROR[0m | [1m[31m[1mEndService[0m[1m[0m - [31m[1mPrediction on image 9656 is incorrect.[0m
[95m(outer_1 pid=601541)[0m 17:09:31.425 | [32m[1mSUCCESS[0m | [1m[32m[1mEndService[0m[1m[0m - [32m[1mPrediction on image 726 is correct.[0m
[35m(RemoteSimulator pid=601542)[0m 17:09:31.738 | [1m[35mECLYPSE[0m | [1m[1m[35mPlacementManager[0m[1m[0m - [37mPlacement established | app=ImagePrediction | mapping={'EndService': 'outer_1', 'PredictorService': 'outer_2', 'TrainerService': 'outer_4'}[0m
[35m(RemoteSimulator pid=601542)[0m 17:09:31.738 | [1m[35mECLYPSE[0m | [1m[1m[35mSimulation[0m[1m[0m - [37mSimulation step | step=81[0m
[95m(outer_1 pid=601541)[0m 17:09:31.852 | [31m[1mERROR[0m | [1m[31m[1mEndService[0m[1m[0m - [31m[1mPrediction on image 2539 is incorrect.[0m
[95m(outer_1 pid=601541)[0m 17:09:32.267 | [31m[1mERROR[0m | [1m[31m[1mEndService[0m[1m[0m - [31m[1mPrediction on image 7944 is incorrect.[0m
[95m(outer_1 pid=601541)[0m 17:09:32.706 | [31m[1mERROR[0m | [1m[31m[1mEndService[0m[1m[0m - [31m[1mPrediction on image 6979 is incorrect.[0m
[35m(RemoteSimulator pid=601542)[0m 17:09:32.739 | [1m[35mECLYPSE[0m | [1m[1m[35mPlacementManager[0m[1m[0m - [37mPlacement established | app=ImagePrediction | mapping={'EndService': 'outer_1', 'PredictorService': 'outer_2', 'TrainerService': 'outer_4'}[0m
[35m(RemoteSimulator pid=601542)[0m 17:09:32.740 | [1m[35mECLYPSE[0m | [1m[1m[35mSimulation[0m[1m[0m - [37mSimulation step | step=82[0m
[95m(outer_1 pid=601541)[0m 17:09:33.123 | [31m[1mERROR[0m | [1m[31m[1mEndService[0m[1m[0m - [31m[1mPrediction on image 1541 is incorrect.[0m
[95m(outer_1 pid=601541)[0m 17:09:33.557 | [31m[1mERROR[0m | [1m[31m[1mEndService[0m[1m[0m - [31m[1mPrediction on image 8279 is incorrect.[0m
[35m(RemoteSimulator pid=601542)[0m 17:09:33.741 | [1m[35mECLYPSE[0m | [1m[1m[35mPlacementManager[0m[1m[0m - [37mPlacement established | app=ImagePrediction | mapping={'EndService': 'outer_1', 'PredictorService': 'outer_2', 'TrainerService': 'outer_4'}[0m
[35m(RemoteSimulator pid=601542)[0m 17:09:33.741 | [1m[35mECLYPSE[0m | [1m[1m[35mSimulation[0m[1m[0m - [37mSimulation step | step=83[0m
[95m(outer_1 pid=601541)[0m 17:09:33.987 | [32m[1mSUCCESS[0m | [1m[32m[1mEndService[0m[1m[0m - [32m[1mPrediction on image 6247 is correct.[0m
[95m(outer_1 pid=601541)[0m 17:09:34.430 | [31m[1mERROR[0m | [1m[31m[1mEndService[0m[1m[0m - [31m[1mPrediction on image 3768 is incorrect.[0m
[35m(RemoteSimulator pid=601542)[0m 17:09:34.742 | [1m[35mECLYPSE[0m | [1m[1m[35mPlacementManager[0m[1m[0m - [37mPlacement established | app=ImagePrediction | mapping={'EndService': 'outer_1', 'PredictorService': 'outer_2', 'TrainerService': 'outer_4'}[0m
[35m(RemoteSimulator pid=601542)[0m 17:09:34.742 | [1m[35mECLYPSE[0m | [1m[1m[35mSimulation[0m[1m[0m - [37mSimulation step | step=84[0m
[95m(outer_1 pid=601541)[0m 17:09:34.846 | [31m[1mERROR[0m | [1m[31m[1mEndService[0m[1m[0m - [31m[1mPrediction on image 3767 is incorrect.[0m
[95m(outer_1 pid=601541)[0m 17:09:35.262 | [31m[1mERROR[0m | [1m[31m[1mEndService[0m[1m[0m - [31m[1mPrediction on image 9677 is incorrect.[0m
[95m(outer_1 pid=601541)[0m 17:09:35.681 | [31m[1mERROR[0m | [1m[31m[1mEndService[0m[1m[0m - [31m[1mPrediction on image 971 is incorrect.[0m
[35m(RemoteSimulator pid=601542)[0m 17:09:35.743 | [1m[35mECLYPSE[0m | [1m[1m[35mPlacementManager[0m[1m[0m - [37mPlacement established | app=ImagePrediction | mapping={'EndService': 'outer_1', 'PredictorService': 'outer_2', 'TrainerService': 'outer_4'}[0m
[35m(RemoteSimulator pid=601542)[0m 17:09:35.744 | [1m[35mECLYPSE[0m | [1m[1m[35mSimulation[0m[1m[0m - [37mSimulation step | step=85[0m
[95m(outer_1 pid=601541)[0m 17:09:36.111 | [31m[1mERROR[0m | [1m[31m[1mEndService[0m[1m[0m - [31m[1mPrediction on image 6034 is incorrect.[0m
[95m(outer_1 pid=601541)[0m 17:09:36.559 | [31m[1mERROR[0m | [1m[31m[1mEndService[0m[1m[0m - [31m[1mPrediction on image 2853 is incorrect.[0m
[35m(RemoteSimulator pid=601542)[0m 17:09:36.745 | [1m[35mECLYPSE[0m | [1m[1m[35mPlacementManager[0m[1m[0m - [37mPlacement established | app=ImagePrediction | mapping={'EndService': 'outer_1', 'PredictorService': 'outer_2', 'TrainerService': 'outer_4'}[0m
[35m(RemoteSimulator pid=601542)[0m 17:09:36.745 | [1m[35mECLYPSE[0m | [1m[1m[35mSimulation[0m[1m[0m - [37mSimulation step | step=86[0m
[95m(outer_1 pid=601541)[0m 17:09:36.991 | [31m[1mERROR[0m | [1m[31m[1mEndService[0m[1m[0m - [31m[1mPrediction on image 5005 is incorrect.[0m
[95m(outer_1 pid=601541)[0m 17:09:37.415 | [31m[1mERROR[0m | [1m[31m[1mEndService[0m[1m[0m - [31m[1mPrediction on image 1300 is incorrect.[0m
[35m(RemoteSimulator pid=601542)[0m 17:09:37.746 | [1m[35mECLYPSE[0m | [1m[1m[35mPlacementManager[0m[1m[0m - [37mPlacement established | app=ImagePrediction | mapping={'EndService': 'outer_1', 'PredictorService': 'outer_2', 'TrainerService': 'outer_4'}[0m
[35m(RemoteSimulator pid=601542)[0m 17:09:37.746 | [1m[35mECLYPSE[0m | [1m[1m[35mSimulation[0m[1m[0m - [37mSimulation step | step=87[0m
[95m(outer_1 pid=601541)[0m 17:09:37.835 | [31m[1mERROR[0m | [1m[31m[1mEndService[0m[1m[0m - [31m[1mPrediction on image 4323 is incorrect.[0m
[95m(outer_1 pid=601541)[0m 17:09:38.250 | [31m[1mERROR[0m | [1m[31m[1mEndService[0m[1m[0m - [31m[1mPrediction on image 8441 is incorrect.[0m
[95m(outer_1 pid=601541)[0m 17:09:38.665 | [31m[1mERROR[0m | [1m[31m[1mEndService[0m[1m[0m - [31m[1mPrediction on image 2537 is incorrect.[0m
[35m(RemoteSimulator pid=601542)[0m 17:09:38.747 | [1m[35mECLYPSE[0m | [1m[1m[35mPlacementManager[0m[1m[0m - [37mPlacement established | app=ImagePrediction | mapping={'EndService': 'outer_1', 'PredictorService': 'outer_2', 'TrainerService': 'outer_4'}[0m
[35m(RemoteSimulator pid=601542)[0m 17:09:38.747 | [1m[35mECLYPSE[0m | [1m[1m[35mSimulation[0m[1m[0m - [37mSimulation step | step=88[0m
[95m(outer_1 pid=601541)[0m 17:09:39.093 | [31m[1mERROR[0m | [1m[31m[1mEndService[0m[1m[0m - [31m[1mPrediction on image 9776 is incorrect.[0m
[95m(outer_1 pid=601541)[0m 17:09:39.519 | [31m[1mERROR[0m | [1m[31m[1mEndService[0m[1m[0m - [31m[1mPrediction on image 3843 is incorrect.[0m
[35m(RemoteSimulator pid=601542)[0m 17:09:39.748 | [1m[35mECLYPSE[0m | [1m[1m[35mPlacementManager[0m[1m[0m - [37mPlacement established | app=ImagePrediction | mapping={'EndService': 'outer_1', 'PredictorService': 'outer_2', 'TrainerService': 'outer_4'}[0m
[35m(RemoteSimulator pid=601542)[0m 17:09:39.748 | [1m[35mECLYPSE[0m | [1m[1m[35mSimulation[0m[1m[0m - [37mSimulation step | step=89[0m
[95m(outer_1 pid=601541)[0m 17:09:39.967 | [31m[1mERROR[0m | [1m[31m[1mEndService[0m[1m[0m - [31m[1mPrediction on image 2389 is incorrect.[0m
[95m(outer_1 pid=601541)[0m 17:09:40.408 | [31m[1mERROR[0m | [1m[31m[1mEndService[0m[1m[0m - [31m[1mPrediction on image 3423 is incorrect.[0m
[35m(RemoteSimulator pid=601542)[0m 17:09:40.749 | [1m[35mECLYPSE[0m | [1m[1m[35mPlacementManager[0m[1m[0m - [37mPlacement established | app=ImagePrediction | mapping={'EndService': 'outer_1', 'PredictorService': 'outer_2', 'TrainerService': 'outer_4'}[0m
[35m(RemoteSimulator pid=601542)[0m 17:09:40.750 | [1m[35mECLYPSE[0m | [1m[1m[35mSimulation[0m[1m[0m - [37mSimulation step | step=90[0m
[95m(outer_1 pid=601541)[0m 17:09:40.835 | [31m[1mERROR[0m | [1m[31m[1mEndService[0m[1m[0m - [31m[1mPrediction on image 5057 is incorrect.[0m
[95m(outer_1 pid=601541)[0m 17:09:41.253 | [31m[1mERROR[0m | [1m[31m[1mEndService[0m[1m[0m - [31m[1mPrediction on image 6712 is incorrect.[0m
[95m(outer_1 pid=601541)[0m 17:09:41.667 | [31m[1mERROR[0m | [1m[31m[1mEndService[0m[1m[0m - [31m[1mPrediction on image 3282 is incorrect.[0m
[35m(RemoteSimulator pid=601542)[0m 17:09:41.751 | [1m[35mECLYPSE[0m | [1m[1m[35mPlacementManager[0m[1m[0m - [37mPlacement established | app=ImagePrediction | mapping={'EndService': 'outer_1', 'PredictorService': 'outer_2', 'TrainerService': 'outer_4'}[0m
[35m(RemoteSimulator pid=601542)[0m 17:09:41.751 | [1m[35mECLYPSE[0m | [1m[1m[35mSimulation[0m[1m[0m - [37mSimulation step | step=91[0m
[95m(outer_1 pid=601541)[0m 17:09:42.087 | [31m[1mERROR[0m | [1m[31m[1mEndService[0m[1m[0m - [31m[1mPrediction on image 2027 is incorrect.[0m
[95m(outer_1 pid=601541)[0m 17:09:42.529 | [31m[1mERROR[0m | [1m[31m[1mEndService[0m[1m[0m - [31m[1mPrediction on image 8957 is incorrect.[0m
[35m(RemoteSimulator pid=601542)[0m 17:09:42.752 | [1m[35mECLYPSE[0m | [1m[1m[35mPlacementManager[0m[1m[0m - [37mPlacement established | app=ImagePrediction | mapping={'EndService': 'outer_1', 'PredictorService': 'outer_2', 'TrainerService': 'outer_4'}[0m
[35m(RemoteSimulator pid=601542)[0m 17:09:42.753 | [1m[35mECLYPSE[0m | [1m[1m[35mSimulation[0m[1m[0m - [37mSimulation step | step=92[0m
[95m(outer_1 pid=601541)[0m 17:09:42.956 | [31m[1mERROR[0m | [1m[31m[1mEndService[0m[1m[0m - [31m[1mPrediction on image 95 is incorrect.[0m
[95m(outer_1 pid=601541)[0m 17:09:43.397 | [31m[1mERROR[0m | [1m[31m[1mEndService[0m[1m[0m - [31m[1mPrediction on image 6746 is incorrect.[0m
[35m(RemoteSimulator pid=601542)[0m 17:09:43.753 | [1m[35mECLYPSE[0m | [1m[1m[35mPlacementManager[0m[1m[0m - [37mPlacement established | app=ImagePrediction | mapping={'EndService': 'outer_1', 'PredictorService': 'outer_2', 'TrainerService': 'outer_4'}[0m
[35m(RemoteSimulator pid=601542)[0m 17:09:43.754 | [1m[35mECLYPSE[0m | [1m[1m[35mSimulation[0m[1m[0m - [37mSimulation step | step=93[0m
[95m(outer_1 pid=601541)[0m 17:09:43.829 | [31m[1mERROR[0m | [1m[31m[1mEndService[0m[1m[0m - [31m[1mPrediction on image 4202 is incorrect.[0m
[95m(outer_1 pid=601541)[0m 17:09:44.240 | [31m[1mERROR[0m | [1m[31m[1mEndService[0m[1m[0m - [31m[1mPrediction on image 3717 is incorrect.[0m
[95m(outer_1 pid=601541)[0m 17:09:44.666 | [31m[1mERROR[0m | [1m[31m[1mEndService[0m[1m[0m - [31m[1mPrediction on image 4194 is incorrect.[0m
[35m(RemoteSimulator pid=601542)[0m 17:09:44.755 | [1m[35mECLYPSE[0m | [1m[1m[35mPlacementManager[0m[1m[0m - [37mPlacement established | app=ImagePrediction | mapping={'EndService': 'outer_1', 'PredictorService': 'outer_2', 'TrainerService': 'outer_4'}[0m
[35m(RemoteSimulator pid=601542)[0m 17:09:44.755 | [1m[35mECLYPSE[0m | [1m[1m[35mSimulation[0m[1m[0m - [37mSimulation step | step=94[0m
[95m(outer_1 pid=601541)[0m 17:09:45.081 | [31m[1mERROR[0m | [1m[31m[1mEndService[0m[1m[0m - [31m[1mPrediction on image 346 is incorrect.[0m
[95m(outer_1 pid=601541)[0m 17:09:45.507 | [31m[1mERROR[0m | [1m[31m[1mEndService[0m[1m[0m - [31m[1mPrediction on image 4295 is incorrect.[0m
[35m(RemoteSimulator pid=601542)[0m 17:09:45.756 | [1m[35mECLYPSE[0m | [1m[1m[35mPlacementManager[0m[1m[0m - [37mPlacement established | app=ImagePrediction | mapping={'EndService': 'outer_1', 'PredictorService': 'outer_2', 'TrainerService': 'outer_4'}[0m
[35m(RemoteSimulator pid=601542)[0m 17:09:45.757 | [1m[35mECLYPSE[0m | [1m[1m[35mSimulation[0m[1m[0m - [37mSimulation step | step=95[0m
[95m(outer_1 pid=601541)[0m 17:09:45.931 | [31m[1mERROR[0m | [1m[31m[1mEndService[0m[1m[0m - [31m[1mPrediction on image 3281 is incorrect.[0m
[95m(outer_1 pid=601541)[0m 17:09:46.354 | [31m[1mERROR[0m | [1m[31m[1mEndService[0m[1m[0m - [31m[1mPrediction on image 8518 is incorrect.[0m
[95m(outer_1 pid=601541)[0m 17:09:46.788 | [31m[1mERROR[0m | [1m[31m[1mEndService[0m[1m[0m - [31m[1mPrediction on image 2711 is incorrect.[0m
[35m(RemoteSimulator pid=601542)[0m 17:09:46.758 | [1m[35mECLYPSE[0m | [1m[1m[35mPlacementManager[0m[1m[0m - [37mPlacement established | app=ImagePrediction | mapping={'EndService': 'outer_1', 'PredictorService': 'outer_2', 'TrainerService': 'outer_4'}[0m
[35m(RemoteSimulator pid=601542)[0m 17:09:46.758 | [1m[35mECLYPSE[0m | [1m[1m[35mSimulation[0m[1m[0m - [37mSimulation step | step=96[0m
[95m(outer_1 pid=601541)[0m 17:09:47.203 | [31m[1mERROR[0m | [1m[31m[1mEndService[0m[1m[0m - [31m[1mPrediction on image 8913 is incorrect.[0m
[95m(outer_1 pid=601541)[0m 17:09:47.637 | [32m[1mSUCCESS[0m | [1m[32m[1mEndService[0m[1m[0m - [32m[1mPrediction on image 2662 is correct.[0m
[35m(RemoteSimulator pid=601542)[0m 17:09:47.759 | [1m[35mECLYPSE[0m | [1m[1m[35mPlacementManager[0m[1m[0m - [37mPlacement established | app=ImagePrediction | mapping={'EndService': 'outer_1', 'PredictorService': 'outer_2', 'TrainerService': 'outer_4'}[0m
[35m(RemoteSimulator pid=601542)[0m 17:09:47.760 | [1m[35mECLYPSE[0m | [1m[1m[35mSimulation[0m[1m[0m - [37mSimulation step | step=97[0m
[95m(outer_1 pid=601541)[0m 17:09:48.062 | [31m[1mERROR[0m | [1m[31m[1mEndService[0m[1m[0m - [31m[1mPrediction on image 1056 is incorrect.[0m
[95m(outer_1 pid=601541)[0m 17:09:48.475 | [32m[1mSUCCESS[0m | [1m[32m[1mEndService[0m[1m[0m - [32m[1mPrediction on image 1812 is correct.[0m
[35m(RemoteSimulator pid=601542)[0m 17:09:48.761 | [1m[35mECLYPSE[0m | [1m[1m[35mPlacementManager[0m[1m[0m - [37mPlacement established | app=ImagePrediction | mapping={'EndService': 'outer_1', 'PredictorService': 'outer_2', 'TrainerService': 'outer_4'}[0m
[35m(RemoteSimulator pid=601542)[0m 17:09:48.762 | [1m[35mECLYPSE[0m | [1m[1m[35mSimulation[0m[1m[0m - [37mSimulation step | step=98[0m
[95m(outer_1 pid=601541)[0m 17:09:48.889 | [31m[1mERROR[0m | [1m[31m[1mEndService[0m[1m[0m - [31m[1mPrediction on image 6538 is incorrect.[0m
[95m(outer_1 pid=601541)[0m 17:09:49.345 | [31m[1mERROR[0m | [1m[31m[1mEndService[0m[1m[0m - [31m[1mPrediction on image 7946 is incorrect.[0m
[95m(outer_1 pid=601541)[0m 17:09:49.769 | [32m[1mSUCCESS[0m | [1m[32m[1mEndService[0m[1m[0m - [32m[1mPrediction on image 3716 is correct.[0m
[35m(RemoteSimulator pid=601542)[0m 17:09:49.762 | [1m[35mECLYPSE[0m | [1m[1m[35mPlacementManager[0m[1m[0m - [37mPlacement established | app=ImagePrediction | mapping={'EndService': 'outer_1', 'PredictorService': 'outer_2', 'TrainerService': 'outer_4'}[0m
[35m(RemoteSimulator pid=601542)[0m 17:09:49.763 | [1m[35mECLYPSE[0m | [1m[1m[35mSimulation[0m[1m[0m - [37mSimulation step | step=99[0m
[95m(outer_1 pid=601541)[0m 17:09:50.181 | [31m[1mERROR[0m | [1m[31m[1mEndService[0m[1m[0m - [31m[1mPrediction on image 2245 is incorrect.[0m
[95m(outer_1 pid=601541)[0m 17:09:50.625 | [31m[1mERROR[0m | [1m[31m[1mEndService[0m[1m[0m - [31m[1mPrediction on image 548 is incorrect.[0m
[35m(RemoteSimulator pid=601542)[0m 17:09:50.764 | [1m[35mECLYPSE[0m | [1m[1m[35mPlacementManager[0m[1m[0m - [37mPlacement established | app=ImagePrediction | mapping={'EndService': 'outer_1', 'PredictorService': 'outer_2', 'TrainerService': 'outer_4'}[0m
[35m(RemoteSimulator pid=601542)[0m 17:09:50.764 | [1m[35mECLYPSE[0m | [1m[1m[35mSimulation[0m[1m[0m - [37mSimulation step | step=100[0m
[95m(outer_1 pid=601541)[0m 17:09:51.054 | [31m[1mERROR[0m | [1m[31m[1mEndService[0m[1m[0m - [31m[1mPrediction on image 3962 is incorrect.[0m
[95m(outer_1 pid=601541)[0m 17:09:51.524 | [31m[1mERROR[0m | [1m[31m[1mEndService[0m[1m[0m - [31m[1mPrediction on image 7951 is incorrect.[0m
[35m(RemoteSimulator pid=601542)[0m 17:09:51.765 | [1m[35mECLYPSE[0m | [1m[1m[35mPlacementManager[0m[1m[0m - [37mPlacement established | app=ImagePrediction | mapping={'EndService': 'outer_1', 'PredictorService': 'outer_2', 'TrainerService': 'outer_4'}[0m
[35m(RemoteSimulator pid=601542)[0m 17:09:51.765 | [1m[35mECLYPSE[0m | [1m[1m[35mSimulation[0m[1m[0m - [37mSimulation step | step=101[0m
[95m(outer_1 pid=601541)[0m 17:09:51.942 | [31m[1mERROR[0m | [1m[31m[1mEndService[0m[1m[0m - [31m[1mPrediction on image 157 is incorrect.[0m
[95m(outer_1 pid=601541)[0m 17:09:52.364 | [31m[1mERROR[0m | [1m[31m[1mEndService[0m[1m[0m - [31m[1mPrediction on image 2501 is incorrect.[0m
[35m(RemoteSimulator pid=601542)[0m 17:09:52.766 | [1m[35mECLYPSE[0m | [1m[1m[35mPlacementManager[0m[1m[0m - [37mPlacement established | app=ImagePrediction | mapping={'EndService': 'outer_1', 'PredictorService': 'outer_2', 'TrainerService': 'outer_4'}[0m
[35m(RemoteSimulator pid=601542)[0m 17:09:52.767 | [1m[35mECLYPSE[0m | [1m[1m[35mSimulation[0m[1m[0m - [37mSimulation step | step=102[0m
[95m(outer_1 pid=601541)[0m 17:09:52.825 | [31m[1mERROR[0m | [1m[31m[1mEndService[0m[1m[0m - [31m[1mPrediction on image 3652 is incorrect.[0m
[95m(outer_1 pid=601541)[0m 17:09:53.239 | [31m[1mERROR[0m | [1m[31m[1mEndService[0m[1m[0m - [31m[1mPrediction on image 3643 is incorrect.[0m
[95m(outer_1 pid=601541)[0m 17:09:53.697 | [31m[1mERROR[0m | [1m[31m[1mEndService[0m[1m[0m - [31m[1mPrediction on image 9102 is incorrect.[0m
[35m(RemoteSimulator pid=601542)[0m 17:09:53.767 | [1m[35mECLYPSE[0m | [1m[1m[35mPlacementManager[0m[1m[0m - [37mPlacement established | app=ImagePrediction | mapping={'EndService': 'outer_1', 'PredictorService': 'outer_2', 'TrainerService': 'outer_4'}[0m
[35m(RemoteSimulator pid=601542)[0m 17:09:53.768 | [1m[35mECLYPSE[0m | [1m[1m[35mSimulation[0m[1m[0m - [37mSimulation step | step=103[0m
[95m(outer_1 pid=601541)[0m 17:09:54.114 | [31m[1mERROR[0m | [1m[31m[1mEndService[0m[1m[0m - [31m[1mPrediction on image 9354 is incorrect.[0m
[95m(outer_1 pid=601541)[0m 17:09:54.555 | [31m[1mERROR[0m | [1m[31m[1mEndService[0m[1m[0m - [31m[1mPrediction on image 815 is incorrect.[0m
[35m(RemoteSimulator pid=601542)[0m 17:09:54.769 | [1m[35mECLYPSE[0m | [1m[1m[35mPlacementManager[0m[1m[0m - [37mPlacement established | app=ImagePrediction | mapping={'EndService': 'outer_1', 'PredictorService': 'outer_2', 'TrainerService': 'outer_4'}[0m
[35m(RemoteSimulator pid=601542)[0m 17:09:54.769 | [1m[35mECLYPSE[0m | [1m[1m[35mSimulation[0m[1m[0m - [37mSimulation step | step=104[0m
[95m(outer_1 pid=601541)[0m 17:09:54.996 | [31m[1mERROR[0m | [1m[31m[1mEndService[0m[1m[0m - [31m[1mPrediction on image 5620 is incorrect.[0m
[95m(outer_1 pid=601541)[0m 17:09:55.415 | [31m[1mERROR[0m | [1m[31m[1mEndService[0m[1m[0m - [31m[1mPrediction on image 2886 is incorrect.[0m
[95m(outer_1 pid=601541)[0m 17:09:55.837 | [31m[1mERROR[0m | [1m[31m[1mEndService[0m[1m[0m - [31m[1mPrediction on image 1609 is incorrect.[0m
[35m(RemoteSimulator pid=601542)[0m 17:09:55.770 | [1m[35mECLYPSE[0m | [1m[1m[35mPlacementManager[0m[1m[0m - [37mPlacement established | app=ImagePrediction | mapping={'EndService': 'outer_1', 'PredictorService': 'outer_2', 'TrainerService': 'outer_4'}[0m
[35m(RemoteSimulator pid=601542)[0m 17:09:55.770 | [1m[35mECLYPSE[0m | [1m[1m[35mSimulation[0m[1m[0m - [37mSimulation step | step=105[0m
[95m(outer_1 pid=601541)[0m 17:09:56.253 | [31m[1mERROR[0m | [1m[31m[1mEndService[0m[1m[0m - [31m[1mPrediction on image 2202 is incorrect.[0m
[95m(outer_1 pid=601541)[0m 17:09:56.689 | [32m[1mSUCCESS[0m | [1m[32m[1mEndService[0m[1m[0m - [32m[1mPrediction on image 1255 is correct.[0m
[35m(RemoteSimulator pid=601542)[0m 17:09:56.771 | [1m[35mECLYPSE[0m | [1m[1m[35mPlacementManager[0m[1m[0m - [37mPlacement established | app=ImagePrediction | mapping={'EndService': 'outer_1', 'PredictorService': 'outer_2', 'TrainerService': 'outer_4'}[0m
[35m(RemoteSimulator pid=601542)[0m 17:09:56.772 | [1m[35mECLYPSE[0m | [1m[1m[35mSimulation[0m[1m[0m - [37mSimulation step | step=106[0m
[95m(outer_1 pid=601541)[0m 17:09:57.108 | [31m[1mERROR[0m | [1m[31m[1mEndService[0m[1m[0m - [31m[1mPrediction on image 2056 is incorrect.[0m
[95m(outer_1 pid=601541)[0m 17:09:57.550 | [31m[1mERROR[0m | [1m[31m[1mEndService[0m[1m[0m - [31m[1mPrediction on image 7793 is incorrect.[0m
[35m(RemoteSimulator pid=601542)[0m 17:09:57.773 | [1m[35mECLYPSE[0m | [1m[1m[35mPlacementManager[0m[1m[0m - [37mPlacement established | app=ImagePrediction | mapping={'EndService': 'outer_1', 'PredictorService': 'outer_2', 'TrainerService': 'outer_4'}[0m
[35m(RemoteSimulator pid=601542)[0m 17:09:57.773 | [1m[35mECLYPSE[0m | [1m[1m[35mSimulation[0m[1m[0m - [37mSimulation step | step=107[0m
[95m(outer_1 pid=601541)[0m 17:09:57.976 | [31m[1mERROR[0m | [1m[31m[1mEndService[0m[1m[0m - [31m[1mPrediction on image 5711 is incorrect.[0m
[95m(outer_1 pid=601541)[0m 17:09:58.401 | [31m[1mERROR[0m | [1m[31m[1mEndService[0m[1m[0m - [31m[1mPrediction on image 4639 is incorrect.[0m
[35m(RemoteSimulator pid=601542)[0m 17:09:58.774 | [1m[35mECLYPSE[0m | [1m[1m[35mPlacementManager[0m[1m[0m - [37mPlacement established | app=ImagePrediction | mapping={'EndService': 'outer_1', 'PredictorService': 'outer_2', 'TrainerService': 'outer_4'}[0m
[35m(RemoteSimulator pid=601542)[0m 17:09:58.774 | [1m[35mECLYPSE[0m | [1m[1m[35mSimulation[0m[1m[0m - [37mSimulation step | step=108[0m
[95m(outer_1 pid=601541)[0m 17:09:58.826 | [31m[1mERROR[0m | [1m[31m[1mEndService[0m[1m[0m - [31m[1mPrediction on image 8605 is incorrect.[0m
[95m(outer_1 pid=601541)[0m 17:09:59.242 | [31m[1mERROR[0m | [1m[31m[1mEndService[0m[1m[0m - [31m[1mPrediction on image 3120 is incorrect.[0m
[95m(outer_1 pid=601541)[0m 17:09:59.679 | [31m[1mERROR[0m | [1m[31m[1mEndService[0m[1m[0m - [31m[1mPrediction on image 1987 is incorrect.[0m
[35m(RemoteSimulator pid=601542)[0m 17:09:59.775 | [1m[35mECLYPSE[0m | [1m[1m[35mPlacementManager[0m[1m[0m - [37mPlacement established | app=ImagePrediction | mapping={'EndService': 'outer_1', 'PredictorService': 'outer_2', 'TrainerService': 'outer_4'}[0m
[35m(RemoteSimulator pid=601542)[0m 17:09:59.776 | [1m[35mECLYPSE[0m | [1m[1m[35mSimulation[0m[1m[0m - [37mSimulation step | step=109[0m
[95m(outer_1 pid=601541)[0m 17:10:00.092 | [31m[1mERROR[0m | [1m[31m[1mEndService[0m[1m[0m - [31m[1mPrediction on image 1412 is incorrect.[0m
[95m(outer_1 pid=601541)[0m 17:10:00.506 | [31m[1mERROR[0m | [1m[31m[1mEndService[0m[1m[0m - [31m[1mPrediction on image 4201 is incorrect.[0m
[35m(RemoteSimulator pid=601542)[0m 17:10:00.777 | [1m[35mECLYPSE[0m | [1m[1m[35mPlacementManager[0m[1m[0m - [37mPlacement established | app=ImagePrediction | mapping={'EndService': 'outer_1', 'PredictorService': 'outer_2', 'TrainerService': 'outer_4'}[0m
[35m(RemoteSimulator pid=601542)[0m 17:10:00.778 | [1m[35mECLYPSE[0m | [1m[1m[35mSimulation[0m[1m[0m - [37mSimulation step | step=110[0m
[95m(outer_1 pid=601541)[0m 17:10:00.928 | [31m[1mERROR[0m | [1m[31m[1mEndService[0m[1m[0m - [31m[1mPrediction on image 9511 is incorrect.[0m
[95m(outer_1 pid=601541)[0m 17:10:01.350 | [31m[1mERROR[0m | [1m[31m[1mEndService[0m[1m[0m - [31m[1mPrediction on image 5986 is incorrect.[0m
[95m(outer_1 pid=601541)[0m 17:10:01.764 | [31m[1mERROR[0m | [1m[31m[1mEndService[0m[1m[0m - [31m[1mPrediction on image 9545 is incorrect.[0m
[35m(RemoteSimulator pid=601542)[0m 17:10:01.778 | [1m[35mECLYPSE[0m | [1m[1m[35mPlacementManager[0m[1m[0m - [37mPlacement established | app=ImagePrediction | mapping={'EndService': 'outer_1', 'PredictorService': 'outer_2', 'TrainerService': 'outer_4'}[0m
[35m(RemoteSimulator pid=601542)[0m 17:10:01.779 | [1m[35mECLYPSE[0m | [1m[1m[35mSimulation[0m[1m[0m - [37mSimulation step | step=111[0m
[95m(outer_1 pid=601541)[0m 17:10:02.184 | [31m[1mERROR[0m | [1m[31m[1mEndService[0m[1m[0m - [31m[1mPrediction on image 9593 is incorrect.[0m
[95m(outer_1 pid=601541)[0m 17:10:02.625 | [31m[1mERROR[0m | [1m[31m[1mEndService[0m[1m[0m - [31m[1mPrediction on image 8067 is incorrect.[0m
[35m(RemoteSimulator pid=601542)[0m 17:10:02.780 | [1m[35mECLYPSE[0m | [1m[1m[35mPlacementManager[0m[1m[0m - [37mPlacement established | app=ImagePrediction | mapping={'EndService': 'outer_1', 'PredictorService': 'outer_2', 'TrainerService': 'outer_4'}[0m
[35m(RemoteSimulator pid=601542)[0m 17:10:02.780 | [1m[35mECLYPSE[0m | [1m[1m[35mSimulation[0m[1m[0m - [37mSimulation step | step=112[0m
[95m(outer_1 pid=601541)[0m 17:10:03.045 | [31m[1mERROR[0m | [1m[31m[1mEndService[0m[1m[0m - [31m[1mPrediction on image 6538 is incorrect.[0m
[94m(outer_2 pid=601540)[0m 17:10:03.414 | [33m[1mWARNING[0m | [1m[33m[1mPredictorService[0m[1m[0m - [33m[1mModel updated.[0m
[95m(outer_1 pid=601541)[0m 17:10:03.504 | [32m[1mSUCCESS[0m | [1m[32m[1mEndService[0m[1m[0m - [32m[1mPrediction on image 9212 is correct.[0m
[95m(outer_1 pid=601541)[0m 17:10:03.692 | [31m[1mERROR[0m | [1m[31m[1mEndService[0m[1m[0m - [31m[1mPrediction on image 1194 is incorrect.[0m
[35m(RemoteSimulator pid=601542)[0m 17:10:03.781 | [1m[35mECLYPSE[0m | [1m[1m[35mPlacementManager[0m[1m[0m - [37mPlacement established | app=ImagePrediction | mapping={'EndService': 'outer_1', 'PredictorService': 'outer_2', 'TrainerService': 'outer_4'}[0m
[35m(RemoteSimulator pid=601542)[0m 17:10:03.782 | [1m[35mECLYPSE[0m | [1m[1m[35mSimulation[0m[1m[0m - [37mSimulation step | step=113[0m
[95m(outer_1 pid=601541)[0m 17:10:03.877 | [31m[1mERROR[0m | [1m[31m[1mEndService[0m[1m[0m - [31m[1mPrediction on image 9355 is incorrect.[0m
[95m(outer_1 pid=601541)[0m 17:10:04.066 | [32m[1mSUCCESS[0m | [1m[32m[1mEndService[0m[1m[0m - [32m[1mPrediction on image 6444 is correct.[0m
[95m(outer_1 pid=601541)[0m 17:10:04.253 | [31m[1mERROR[0m | [1m[31m[1mEndService[0m[1m[0m - [31m[1mPrediction on image 2433 is incorrect.[0m
[95m(outer_1 pid=601541)[0m 17:10:04.437 | [31m[1mERROR[0m | [1m[31m[1mEndService[0m[1m[0m - [31m[1mPrediction on image 5689 is incorrect.[0m
[95m(outer_1 pid=601541)[0m 17:10:04.634 | [31m[1mERROR[0m | [1m[31m[1mEndService[0m[1m[0m - [31m[1mPrediction on image 9641 is incorrect.[0m
[95m(outer_1 pid=601541)[0m 17:10:04.826 | [31m[1mERROR[0m | [1m[31m[1mEndService[0m[1m[0m - [31m[1mPrediction on image 9140 is incorrect.[0m
[35m(RemoteSimulator pid=601542)[0m 17:10:04.782 | [1m[35mECLYPSE[0m | [1m[1m[35mPlacementManager[0m[1m[0m - [37mPlacement established | app=ImagePrediction | mapping={'EndService': 'outer_1', 'PredictorService': 'outer_2', 'TrainerService': 'outer_4'}[0m
[35m(RemoteSimulator pid=601542)[0m 17:10:04.783 | [1m[35mECLYPSE[0m | [1m[1m[35mSimulation[0m[1m[0m - [37mSimulation step | step=114[0m
[95m(outer_1 pid=601541)[0m 17:10:05.011 | [32m[1mSUCCESS[0m | [1m[32m[1mEndService[0m[1m[0m - [32m[1mPrediction on image 6442 is correct.[0m
[95m(outer_1 pid=601541)[0m 17:10:05.204 | [32m[1mSUCCESS[0m | [1m[32m[1mEndService[0m[1m[0m - [32m[1mPrediction on image 1216 is correct.[0m
[95m(outer_1 pid=601541)[0m 17:10:05.395 | [31m[1mERROR[0m | [1m[31m[1mEndService[0m[1m[0m - [31m[1mPrediction on image 2624 is incorrect.[0m
[95m(outer_1 pid=601541)[0m 17:10:05.586 | [31m[1mERROR[0m | [1m[31m[1mEndService[0m[1m[0m - [31m[1mPrediction on image 4484 is incorrect.[0m
[95m(outer_1 pid=601541)[0m 17:10:05.795 | [32m[1mSUCCESS[0m | [1m[32m[1mEndService[0m[1m[0m - [32m[1mPrediction on image 5702 is correct.[0m
[35m(RemoteSimulator pid=601542)[0m 17:10:05.784 | [1m[35mECLYPSE[0m | [1m[1m[35mPlacementManager[0m[1m[0m - [37mPlacement established | app=ImagePrediction | mapping={'EndService': 'outer_1', 'PredictorService': 'outer_2', 'TrainerService': 'outer_4'}[0m
[35m(RemoteSimulator pid=601542)[0m 17:10:05.784 | [1m[35mECLYPSE[0m | [1m[1m[35mSimulation[0m[1m[0m - [37mSimulation step | step=115[0m
[95m(outer_1 pid=601541)[0m 17:10:05.985 | [32m[1mSUCCESS[0m | [1m[32m[1mEndService[0m[1m[0m - [32m[1mPrediction on image 6893 is correct.[0m
[95m(outer_1 pid=601541)[0m 17:10:06.170 | [32m[1mSUCCESS[0m | [1m[32m[1mEndService[0m[1m[0m - [32m[1mPrediction on image 3368 is correct.[0m
[95m(outer_1 pid=601541)[0m 17:10:06.370 | [31m[1mERROR[0m | [1m[31m[1mEndService[0m[1m[0m - [31m[1mPrediction on image 6116 is incorrect.[0m
[95m(outer_1 pid=601541)[0m 17:10:06.555 | [31m[1mERROR[0m | [1m[31m[1mEndService[0m[1m[0m - [31m[1mPrediction on image 2854 is incorrect.[0m
[95m(outer_1 pid=601541)[0m 17:10:06.750 | [31m[1mERROR[0m | [1m[31m[1mEndService[0m[1m[0m - [31m[1mPrediction on image 2661 is incorrect.[0m
[35m(RemoteSimulator pid=601542)[0m 17:10:06.785 | [1m[35mECLYPSE[0m | [1m[1m[35mPlacementManager[0m[1m[0m - [37mPlacement established | app=ImagePrediction | mapping={'EndService': 'outer_1', 'PredictorService': 'outer_2', 'TrainerService': 'outer_4'}[0m
[35m(RemoteSimulator pid=601542)[0m 17:10:06.785 | [1m[35mECLYPSE[0m | [1m[1m[35mSimulation[0m[1m[0m - [37mSimulation step | step=116[0m
[95m(outer_1 pid=601541)[0m 17:10:06.936 | [32m[1mSUCCESS[0m | [1m[32m[1mEndService[0m[1m[0m - [32m[1mPrediction on image 286 is correct.[0m
[95m(outer_1 pid=601541)[0m 17:10:07.117 | [31m[1mERROR[0m | [1m[31m[1mEndService[0m[1m[0m - [31m[1mPrediction on image 1981 is incorrect.[0m
[95m(outer_1 pid=601541)[0m 17:10:07.301 | [32m[1mSUCCESS[0m | [1m[32m[1mEndService[0m[1m[0m - [32m[1mPrediction on image 7761 is correct.[0m
[95m(outer_1 pid=601541)[0m 17:10:07.493 | [31m[1mERROR[0m | [1m[31m[1mEndService[0m[1m[0m - [31m[1mPrediction on image 5943 is incorrect.[0m
[95m(outer_1 pid=601541)[0m 17:10:07.683 | [31m[1mERROR[0m | [1m[31m[1mEndService[0m[1m[0m - [31m[1mPrediction on image 3262 is incorrect.[0m
[35m(RemoteSimulator pid=601542)[0m 17:10:07.786 | [1m[35mECLYPSE[0m | [1m[1m[35mPlacementManager[0m[1m[0m - [37mPlacement established | app=ImagePrediction | mapping={'EndService': 'outer_1', 'PredictorService': 'outer_2', 'TrainerService': 'outer_4'}[0m
[35m(RemoteSimulator pid=601542)[0m 17:10:07.787 | [1m[35mECLYPSE[0m | [1m[1m[35mSimulation[0m[1m[0m - [37mSimulation step | step=117[0m
[95m(outer_1 pid=601541)[0m 17:10:07.873 | [31m[1mERROR[0m | [1m[31m[1mEndService[0m[1m[0m - [31m[1mPrediction on image 5099 is incorrect.[0m
[95m(outer_1 pid=601541)[0m 17:10:08.058 | [31m[1mERROR[0m | [1m[31m[1mEndService[0m[1m[0m - [31m[1mPrediction on image 7584 is incorrect.[0m
[95m(outer_1 pid=601541)[0m 17:10:08.253 | [31m[1mERROR[0m | [1m[31m[1mEndService[0m[1m[0m - [31m[1mPrediction on image 8663 is incorrect.[0m
[95m(outer_1 pid=601541)[0m 17:10:08.449 | [31m[1mERROR[0m | [1m[31m[1mEndService[0m[1m[0m - [31m[1mPrediction on image 2780 is incorrect.[0m
[95m(outer_1 pid=601541)[0m 17:10:08.635 | [31m[1mERROR[0m | [1m[31m[1mEndService[0m[1m[0m - [31m[1mPrediction on image 3981 is incorrect.[0m
[35m(RemoteSimulator pid=601542)[0m 17:10:08.787 | [1m[35mECLYPSE[0m | [1m[1m[35mPlacementManager[0m[1m[0m - [37mPlacement established | app=ImagePrediction | mapping={'EndService': 'outer_1', 'PredictorService': 'outer_2', 'TrainerService': 'outer_4'}[0m
[35m(RemoteSimulator pid=601542)[0m 17:10:08.788 | [1m[35mECLYPSE[0m | [1m[1m[35mSimulation[0m[1m[0m - [37mSimulation step | step=118[0m
[95m(outer_1 pid=601541)[0m 17:10:08.827 | [32m[1mSUCCESS[0m | [1m[32m[1mEndService[0m[1m[0m - [32m[1mPrediction on image 2246 is correct.[0m
[95m(outer_1 pid=601541)[0m 17:10:09.015 | [32m[1mSUCCESS[0m | [1m[32m[1mEndService[0m[1m[0m - [32m[1mPrediction on image 5606 is correct.[0m
[95m(outer_1 pid=601541)[0m 17:10:09.205 | [31m[1mERROR[0m | [1m[31m[1mEndService[0m[1m[0m - [31m[1mPrediction on image 6811 is incorrect.[0m
[95m(outer_1 pid=601541)[0m 17:10:09.630 | [32m[1mSUCCESS[0m | [1m[32m[1mEndService[0m[1m[0m - [32m[1mPrediction on image 9807 is correct.[0m
[35m(RemoteSimulator pid=601542)[0m 17:10:09.789 | [1m[35mECLYPSE[0m | [1m[1m[35mPlacementManager[0m[1m[0m - [37mPlacement established | app=ImagePrediction | mapping={'EndService': 'outer_1', 'PredictorService': 'outer_2', 'TrainerService': 'outer_4'}[0m
[35m(RemoteSimulator pid=601542)[0m 17:10:09.789 | [1m[35mECLYPSE[0m | [1m[1m[35mSimulation[0m[1m[0m - [37mSimulation step | step=119[0m
[95m(outer_1 pid=601541)[0m 17:10:10.070 | [32m[1mSUCCESS[0m | [1m[32m[1mEndService[0m[1m[0m - [32m[1mPrediction on image 1199 is correct.[0m
[95m(outer_1 pid=601541)[0m 17:10:10.491 | [31m[1mERROR[0m | [1m[31m[1mEndService[0m[1m[0m - [31m[1mPrediction on image 3894 is incorrect.[0m
[35m(RemoteSimulator pid=601542)[0m 17:10:10.790 | [1m[35mECLYPSE[0m | [1m[1m[35mPlacementManager[0m[1m[0m - [37mPlacement established | app=ImagePrediction | mapping={'EndService': 'outer_1', 'PredictorService': 'outer_2', 'TrainerService': 'outer_4'}[0m
[35m(RemoteSimulator pid=601542)[0m 17:10:10.791 | [1m[35mECLYPSE[0m | [1m[1m[35mSimulation[0m[1m[0m - [37mSimulation step | step=120[0m
[95m(outer_1 pid=601541)[0m 17:10:10.929 | [31m[1mERROR[0m | [1m[31m[1mEndService[0m[1m[0m - [31m[1mPrediction on image 3008 is incorrect.[0m
[95m(outer_1 pid=601541)[0m 17:10:11.350 | [31m[1mERROR[0m | [1m[31m[1mEndService[0m[1m[0m - [31m[1mPrediction on image 7491 is incorrect.[0m
[95m(outer_1 pid=601541)[0m 17:10:11.776 | [32m[1mSUCCESS[0m | [1m[32m[1mEndService[0m[1m[0m - [32m[1mPrediction on image 6947 is correct.[0m
[35m(RemoteSimulator pid=601542)[0m 17:10:11.792 | [1m[35mECLYPSE[0m | [1m[1m[35mPlacementManager[0m[1m[0m - [37mPlacement established | app=ImagePrediction | mapping={'EndService': 'outer_1', 'PredictorService': 'outer_2', 'TrainerService': 'outer_4'}[0m
[35m(RemoteSimulator pid=601542)[0m 17:10:11.793 | [1m[35mECLYPSE[0m | [1m[1m[35mSimulation[0m[1m[0m - [37mSimulation step | step=121[0m
[95m(outer_1 pid=601541)[0m 17:10:12.206 | [32m[1mSUCCESS[0m | [1m[32m[1mEndService[0m[1m[0m - [32m[1mPrediction on image 1218 is correct.[0m
[95m(outer_1 pid=601541)[0m 17:10:12.646 | [31m[1mERROR[0m | [1m[31m[1mEndService[0m[1m[0m - [31m[1mPrediction on image 9735 is incorrect.[0m
[35m(RemoteSimulator pid=601542)[0m 17:10:12.793 | [1m[35mECLYPSE[0m | [1m[1m[35mPlacementManager[0m[1m[0m - [37mPlacement established | app=ImagePrediction | mapping={'EndService': 'outer_1', 'PredictorService': 'outer_2', 'TrainerService': 'outer_4'}[0m
[35m(RemoteSimulator pid=601542)[0m 17:10:12.794 | [1m[35mECLYPSE[0m | [1m[1m[35mSimulation[0m[1m[0m - [37mSimulation step | step=122[0m
[95m(outer_1 pid=601541)[0m 17:10:13.085 | [31m[1mERROR[0m | [1m[31m[1mEndService[0m[1m[0m - [31m[1mPrediction on image 7055 is incorrect.[0m
[95m(outer_1 pid=601541)[0m 17:10:13.519 | [31m[1mERROR[0m | [1m[31m[1mEndService[0m[1m[0m - [31m[1mPrediction on image 206 is incorrect.[0m
[35m(RemoteSimulator pid=601542)[0m 17:10:13.795 | [1m[35mECLYPSE[0m | [1m[1m[35mPlacementManager[0m[1m[0m - [37mPlacement established | app=ImagePrediction | mapping={'EndService': 'outer_1', 'PredictorService': 'outer_2', 'TrainerService': 'outer_4'}[0m
[35m(RemoteSimulator pid=601542)[0m 17:10:13.796 | [1m[35mECLYPSE[0m | [1m[1m[35mSimulation[0m[1m[0m - [37mSimulation step | step=123[0m
[95m(outer_1 pid=601541)[0m 17:10:13.958 | [31m[1mERROR[0m | [1m[31m[1mEndService[0m[1m[0m - [31m[1mPrediction on image 4893 is incorrect.[0m
[95m(outer_1 pid=601541)[0m 17:10:14.387 | [31m[1mERROR[0m | [1m[31m[1mEndService[0m[1m[0m - [31m[1mPrediction on image 9736 is incorrect.[0m
[95m(outer_1 pid=601541)[0m 17:10:14.805 | [31m[1mERROR[0m | [1m[31m[1mEndService[0m[1m[0m - [31m[1mPrediction on image 8988 is incorrect.[0m
[35m(RemoteSimulator pid=601542)[0m 17:10:14.796 | [1m[35mECLYPSE[0m | [1m[1m[35mPlacementManager[0m[1m[0m - [37mPlacement established | app=ImagePrediction | mapping={'EndService': 'outer_1', 'PredictorService': 'outer_2', 'TrainerService': 'outer_4'}[0m
[35m(RemoteSimulator pid=601542)[0m 17:10:14.797 | [1m[35mECLYPSE[0m | [1m[1m[35mSimulation[0m[1m[0m - [37mSimulation step | step=124[0m
[95m(outer_1 pid=601541)[0m 17:10:15.226 | [32m[1mSUCCESS[0m | [1m[32m[1mEndService[0m[1m[0m - [32m[1mPrediction on image 3423 is correct.[0m
[95m(outer_1 pid=601541)[0m 17:10:15.652 | [32m[1mSUCCESS[0m | [1m[32m[1mEndService[0m[1m[0m - [32m[1mPrediction on image 2507 is correct.[0m
[35m(RemoteSimulator pid=601542)[0m 17:10:15.797 | [1m[35mECLYPSE[0m | [1m[1m[35mPlacementManager[0m[1m[0m - [37mPlacement established | app=ImagePrediction | mapping={'EndService': 'outer_1', 'PredictorService': 'outer_2', 'TrainerService': 'outer_4'}[0m
[35m(RemoteSimulator pid=601542)[0m 17:10:15.798 | [1m[35mECLYPSE[0m | [1m[1m[35mSimulation[0m[1m[0m - [37mSimulation step | step=125[0m
[95m(outer_1 pid=601541)[0m 17:10:16.103 | [31m[1mERROR[0m | [1m[31m[1mEndService[0m[1m[0m - [31m[1mPrediction on image 521 is incorrect.[0m
[95m(outer_1 pid=601541)[0m 17:10:16.538 | [31m[1mERROR[0m | [1m[31m[1mEndService[0m[1m[0m - [31m[1mPrediction on image 258 is incorrect.[0m
[35m(RemoteSimulator pid=601542)[0m 17:10:16.799 | [1m[35mECLYPSE[0m | [1m[1m[35mPlacementManager[0m[1m[0m - [37mPlacement established | app=ImagePrediction | mapping={'EndService': 'outer_1', 'PredictorService': 'outer_2', 'TrainerService': 'outer_4'}[0m
[35m(RemoteSimulator pid=601542)[0m 17:10:16.799 | [1m[35mECLYPSE[0m | [1m[1m[35mSimulation[0m[1m[0m - [37mSimulation step | step=126[0m
[95m(outer_1 pid=601541)[0m 17:10:16.973 | [31m[1mERROR[0m | [1m[31m[1mEndService[0m[1m[0m - [31m[1mPrediction on image 9949 is incorrect.[0m
[95m(outer_1 pid=601541)[0m 17:10:17.383 | [32m[1mSUCCESS[0m | [1m[32m[1mEndService[0m[1m[0m - [32m[1mPrediction on image 6461 is correct.[0m
[95m(outer_1 pid=601541)[0m 17:10:17.794 | [31m[1mERROR[0m | [1m[31m[1mEndService[0m[1m[0m - [31m[1mPrediction on image 6206 is incorrect.[0m
[35m(RemoteSimulator pid=601542)[0m 17:10:17.801 | [1m[35mECLYPSE[0m | [1m[1m[35mPlacementManager[0m[1m[0m - [37mPlacement established | app=ImagePrediction | mapping={'EndService': 'outer_1', 'PredictorService': 'outer_2', 'TrainerService': 'outer_4'}[0m
[35m(RemoteSimulator pid=601542)[0m 17:10:17.802 | [1m[35mECLYPSE[0m | [1m[1m[35mSimulation[0m[1m[0m - [37mSimulation step | step=127[0m
[95m(outer_1 pid=601541)[0m 17:10:18.217 | [31m[1mERROR[0m | [1m[31m[1mEndService[0m[1m[0m - [31m[1mPrediction on image 8027 is incorrect.[0m
[95m(outer_1 pid=601541)[0m 17:10:18.663 | [31m[1mERROR[0m | [1m[31m[1mEndService[0m[1m[0m - [31m[1mPrediction on image 5084 is incorrect.[0m
[35m(RemoteSimulator pid=601542)[0m 17:10:18.803 | [1m[35mECLYPSE[0m | [1m[1m[35mPlacementManager[0m[1m[0m - [37mPlacement established | app=ImagePrediction | mapping={'EndService': 'outer_1', 'PredictorService': 'outer_2', 'TrainerService': 'outer_4'}[0m
[35m(RemoteSimulator pid=601542)[0m 17:10:18.803 | [1m[35mECLYPSE[0m | [1m[1m[35mSimulation[0m[1m[0m - [37mSimulation step | step=128[0m
[95m(outer_1 pid=601541)[0m 17:10:19.119 | [31m[1mERROR[0m | [1m[31m[1mEndService[0m[1m[0m - [31m[1mPrediction on image 3626 is incorrect.[0m
[95m(outer_1 pid=601541)[0m 17:10:19.553 | [31m[1mERROR[0m | [1m[31m[1mEndService[0m[1m[0m - [31m[1mPrediction on image 4750 is incorrect.[0m
[35m(RemoteSimulator pid=601542)[0m 17:10:19.804 | [1m[35mECLYPSE[0m | [1m[1m[35mPlacementManager[0m[1m[0m - [37mPlacement established | app=ImagePrediction | mapping={'EndService': 'outer_1', 'PredictorService': 'outer_2', 'TrainerService': 'outer_4'}[0m
[35m(RemoteSimulator pid=601542)[0m 17:10:19.804 | [1m[35mECLYPSE[0m | [1m[1m[35mSimulation[0m[1m[0m - [37mSimulation step | step=129[0m
[95m(outer_1 pid=601541)[0m 17:10:19.989 | [31m[1mERROR[0m | [1m[31m[1mEndService[0m[1m[0m - [31m[1mPrediction on image 6186 is incorrect.[0m
[95m(outer_1 pid=601541)[0m 17:10:20.413 | [31m[1mERROR[0m | [1m[31m[1mEndService[0m[1m[0m - [31m[1mPrediction on image 8867 is incorrect.[0m
[35m(RemoteSimulator pid=601542)[0m 17:10:20.805 | [1m[35mECLYPSE[0m | [1m[1m[35mPlacementManager[0m[1m[0m - [37mPlacement established | app=ImagePrediction | mapping={'EndService': 'outer_1', 'PredictorService': 'outer_2', 'TrainerService': 'outer_4'}[0m
[35m(RemoteSimulator pid=601542)[0m 17:10:20.806 | [1m[35mECLYPSE[0m | [1m[1m[35mSimulation[0m[1m[0m - [37mSimulation step | step=130[0m
[95m(outer_1 pid=601541)[0m 17:10:20.836 | [31m[1mERROR[0m | [1m[31m[1mEndService[0m[1m[0m - [31m[1mPrediction on image 8541 is incorrect.[0m
[95m(outer_1 pid=601541)[0m 17:10:21.246 | [31m[1mERROR[0m | [1m[31m[1mEndService[0m[1m[0m - [31m[1mPrediction on image 8807 is incorrect.[0m
[95m(outer_1 pid=601541)[0m 17:10:21.660 | [31m[1mERROR[0m | [1m[31m[1mEndService[0m[1m[0m - [31m[1mPrediction on image 6024 is incorrect.[0m
[35m(RemoteSimulator pid=601542)[0m 17:10:21.806 | [1m[35mECLYPSE[0m | [1m[1m[35mPlacementManager[0m[1m[0m - [37mPlacement established | app=ImagePrediction | mapping={'EndService': 'outer_1', 'PredictorService': 'outer_2', 'TrainerService': 'outer_4'}[0m
[35m(RemoteSimulator pid=601542)[0m 17:10:21.807 | [1m[35mECLYPSE[0m | [1m[1m[35mSimulation[0m[1m[0m - [37mSimulation step | step=131[0m
[95m(outer_1 pid=601541)[0m 17:10:22.078 | [32m[1mSUCCESS[0m | [1m[32m[1mEndService[0m[1m[0m - [32m[1mPrediction on image 7606 is correct.[0m
[95m(outer_1 pid=601541)[0m 17:10:22.520 | [31m[1mERROR[0m | [1m[31m[1mEndService[0m[1m[0m - [31m[1mPrediction on image 6417 is incorrect.[0m
[35m(RemoteSimulator pid=601542)[0m 17:10:22.808 | [1m[35mECLYPSE[0m | [1m[1m[35mPlacementManager[0m[1m[0m - [37mPlacement established | app=ImagePrediction | mapping={'EndService': 'outer_1', 'PredictorService': 'outer_2', 'TrainerService': 'outer_4'}[0m
[35m(RemoteSimulator pid=601542)[0m 17:10:22.808 | [1m[35mECLYPSE[0m | [1m[1m[35mSimulation[0m[1m[0m - [37mSimulation step | step=132[0m
[95m(outer_1 pid=601541)[0m 17:10:22.987 | [31m[1mERROR[0m | [1m[31m[1mEndService[0m[1m[0m - [31m[1mPrediction on image 9791 is incorrect.[0m
[95m(outer_1 pid=601541)[0m 17:10:23.412 | [31m[1mERROR[0m | [1m[31m[1mEndService[0m[1m[0m - [31m[1mPrediction on image 6200 is incorrect.[0m
[95m(outer_1 pid=601541)[0m 17:10:23.847 | [31m[1mERROR[0m | [1m[31m[1mEndService[0m[1m[0m - [31m[1mPrediction on image 456 is incorrect.[0m
[35m(RemoteSimulator pid=601542)[0m 17:10:23.809 | [1m[35mECLYPSE[0m | [1m[1m[35mPlacementManager[0m[1m[0m - [37mPlacement established | app=ImagePrediction | mapping={'EndService': 'outer_1', 'PredictorService': 'outer_2', 'TrainerService': 'outer_4'}[0m
[35m(RemoteSimulator pid=601542)[0m 17:10:23.809 | [1m[35mECLYPSE[0m | [1m[1m[35mSimulation[0m[1m[0m - [37mSimulation step | step=133[0m
[95m(outer_1 pid=601541)[0m 17:10:24.261 | [32m[1mSUCCESS[0m | [1m[32m[1mEndService[0m[1m[0m - [32m[1mPrediction on image 9101 is correct.[0m
[95m(outer_1 pid=601541)[0m 17:10:24.696 | [31m[1mERROR[0m | [1m[31m[1mEndService[0m[1m[0m - [31m[1mPrediction on image 6051 is incorrect.[0m
[35m(RemoteSimulator pid=601542)[0m 17:10:24.810 | [1m[35mECLYPSE[0m | [1m[1m[35mPlacementManager[0m[1m[0m - [37mPlacement established | app=ImagePrediction | mapping={'EndService': 'outer_1', 'PredictorService': 'outer_2', 'TrainerService': 'outer_4'}[0m
[35m(RemoteSimulator pid=601542)[0m 17:10:24.811 | [1m[35mECLYPSE[0m | [1m[1m[35mSimulation[0m[1m[0m - [37mSimulation step | step=134[0m
[95m(outer_1 pid=601541)[0m 17:10:25.119 | [31m[1mERROR[0m | [1m[31m[1mEndService[0m[1m[0m - [31m[1mPrediction on image 7507 is incorrect.[0m
[95m(outer_1 pid=601541)[0m 17:10:25.544 | [31m[1mERROR[0m | [1m[31m[1mEndService[0m[1m[0m - [31m[1mPrediction on image 9267 is incorrect.[0m
[35m(RemoteSimulator pid=601542)[0m 17:10:25.812 | [1m[35mECLYPSE[0m | [1m[1m[35mPlacementManager[0m[1m[0m - [37mPlacement established | app=ImagePrediction | mapping={'EndService': 'outer_1', 'PredictorService': 'outer_2', 'TrainerService': 'outer_4'}[0m
[35m(RemoteSimulator pid=601542)[0m 17:10:25.812 | [1m[35mECLYPSE[0m | [1m[1m[35mSimulation[0m[1m[0m - [37mSimulation step | step=135[0m
[95m(outer_1 pid=601541)[0m 17:10:25.974 | [31m[1mERROR[0m | [1m[31m[1mEndService[0m[1m[0m - [31m[1mPrediction on image 1316 is incorrect.[0m
[95m(outer_1 pid=601541)[0m 17:10:26.403 | [31m[1mERROR[0m | [1m[31m[1mEndService[0m[1m[0m - [31m[1mPrediction on image 3655 is incorrect.[0m
[35m(RemoteSimulator pid=601542)[0m 17:10:26.813 | [1m[35mECLYPSE[0m | [1m[1m[35mPlacementManager[0m[1m[0m - [37mPlacement established | app=ImagePrediction | mapping={'EndService': 'outer_1', 'PredictorService': 'outer_2', 'TrainerService': 'outer_4'}[0m
[35m(RemoteSimulator pid=601542)[0m 17:10:26.813 | [1m[35mECLYPSE[0m | [1m[1m[35mSimulation[0m[1m[0m - [37mSimulation step | step=136[0m
[95m(outer_1 pid=601541)[0m 17:10:26.829 | [31m[1mERROR[0m | [1m[31m[1mEndService[0m[1m[0m - [31m[1mPrediction on image 1358 is incorrect.[0m
[95m(outer_1 pid=601541)[0m 17:10:27.241 | [32m[1mSUCCESS[0m | [1m[32m[1mEndService[0m[1m[0m - [32m[1mPrediction on image 8585 is correct.[0m
[95m(outer_1 pid=601541)[0m 17:10:27.681 | [31m[1mERROR[0m | [1m[31m[1mEndService[0m[1m[0m - [31m[1mPrediction on image 5630 is incorrect.[0m
[35m(RemoteSimulator pid=601542)[0m 17:10:27.814 | [1m[35mECLYPSE[0m | [1m[1m[35mPlacementManager[0m[1m[0m - [37mPlacement established | app=ImagePrediction | mapping={'EndService': 'outer_1', 'PredictorService': 'outer_2', 'TrainerService': 'outer_4'}[0m
[35m(RemoteSimulator pid=601542)[0m 17:10:27.815 | [1m[35mECLYPSE[0m | [1m[1m[35mSimulation[0m[1m[0m - [37mSimulation step | step=137[0m
[95m(outer_1 pid=601541)[0m 17:10:28.100 | [31m[1mERROR[0m | [1m[31m[1mEndService[0m[1m[0m - [31m[1mPrediction on image 2140 is incorrect.[0m
[95m(outer_1 pid=601541)[0m 17:10:28.514 | [32m[1mSUCCESS[0m | [1m[32m[1mEndService[0m[1m[0m - [32m[1mPrediction on image 5576 is correct.[0m
[35m(RemoteSimulator pid=601542)[0m 17:10:28.815 | [1m[35mECLYPSE[0m | [1m[1m[35mPlacementManager[0m[1m[0m - [37mPlacement established | app=ImagePrediction | mapping={'EndService': 'outer_1', 'PredictorService': 'outer_2', 'TrainerService': 'outer_4'}[0m
[35m(RemoteSimulator pid=601542)[0m 17:10:28.816 | [1m[35mECLYPSE[0m | [1m[1m[35mSimulation[0m[1m[0m - [37mSimulation step | step=138[0m
[95m(outer_1 pid=601541)[0m 17:10:28.947 | [31m[1mERROR[0m | [1m[31m[1mEndService[0m[1m[0m - [31m[1mPrediction on image 6111 is incorrect.[0m
[95m(outer_1 pid=601541)[0m 17:10:29.364 | [32m[1mSUCCESS[0m | [1m[32m[1mEndService[0m[1m[0m - [32m[1mPrediction on image 9293 is correct.[0m
[95m(outer_1 pid=601541)[0m 17:10:29.789 | [32m[1mSUCCESS[0m | [1m[32m[1mEndService[0m[1m[0m - [32m[1mPrediction on image 9603 is correct.[0m
[35m(RemoteSimulator pid=601542)[0m 17:10:29.817 | [1m[35mECLYPSE[0m | [1m[1m[35mPlacementManager[0m[1m[0m - [37mPlacement established | app=ImagePrediction | mapping={'EndService': 'outer_1', 'PredictorService': 'outer_2', 'TrainerService': 'outer_4'}[0m
[35m(RemoteSimulator pid=601542)[0m 17:10:29.817 | [1m[35mECLYPSE[0m | [1m[1m[35mSimulation[0m[1m[0m - [37mSimulation step | step=139[0m
[95m(outer_1 pid=601541)[0m 17:10:30.221 | [31m[1mERROR[0m | [1m[31m[1mEndService[0m[1m[0m - [31m[1mPrediction on image 1044 is incorrect.[0m
[95m(outer_1 pid=601541)[0m 17:10:30.648 | [31m[1mERROR[0m | [1m[31m[1mEndService[0m[1m[0m - [31m[1mPrediction on image 4468 is incorrect.[0m
[35m(RemoteSimulator pid=601542)[0m 17:10:30.818 | [1m[35mECLYPSE[0m | [1m[1m[35mPlacementManager[0m[1m[0m - [37mPlacement established | app=ImagePrediction | mapping={'EndService': 'outer_1', 'PredictorService': 'outer_2', 'TrainerService': 'outer_4'}[0m
[35m(RemoteSimulator pid=601542)[0m 17:10:30.818 | [1m[35mECLYPSE[0m | [1m[1m[35mSimulation[0m[1m[0m - [37mSimulation step | step=140[0m
[95m(outer_1 pid=601541)[0m 17:10:31.069 | [31m[1mERROR[0m | [1m[31m[1mEndService[0m[1m[0m - [31m[1mPrediction on image 2331 is incorrect.[0m
[95m(outer_1 pid=601541)[0m 17:10:31.504 | [31m[1mERROR[0m | [1m[31m[1mEndService[0m[1m[0m - [31m[1mPrediction on image 1429 is incorrect.[0m
[35m(RemoteSimulator pid=601542)[0m 17:10:31.819 | [1m[35mECLYPSE[0m | [1m[1m[35mPlacementManager[0m[1m[0m - [37mPlacement established | app=ImagePrediction | mapping={'EndService': 'outer_1', 'PredictorService': 'outer_2', 'TrainerService': 'outer_4'}[0m
[35m(RemoteSimulator pid=601542)[0m 17:10:31.819 | [1m[35mECLYPSE[0m | [1m[1m[35mSimulation[0m[1m[0m - [37mSimulation step | step=141[0m
[95m(outer_1 pid=601541)[0m 17:10:31.932 | [31m[1mERROR[0m | [1m[31m[1mEndService[0m[1m[0m - [31m[1mPrediction on image 2013 is incorrect.[0m
[95m(outer_1 pid=601541)[0m 17:10:32.353 | [32m[1mSUCCESS[0m | [1m[32m[1mEndService[0m[1m[0m - [32m[1mPrediction on image 3373 is correct.[0m
[95m(outer_1 pid=601541)[0m 17:10:32.801 | [31m[1mERROR[0m | [1m[31m[1mEndService[0m[1m[0m - [31m[1mPrediction on image 3200 is incorrect.[0m
[35m(RemoteSimulator pid=601542)[0m 17:10:32.820 | [1m[35mECLYPSE[0m | [1m[1m[35mPlacementManager[0m[1m[0m - [37mPlacement established | app=ImagePrediction | mapping={'EndService': 'outer_1', 'PredictorService': 'outer_2', 'TrainerService': 'outer_4'}[0m
[35m(RemoteSimulator pid=601542)[0m 17:10:32.820 | [1m[35mECLYPSE[0m | [1m[1m[35mSimulation[0m[1m[0m - [37mSimulation step | step=142[0m
[95m(outer_1 pid=601541)[0m 17:10:33.230 | [31m[1mERROR[0m | [1m[31m[1mEndService[0m[1m[0m - [31m[1mPrediction on image 3943 is incorrect.[0m
[95m(outer_1 pid=601541)[0m 17:10:33.648 | [31m[1mERROR[0m | [1m[31m[1mEndService[0m[1m[0m - [31m[1mPrediction on image 6057 is incorrect.[0m
[35m(RemoteSimulator pid=601542)[0m 17:10:33.821 | [1m[35mECLYPSE[0m | [1m[1m[35mPlacementManager[0m[1m[0m - [37mPlacement established | app=ImagePrediction | mapping={'EndService': 'outer_1', 'PredictorService': 'outer_2', 'TrainerService': 'outer_4'}[0m
[35m(RemoteSimulator pid=601542)[0m 17:10:33.821 | [1m[35mECLYPSE[0m | [1m[1m[35mSimulation[0m[1m[0m - [37mSimulation step | step=143[0m
[95m(outer_1 pid=601541)[0m 17:10:34.087 | [31m[1mERROR[0m | [1m[31m[1mEndService[0m[1m[0m - [31m[1mPrediction on image 4222 is incorrect.[0m
[95m(outer_1 pid=601541)[0m 17:10:34.519 | [31m[1mERROR[0m | [1m[31m[1mEndService[0m[1m[0m - [31m[1mPrediction on image 2035 is incorrect.[0m
[35m(RemoteSimulator pid=601542)[0m 17:10:34.822 | [1m[35mECLYPSE[0m | [1m[1m[35mPlacementManager[0m[1m[0m - [37mPlacement established | app=ImagePrediction | mapping={'EndService': 'outer_1', 'PredictorService': 'outer_2', 'TrainerService': 'outer_4'}[0m
[35m(RemoteSimulator pid=601542)[0m 17:10:34.822 | [1m[35mECLYPSE[0m | [1m[1m[35mSimulation[0m[1m[0m - [37mSimulation step | step=144[0m
[95m(outer_1 pid=601541)[0m 17:10:34.967 | [31m[1mERROR[0m | [1m[31m[1mEndService[0m[1m[0m - [31m[1mPrediction on image 2227 is incorrect.[0m
[95m(outer_1 pid=601541)[0m 17:10:35.399 | [32m[1mSUCCESS[0m | [1m[32m[1mEndService[0m[1m[0m - [32m[1mPrediction on image 7390 is correct.[0m
[95m(outer_1 pid=601541)[0m 17:10:35.834 | [32m[1mSUCCESS[0m | [1m[32m[1mEndService[0m[1m[0m - [32m[1mPrediction on image 7824 is correct.[0m
[35m(RemoteSimulator pid=601542)[0m 17:10:35.823 | [1m[35mECLYPSE[0m | [1m[1m[35mPlacementManager[0m[1m[0m - [37mPlacement established | app=ImagePrediction | mapping={'EndService': 'outer_1', 'PredictorService': 'outer_2', 'TrainerService': 'outer_4'}[0m
[35m(RemoteSimulator pid=601542)[0m 17:10:35.824 | [1m[35mECLYPSE[0m | [1m[1m[35mSimulation[0m[1m[0m - [37mSimulation step | step=145[0m
[95m(outer_1 pid=601541)[0m 17:10:36.249 | [31m[1mERROR[0m | [1m[31m[1mEndService[0m[1m[0m - [31m[1mPrediction on image 4825 is incorrect.[0m
[95m(outer_1 pid=601541)[0m 17:10:36.682 | [32m[1mSUCCESS[0m | [1m[32m[1mEndService[0m[1m[0m - [32m[1mPrediction on image 4388 is correct.[0m
[35m(RemoteSimulator pid=601542)[0m 17:10:36.824 | [1m[35mECLYPSE[0m | [1m[1m[35mPlacementManager[0m[1m[0m - [37mPlacement established | app=ImagePrediction | mapping={'EndService': 'outer_1', 'PredictorService': 'outer_2', 'TrainerService': 'outer_4'}[0m
[35m(RemoteSimulator pid=601542)[0m 17:10:36.825 | [1m[35mECLYPSE[0m | [1m[1m[35mSimulation[0m[1m[0m - [37mSimulation step | step=146[0m
[95m(outer_1 pid=601541)[0m 17:10:37.124 | [31m[1mERROR[0m | [1m[31m[1mEndService[0m[1m[0m - [31m[1mPrediction on image 875 is incorrect.[0m
[95m(outer_1 pid=601541)[0m 17:10:37.558 | [31m[1mERROR[0m | [1m[31m[1mEndService[0m[1m[0m - [31m[1mPrediction on image 5851 is incorrect.[0m
[35m(RemoteSimulator pid=601542)[0m 17:10:37.826 | [1m[35mECLYPSE[0m | [1m[1m[35mPlacementManager[0m[1m[0m - [37mPlacement established | app=ImagePrediction | mapping={'EndService': 'outer_1', 'PredictorService': 'outer_2', 'TrainerService': 'outer_4'}[0m
[35m(RemoteSimulator pid=601542)[0m 17:10:37.826 | [1m[35mECLYPSE[0m | [1m[1m[35mSimulation[0m[1m[0m - [37mSimulation step | step=147[0m
[95m(outer_1 pid=601541)[0m 17:10:38.009 | [32m[1mSUCCESS[0m | [1m[32m[1mEndService[0m[1m[0m - [32m[1mPrediction on image 3458 is correct.[0m
[95m(outer_1 pid=601541)[0m 17:10:38.438 | [31m[1mERROR[0m | [1m[31m[1mEndService[0m[1m[0m - [31m[1mPrediction on image 4888 is incorrect.[0m
[35m(RemoteSimulator pid=601542)[0m 17:10:38.827 | [1m[35mECLYPSE[0m | [1m[1m[35mPlacementManager[0m[1m[0m - [37mPlacement established | app=ImagePrediction | mapping={'EndService': 'outer_1', 'PredictorService': 'outer_2', 'TrainerService': 'outer_4'}[0m
[35m(RemoteSimulator pid=601542)[0m 17:10:38.828 | [1m[35mECLYPSE[0m | [1m[1m[35mSimulation[0m[1m[0m - [37mSimulation step | step=148[0m
[95m(outer_1 pid=601541)[0m 17:10:38.876 | [31m[1mERROR[0m | [1m[31m[1mEndService[0m[1m[0m - [31m[1mPrediction on image 2261 is incorrect.[0m
[95m(outer_1 pid=601541)[0m 17:10:39.287 | [32m[1mSUCCESS[0m | [1m[32m[1mEndService[0m[1m[0m - [32m[1mPrediction on image 2066 is correct.[0m
[95m(outer_1 pid=601541)[0m 17:10:39.713 | [31m[1mERROR[0m | [1m[31m[1mEndService[0m[1m[0m - [31m[1mPrediction on image 6324 is incorrect.[0m
[35m(RemoteSimulator pid=601542)[0m 17:10:39.828 | [1m[35mECLYPSE[0m | [1m[1m[35mPlacementManager[0m[1m[0m - [37mPlacement established | app=ImagePrediction | mapping={'EndService': 'outer_1', 'PredictorService': 'outer_2', 'TrainerService': 'outer_4'}[0m
[35m(RemoteSimulator pid=601542)[0m 17:10:39.829 | [1m[35mECLYPSE[0m | [1m[1m[35mSimulation[0m[1m[0m - [37mSimulation step | step=149[0m
[95m(outer_1 pid=601541)[0m 17:10:40.150 | [31m[1mERROR[0m | [1m[31m[1mEndService[0m[1m[0m - [31m[1mPrediction on image 322 is incorrect.[0m
[95m(outer_1 pid=601541)[0m 17:10:40.585 | [31m[1mERROR[0m | [1m[31m[1mEndService[0m[1m[0m - [31m[1mPrediction on image 2644 is incorrect.[0m
[35m(RemoteSimulator pid=601542)[0m 17:10:40.830 | [1m[35mECLYPSE[0m | [1m[1m[35mPlacementManager[0m[1m[0m - [37mPlacement established | app=ImagePrediction | mapping={'EndService': 'outer_1', 'PredictorService': 'outer_2', 'TrainerService': 'outer_4'}[0m
[35m(RemoteSimulator pid=601542)[0m 17:10:40.830 | [1m[35mECLYPSE[0m | [1m[1m[35mSimulation[0m[1m[0m - [37mSimulation step | step=150[0m
[95m(outer_1 pid=601541)[0m 17:10:41.010 | [31m[1mERROR[0m | [1m[31m[1mEndService[0m[1m[0m - [31m[1mPrediction on image 4685 is incorrect.[0m
[95m(outer_1 pid=601541)[0m 17:10:41.421 | [31m[1mERROR[0m | [1m[31m[1mEndService[0m[1m[0m - [31m[1mPrediction on image 6726 is incorrect.[0m
[95m(outer_1 pid=601541)[0m 17:10:41.840 | [31m[1mERROR[0m | [1m[31m[1mEndService[0m[1m[0m - [31m[1mPrediction on image 5015 is incorrect.[0m
[35m(RemoteSimulator pid=601542)[0m 17:10:41.831 | [1m[35mECLYPSE[0m | [1m[1m[35mPlacementManager[0m[1m[0m - [37mPlacement established | app=ImagePrediction | mapping={'EndService': 'outer_1', 'PredictorService': 'outer_2', 'TrainerService': 'outer_4'}[0m
[35m(RemoteSimulator pid=601542)[0m 17:10:41.832 | [1m[35mECLYPSE[0m | [1m[1m[35mSimulation[0m[1m[0m - [37mSimulation step | step=151[0m
[95m(outer_1 pid=601541)[0m 17:10:42.250 | [31m[1mERROR[0m | [1m[31m[1mEndService[0m[1m[0m - [31m[1mPrediction on image 5196 is incorrect.[0m
[95m(outer_1 pid=601541)[0m 17:10:42.669 | [31m[1mERROR[0m | [1m[31m[1mEndService[0m[1m[0m - [31m[1mPrediction on image 1442 is incorrect.[0m
[35m(RemoteSimulator pid=601542)[0m 17:10:42.832 | [1m[35mECLYPSE[0m | [1m[1m[35mPlacementManager[0m[1m[0m - [37mPlacement established | app=ImagePrediction | mapping={'EndService': 'outer_1', 'PredictorService': 'outer_2', 'TrainerService': 'outer_4'}[0m
[35m(RemoteSimulator pid=601542)[0m 17:10:42.833 | [1m[35mECLYPSE[0m | [1m[1m[35mSimulation[0m[1m[0m - [37mSimulation step | step=152[0m
[95m(outer_1 pid=601541)[0m 17:10:43.111 | [31m[1mERROR[0m | [1m[31m[1mEndService[0m[1m[0m - [31m[1mPrediction on image 5491 is incorrect.[0m
[95m(outer_1 pid=601541)[0m 17:10:43.548 | [31m[1mERROR[0m | [1m[31m[1mEndService[0m[1m[0m - [31m[1mPrediction on image 2734 is incorrect.[0m
[35m(RemoteSimulator pid=601542)[0m 17:10:43.833 | [1m[35mECLYPSE[0m | [1m[1m[35mPlacementManager[0m[1m[0m - [37mPlacement established | app=ImagePrediction | mapping={'EndService': 'outer_1', 'PredictorService': 'outer_2', 'TrainerService': 'outer_4'}[0m
[35m(RemoteSimulator pid=601542)[0m 17:10:43.834 | [1m[35mECLYPSE[0m | [1m[1m[35mSimulation[0m[1m[0m - [37mSimulation step | step=153[0m
[95m(outer_1 pid=601541)[0m 17:10:43.978 | [32m[1mSUCCESS[0m | [1m[32m[1mEndService[0m[1m[0m - [32m[1mPrediction on image 9524 is correct.[0m
[95m(outer_1 pid=601541)[0m 17:10:44.396 | [32m[1mSUCCESS[0m | [1m[32m[1mEndService[0m[1m[0m - [32m[1mPrediction on image 8542 is correct.[0m
[95m(outer_1 pid=601541)[0m 17:10:44.815 | [32m[1mSUCCESS[0m | [1m[32m[1mEndService[0m[1m[0m - [32m[1mPrediction on image 4845 is correct.[0m
[35m(RemoteSimulator pid=601542)[0m 17:10:44.834 | [1m[35mECLYPSE[0m | [1m[1m[35mPlacementManager[0m[1m[0m - [37mPlacement established | app=ImagePrediction | mapping={'EndService': 'outer_1', 'PredictorService': 'outer_2', 'TrainerService': 'outer_4'}[0m
[35m(RemoteSimulator pid=601542)[0m 17:10:44.835 | [1m[35mECLYPSE[0m | [1m[1m[35mSimulation[0m[1m[0m - [37mSimulation step | step=154[0m
[95m(outer_1 pid=601541)[0m 17:10:45.238 | [32m[1mSUCCESS[0m | [1m[32m[1mEndService[0m[1m[0m - [32m[1mPrediction on image 9684 is correct.[0m
[95m(outer_1 pid=601541)[0m 17:10:45.677 | [32m[1mSUCCESS[0m | [1m[32m[1mEndService[0m[1m[0m - [32m[1mPrediction on image 6437 is correct.[0m
[35m(RemoteSimulator pid=601542)[0m 17:10:45.835 | [1m[35mECLYPSE[0m | [1m[1m[35mPlacementManager[0m[1m[0m - [37mPlacement established | app=ImagePrediction | mapping={'EndService': 'outer_1', 'PredictorService': 'outer_2', 'TrainerService': 'outer_4'}[0m
[35m(RemoteSimulator pid=601542)[0m 17:10:45.836 | [1m[35mECLYPSE[0m | [1m[1m[35mSimulation[0m[1m[0m - [37mSimulation step | step=155[0m
[95m(outer_1 pid=601541)[0m 17:10:46.109 | [31m[1mERROR[0m | [1m[31m[1mEndService[0m[1m[0m - [31m[1mPrediction on image 4212 is incorrect.[0m
[95m(outer_1 pid=601541)[0m 17:10:46.550 | [31m[1mERROR[0m | [1m[31m[1mEndService[0m[1m[0m - [31m[1mPrediction on image 8928 is incorrect.[0m
[35m(RemoteSimulator pid=601542)[0m 17:10:46.837 | [1m[35mECLYPSE[0m | [1m[1m[35mPlacementManager[0m[1m[0m - [37mPlacement established | app=ImagePrediction | mapping={'EndService': 'outer_1', 'PredictorService': 'outer_2', 'TrainerService': 'outer_4'}[0m
[35m(RemoteSimulator pid=601542)[0m 17:10:46.837 | [1m[35mECLYPSE[0m | [1m[1m[35mSimulation[0m[1m[0m - [37mSimulation step | step=156[0m
[95m(outer_1 pid=601541)[0m 17:10:46.982 | [32m[1mSUCCESS[0m | [1m[32m[1mEndService[0m[1m[0m - [32m[1mPrediction on image 9660 is correct.[0m
[95m(outer_1 pid=601541)[0m 17:10:47.409 | [32m[1mSUCCESS[0m | [1m[32m[1mEndService[0m[1m[0m - [32m[1mPrediction on image 8671 is correct.[0m
[95m(outer_1 pid=601541)[0m 17:10:47.837 | [31m[1mERROR[0m | [1m[31m[1mEndService[0m[1m[0m - [31m[1mPrediction on image 6497 is incorrect.[0m
[35m(RemoteSimulator pid=601542)[0m 17:10:47.838 | [1m[35mECLYPSE[0m | [1m[1m[35mPlacementManager[0m[1m[0m - [37mPlacement established | app=ImagePrediction | mapping={'EndService': 'outer_1', 'PredictorService': 'outer_2', 'TrainerService': 'outer_4'}[0m
[35m(RemoteSimulator pid=601542)[0m 17:10:47.838 | [1m[35mECLYPSE[0m | [1m[1m[35mSimulation[0m[1m[0m - [37mSimulation step | step=157[0m
[95m(outer_1 pid=601541)[0m 17:10:48.259 | [31m[1mERROR[0m | [1m[31m[1mEndService[0m[1m[0m - [31m[1mPrediction on image 3021 is incorrect.[0m
[95m(outer_1 pid=601541)[0m 17:10:48.713 | [31m[1mERROR[0m | [1m[31m[1mEndService[0m[1m[0m - [31m[1mPrediction on image 7449 is incorrect.[0m
[35m(RemoteSimulator pid=601542)[0m 17:10:48.839 | [1m[35mECLYPSE[0m | [1m[1m[35mPlacementManager[0m[1m[0m - [37mPlacement established | app=ImagePrediction | mapping={'EndService': 'outer_1', 'PredictorService': 'outer_2', 'TrainerService': 'outer_4'}[0m
[35m(RemoteSimulator pid=601542)[0m 17:10:48.839 | [1m[35mECLYPSE[0m | [1m[1m[35mSimulation[0m[1m[0m - [37mSimulation step | step=158[0m
[95m(outer_1 pid=601541)[0m 17:10:49.157 | [31m[1mERROR[0m | [1m[31m[1mEndService[0m[1m[0m - [31m[1mPrediction on image 8510 is incorrect.[0m
[95m(outer_1 pid=601541)[0m 17:10:49.586 | [31m[1mERROR[0m | [1m[31m[1mEndService[0m[1m[0m - [31m[1mPrediction on image 3576 is incorrect.[0m
[35m(RemoteSimulator pid=601542)[0m 17:10:49.840 | [1m[35mECLYPSE[0m | [1m[1m[35mPlacementManager[0m[1m[0m - [37mPlacement established | app=ImagePrediction | mapping={'EndService': 'outer_1', 'PredictorService': 'outer_2', 'TrainerService': 'outer_4'}[0m
[35m(RemoteSimulator pid=601542)[0m 17:10:49.841 | [1m[35mECLYPSE[0m | [1m[1m[35mSimulation[0m[1m[0m - [37mSimulation step | step=159[0m
[95m(outer_1 pid=601541)[0m 17:10:50.004 | [31m[1mERROR[0m | [1m[31m[1mEndService[0m[1m[0m - [31m[1mPrediction on image 3097 is incorrect.[0m
[95m(outer_1 pid=601541)[0m 17:10:50.445 | [31m[1mERROR[0m | [1m[31m[1mEndService[0m[1m[0m - [31m[1mPrediction on image 844 is incorrect.[0m
[35m(RemoteSimulator pid=601542)[0m 17:10:50.842 | [1m[35mECLYPSE[0m | [1m[1m[35mPlacementManager[0m[1m[0m - [37mPlacement established | app=ImagePrediction | mapping={'EndService': 'outer_1', 'PredictorService': 'outer_2', 'TrainerService': 'outer_4'}[0m
[35m(RemoteSimulator pid=601542)[0m 17:10:50.842 | [1m[35mECLYPSE[0m | [1m[1m[35mSimulation[0m[1m[0m - [37mSimulation step | step=160[0m
[95m(outer_1 pid=601541)[0m 17:10:50.865 | [31m[1mERROR[0m | [1m[31m[1mEndService[0m[1m[0m - [31m[1mPrediction on image 588 is incorrect.[0m
[95m(outer_1 pid=601541)[0m 17:10:51.282 | [31m[1mERROR[0m | [1m[31m[1mEndService[0m[1m[0m - [31m[1mPrediction on image 5157 is incorrect.[0m
[95m(outer_1 pid=601541)[0m 17:10:51.708 | [31m[1mERROR[0m | [1m[31m[1mEndService[0m[1m[0m - [31m[1mPrediction on image 7786 is incorrect.[0m
[35m(RemoteSimulator pid=601542)[0m 17:10:51.843 | [1m[35mECLYPSE[0m | [1m[1m[35mPlacementManager[0m[1m[0m - [37mPlacement established | app=ImagePrediction | mapping={'EndService': 'outer_1', 'PredictorService': 'outer_2', 'TrainerService': 'outer_4'}[0m
[35m(RemoteSimulator pid=601542)[0m 17:10:51.843 | [1m[35mECLYPSE[0m | [1m[1m[35mSimulation[0m[1m[0m - [37mSimulation step | step=161[0m
[95m(outer_1 pid=601541)[0m 17:10:52.131 | [31m[1mERROR[0m | [1m[31m[1mEndService[0m[1m[0m - [31m[1mPrediction on image 4358 is incorrect.[0m
[95m(outer_1 pid=601541)[0m 17:10:52.571 | [31m[1mERROR[0m | [1m[31m[1mEndService[0m[1m[0m - [31m[1mPrediction on image 1746 is incorrect.[0m
[35m(RemoteSimulator pid=601542)[0m 17:10:52.844 | [1m[35mECLYPSE[0m | [1m[1m[35mPlacementManager[0m[1m[0m - [37mPlacement established | app=ImagePrediction | mapping={'EndService': 'outer_1', 'PredictorService': 'outer_2', 'TrainerService': 'outer_4'}[0m
[35m(RemoteSimulator pid=601542)[0m 17:10:52.844 | [1m[35mECLYPSE[0m | [1m[1m[35mSimulation[0m[1m[0m - [37mSimulation step | step=162[0m
[95m(outer_1 pid=601541)[0m 17:10:52.987 | [32m[1mSUCCESS[0m | [1m[32m[1mEndService[0m[1m[0m - [32m[1mPrediction on image 9040 is correct.[0m
[95m(outer_1 pid=601541)[0m 17:10:53.411 | [31m[1mERROR[0m | [1m[31m[1mEndService[0m[1m[0m - [31m[1mPrediction on image 6716 is incorrect.[0m
[95m(outer_1 pid=601541)[0m 17:10:53.839 | [31m[1mERROR[0m | [1m[31m[1mEndService[0m[1m[0m - [31m[1mPrediction on image 565 is incorrect.[0m
[35m(RemoteSimulator pid=601542)[0m 17:10:53.845 | [1m[35mECLYPSE[0m | [1m[1m[35mPlacementManager[0m[1m[0m - [37mPlacement established | app=ImagePrediction | mapping={'EndService': 'outer_1', 'PredictorService': 'outer_2', 'TrainerService': 'outer_4'}[0m
[35m(RemoteSimulator pid=601542)[0m 17:10:53.846 | [1m[35mECLYPSE[0m | [1m[1m[35mSimulation[0m[1m[0m - [37mSimulation step | step=163[0m
[95m(outer_1 pid=601541)[0m 17:10:54.262 | [32m[1mSUCCESS[0m | [1m[32m[1mEndService[0m[1m[0m - [32m[1mPrediction on image 5750 is correct.[0m
[95m(outer_1 pid=601541)[0m 17:10:54.688 | [31m[1mERROR[0m | [1m[31m[1mEndService[0m[1m[0m - [31m[1mPrediction on image 4856 is incorrect.[0m
[35m(RemoteSimulator pid=601542)[0m 17:10:54.847 | [1m[35mECLYPSE[0m | [1m[1m[35mPlacementManager[0m[1m[0m - [37mPlacement established | app=ImagePrediction | mapping={'EndService': 'outer_1', 'PredictorService': 'outer_2', 'TrainerService': 'outer_4'}[0m
[35m(RemoteSimulator pid=601542)[0m 17:10:54.847 | [1m[35mECLYPSE[0m | [1m[1m[35mSimulation[0m[1m[0m - [37mSimulation step | step=164[0m
[95m(outer_1 pid=601541)[0m 17:10:55.109 | [31m[1mERROR[0m | [1m[31m[1mEndService[0m[1m[0m - [31m[1mPrediction on image 2537 is incorrect.[0m
[95m(outer_1 pid=601541)[0m 17:10:55.554 | [31m[1mERROR[0m | [1m[31m[1mEndService[0m[1m[0m - [31m[1mPrediction on image 4116 is incorrect.[0m
[35m(RemoteSimulator pid=601542)[0m 17:10:55.848 | [1m[35mECLYPSE[0m | [1m[1m[35mPlacementManager[0m[1m[0m - [37mPlacement established | app=ImagePrediction | mapping={'EndService': 'outer_1', 'PredictorService': 'outer_2', 'TrainerService': 'outer_4'}[0m
[35m(RemoteSimulator pid=601542)[0m 17:10:55.848 | [1m[35mECLYPSE[0m | [1m[1m[35mSimulation[0m[1m[0m - [37mSimulation step | step=165[0m
[95m(outer_1 pid=601541)[0m 17:10:55.981 | [31m[1mERROR[0m | [1m[31m[1mEndService[0m[1m[0m - [31m[1mPrediction on image 8803 is incorrect.[0m
[95m(outer_1 pid=601541)[0m 17:10:56.400 | [31m[1mERROR[0m | [1m[31m[1mEndService[0m[1m[0m - [31m[1mPrediction on image 9298 is incorrect.[0m
[95m(outer_1 pid=601541)[0m 17:10:56.837 | [32m[1mSUCCESS[0m | [1m[32m[1mEndService[0m[1m[0m - [32m[1mPrediction on image 1408 is correct.[0m
[35m(RemoteSimulator pid=601542)[0m 17:10:56.849 | [1m[35mECLYPSE[0m | [1m[1m[35mPlacementManager[0m[1m[0m - [37mPlacement established | app=ImagePrediction | mapping={'EndService': 'outer_1', 'PredictorService': 'outer_2', 'TrainerService': 'outer_4'}[0m
[35m(RemoteSimulator pid=601542)[0m 17:10:56.850 | [1m[35mECLYPSE[0m | [1m[1m[35mSimulation[0m[1m[0m - [37mSimulation step | step=166[0m
[95m(outer_1 pid=601541)[0m 17:10:57.269 | [31m[1mERROR[0m | [1m[31m[1mEndService[0m[1m[0m - [31m[1mPrediction on image 8486 is incorrect.[0m
[95m(outer_1 pid=601541)[0m 17:10:57.717 | [32m[1mSUCCESS[0m | [1m[32m[1mEndService[0m[1m[0m - [32m[1mPrediction on image 3412 is correct.[0m
[35m(RemoteSimulator pid=601542)[0m 17:10:57.851 | [1m[35mECLYPSE[0m | [1m[1m[35mPlacementManager[0m[1m[0m - [37mPlacement established | app=ImagePrediction | mapping={'EndService': 'outer_1', 'PredictorService': 'outer_2', 'TrainerService': 'outer_4'}[0m
[35m(RemoteSimulator pid=601542)[0m 17:10:57.851 | [1m[35mECLYPSE[0m | [1m[1m[35mSimulation[0m[1m[0m - [37mSimulation step | step=167[0m
[95m(outer_1 pid=601541)[0m 17:10:58.144 | [32m[1mSUCCESS[0m | [1m[32m[1mEndService[0m[1m[0m - [32m[1mPrediction on image 7688 is correct.[0m
[95m(outer_1 pid=601541)[0m 17:10:58.587 | [32m[1mSUCCESS[0m | [1m[32m[1mEndService[0m[1m[0m - [32m[1mPrediction on image 7203 is correct.[0m
[35m(RemoteSimulator pid=601542)[0m 17:10:58.852 | [1m[35mECLYPSE[0m | [1m[1m[35mPlacementManager[0m[1m[0m - [37mPlacement established | app=ImagePrediction | mapping={'EndService': 'outer_1', 'PredictorService': 'outer_2', 'TrainerService': 'outer_4'}[0m
[35m(RemoteSimulator pid=601542)[0m 17:10:58.852 | [1m[35mECLYPSE[0m | [1m[1m[35mSimulation[0m[1m[0m - [37mSimulation step | step=168[0m
[95m(outer_1 pid=601541)[0m 17:10:59.009 | [31m[1mERROR[0m | [1m[31m[1mEndService[0m[1m[0m - [31m[1mPrediction on image 878 is incorrect.[0m
[95m(outer_1 pid=601541)[0m 17:10:59.433 | [31m[1mERROR[0m | [1m[31m[1mEndService[0m[1m[0m - [31m[1mPrediction on image 6540 is incorrect.[0m
[95m(outer_1 pid=601541)[0m 17:10:59.873 | [32m[1mSUCCESS[0m | [1m[32m[1mEndService[0m[1m[0m - [32m[1mPrediction on image 6033 is correct.[0m
[35m(RemoteSimulator pid=601542)[0m 17:10:59.853 | [1m[35mECLYPSE[0m | [1m[1m[35mPlacementManager[0m[1m[0m - [37mPlacement established | app=ImagePrediction | mapping={'EndService': 'outer_1', 'PredictorService': 'outer_2', 'TrainerService': 'outer_4'}[0m
[35m(RemoteSimulator pid=601542)[0m 17:10:59.854 | [1m[35mECLYPSE[0m | [1m[1m[35mSimulation[0m[1m[0m - [37mSimulation step | step=169[0m
[95m(outer_1 pid=601541)[0m 17:11:00.288 | [31m[1mERROR[0m | [1m[31m[1mEndService[0m[1m[0m - [31m[1mPrediction on image 4346 is incorrect.[0m
[95m(outer_1 pid=601541)[0m 17:11:00.755 | [31m[1mERROR[0m | [1m[31m[1mEndService[0m[1m[0m - [31m[1mPrediction on image 2770 is incorrect.[0m
[35m(RemoteSimulator pid=601542)[0m 17:11:00.854 | [1m[35mECLYPSE[0m | [1m[1m[35mPlacementManager[0m[1m[0m - [37mPlacement established | app=ImagePrediction | mapping={'EndService': 'outer_1', 'PredictorService': 'outer_2', 'TrainerService': 'outer_4'}[0m
[35m(RemoteSimulator pid=601542)[0m 17:11:00.855 | [1m[35mECLYPSE[0m | [1m[1m[35mSimulation[0m[1m[0m - [37mSimulation step | step=170[0m
[95m(outer_1 pid=601541)[0m 17:11:01.177 | [32m[1mSUCCESS[0m | [1m[32m[1mEndService[0m[1m[0m - [32m[1mPrediction on image 2441 is correct.[0m
[95m(outer_1 pid=601541)[0m 17:11:01.597 | [32m[1mSUCCESS[0m | [1m[32m[1mEndService[0m[1m[0m - [32m[1mPrediction on image 2193 is correct.[0m
[35m(RemoteSimulator pid=601542)[0m 17:11:01.856 | [1m[35mECLYPSE[0m | [1m[1m[35mPlacementManager[0m[1m[0m - [37mPlacement established | app=ImagePrediction | mapping={'EndService': 'outer_1', 'PredictorService': 'outer_2', 'TrainerService': 'outer_4'}[0m
[35m(RemoteSimulator pid=601542)[0m 17:11:01.856 | [1m[35mECLYPSE[0m | [1m[1m[35mSimulation[0m[1m[0m - [37mSimulation step | step=171[0m
[95m(outer_1 pid=601541)[0m 17:11:02.022 | [31m[1mERROR[0m | [1m[31m[1mEndService[0m[1m[0m - [31m[1mPrediction on image 9595 is incorrect.[0m
[95m(outer_1 pid=601541)[0m 17:11:02.445 | [31m[1mERROR[0m | [1m[31m[1mEndService[0m[1m[0m - [31m[1mPrediction on image 7936 is incorrect.[0m
[95m(outer_1 pid=601541)[0m 17:11:02.862 | [31m[1mERROR[0m | [1m[31m[1mEndService[0m[1m[0m - [31m[1mPrediction on image 4161 is incorrect.[0m
[35m(RemoteSimulator pid=601542)[0m 17:11:02.857 | [1m[35mECLYPSE[0m | [1m[1m[35mPlacementManager[0m[1m[0m - [37mPlacement established | app=ImagePrediction | mapping={'EndService': 'outer_1', 'PredictorService': 'outer_2', 'TrainerService': 'outer_4'}[0m
[35m(RemoteSimulator pid=601542)[0m 17:11:02.857 | [1m[35mECLYPSE[0m | [1m[1m[35mSimulation[0m[1m[0m - [37mSimulation step | step=172[0m
[95m(outer_1 pid=601541)[0m 17:11:03.280 | [31m[1mERROR[0m | [1m[31m[1mEndService[0m[1m[0m - [31m[1mPrediction on image 6647 is incorrect.[0m
[95m(outer_1 pid=601541)[0m 17:11:03.715 | [31m[1mERROR[0m | [1m[31m[1mEndService[0m[1m[0m - [31m[1mPrediction on image 9194 is incorrect.[0m
[35m(RemoteSimulator pid=601542)[0m 17:11:03.858 | [1m[35mECLYPSE[0m | [1m[1m[35mPlacementManager[0m[1m[0m - [37mPlacement established | app=ImagePrediction | mapping={'EndService': 'outer_1', 'PredictorService': 'outer_2', 'TrainerService': 'outer_4'}[0m
[35m(RemoteSimulator pid=601542)[0m 17:11:03.858 | [1m[35mECLYPSE[0m | [1m[1m[35mSimulation[0m[1m[0m - [37mSimulation step | step=173[0m
[95m(outer_1 pid=601541)[0m 17:11:04.154 | [31m[1mERROR[0m | [1m[31m[1mEndService[0m[1m[0m - [31m[1mPrediction on image 8557 is incorrect.[0m
[95m(outer_1 pid=601541)[0m 17:11:04.595 | [31m[1mERROR[0m | [1m[31m[1mEndService[0m[1m[0m - [31m[1mPrediction on image 7686 is incorrect.[0m
[35m(RemoteSimulator pid=601542)[0m 17:11:04.859 | [1m[35mECLYPSE[0m | [1m[1m[35mPlacementManager[0m[1m[0m - [37mPlacement established | app=ImagePrediction | mapping={'EndService': 'outer_1', 'PredictorService': 'outer_2', 'TrainerService': 'outer_4'}[0m
[35m(RemoteSimulator pid=601542)[0m 17:11:04.860 | [1m[35mECLYPSE[0m | [1m[1m[35mSimulation[0m[1m[0m - [37mSimulation step | step=174[0m
[95m(outer_1 pid=601541)[0m 17:11:05.024 | [32m[1mSUCCESS[0m | [1m[32m[1mEndService[0m[1m[0m - [32m[1mPrediction on image 3257 is correct.[0m
[95m(outer_1 pid=601541)[0m 17:11:05.491 | [32m[1mSUCCESS[0m | [1m[32m[1mEndService[0m[1m[0m - [32m[1mPrediction on image 6177 is correct.[0m
[95m(outer_1 pid=601541)[0m 17:11:05.912 | [32m[1mSUCCESS[0m | [1m[32m[1mEndService[0m[1m[0m - [32m[1mPrediction on image 4631 is correct.[0m
[35m(RemoteSimulator pid=601542)[0m 17:11:05.861 | [1m[35mECLYPSE[0m | [1m[1m[35mPlacementManager[0m[1m[0m - [37mPlacement established | app=ImagePrediction | mapping={'EndService': 'outer_1', 'PredictorService': 'outer_2', 'TrainerService': 'outer_4'}[0m
[35m(RemoteSimulator pid=601542)[0m 17:11:05.861 | [1m[35mECLYPSE[0m | [1m[1m[35mSimulation[0m[1m[0m - [37mSimulation step | step=175[0m
[95m(outer_1 pid=601541)[0m 17:11:06.325 | [31m[1mERROR[0m | [1m[31m[1mEndService[0m[1m[0m - [31m[1mPrediction on image 4066 is incorrect.[0m
[95m(outer_1 pid=601541)[0m 17:11:06.752 | [32m[1mSUCCESS[0m | [1m[32m[1mEndService[0m[1m[0m - [32m[1mPrediction on image 8546 is correct.[0m
[35m(RemoteSimulator pid=601542)[0m 17:11:06.862 | [1m[35mECLYPSE[0m | [1m[1m[35mPlacementManager[0m[1m[0m - [37mPlacement established | app=ImagePrediction | mapping={'EndService': 'outer_1', 'PredictorService': 'outer_2', 'TrainerService': 'outer_4'}[0m
[35m(RemoteSimulator pid=601542)[0m 17:11:06.862 | [1m[35mECLYPSE[0m | [1m[1m[35mSimulation[0m[1m[0m - [37mSimulation step | step=176[0m
[95m(outer_1 pid=601541)[0m 17:11:07.169 | [31m[1mERROR[0m | [1m[31m[1mEndService[0m[1m[0m - [31m[1mPrediction on image 7332 is incorrect.[0m
[95m(outer_1 pid=601541)[0m 17:11:07.598 | [31m[1mERROR[0m | [1m[31m[1mEndService[0m[1m[0m - [31m[1mPrediction on image 979 is incorrect.[0m
[35m(RemoteSimulator pid=601542)[0m 17:11:07.863 | [1m[35mECLYPSE[0m | [1m[1m[35mPlacementManager[0m[1m[0m - [37mPlacement established | app=ImagePrediction | mapping={'EndService': 'outer_1', 'PredictorService': 'outer_2', 'TrainerService': 'outer_4'}[0m
[35m(RemoteSimulator pid=601542)[0m 17:11:07.864 | [1m[35mECLYPSE[0m | [1m[1m[35mSimulation[0m[1m[0m - [37mSimulation step | step=177[0m
[95m(outer_1 pid=601541)[0m 17:11:08.025 | [31m[1mERROR[0m | [1m[31m[1mEndService[0m[1m[0m - [31m[1mPrediction on image 1879 is incorrect.[0m
[95m(outer_1 pid=601541)[0m 17:11:08.441 | [31m[1mERROR[0m | [1m[31m[1mEndService[0m[1m[0m - [31m[1mPrediction on image 9554 is incorrect.[0m
[95m(outer_1 pid=601541)[0m 17:11:08.873 | [32m[1mSUCCESS[0m | [1m[32m[1mEndService[0m[1m[0m - [32m[1mPrediction on image 9330 is correct.[0m
[35m(RemoteSimulator pid=601542)[0m 17:11:08.864 | [1m[35mECLYPSE[0m | [1m[1m[35mPlacementManager[0m[1m[0m - [37mPlacement established | app=ImagePrediction | mapping={'EndService': 'outer_1', 'PredictorService': 'outer_2', 'TrainerService': 'outer_4'}[0m
[35m(RemoteSimulator pid=601542)[0m 17:11:08.865 | [1m[35mECLYPSE[0m | [1m[1m[35mSimulation[0m[1m[0m - [37mSimulation step | step=178[0m
[95m(outer_1 pid=601541)[0m 17:11:09.292 | [31m[1mERROR[0m | [1m[31m[1mEndService[0m[1m[0m - [31m[1mPrediction on image 1706 is incorrect.[0m
[95m(outer_1 pid=601541)[0m 17:11:09.714 | [31m[1mERROR[0m | [1m[31m[1mEndService[0m[1m[0m - [31m[1mPrediction on image 2954 is incorrect.[0m
[35m(RemoteSimulator pid=601542)[0m 17:11:09.865 | [1m[35mECLYPSE[0m | [1m[1m[35mPlacementManager[0m[1m[0m - [37mPlacement established | app=ImagePrediction | mapping={'EndService': 'outer_1', 'PredictorService': 'outer_2', 'TrainerService': 'outer_4'}[0m
[35m(RemoteSimulator pid=601542)[0m 17:11:09.866 | [1m[35mECLYPSE[0m | [1m[1m[35mSimulation[0m[1m[0m - [37mSimulation step | step=179[0m
[95m(outer_1 pid=601541)[0m 17:11:10.136 | [32m[1mSUCCESS[0m | [1m[32m[1mEndService[0m[1m[0m - [32m[1mPrediction on image 111 is correct.[0m
[95m(outer_1 pid=601541)[0m 17:11:10.608 | [31m[1mERROR[0m | [1m[31m[1mEndService[0m[1m[0m - [31m[1mPrediction on image 7574 is incorrect.[0m
[35m(RemoteSimulator pid=601542)[0m 17:11:10.867 | [1m[35mECLYPSE[0m | [1m[1m[35mPlacementManager[0m[1m[0m - [37mPlacement established | app=ImagePrediction | mapping={'EndService': 'outer_1', 'PredictorService': 'outer_2', 'TrainerService': 'outer_4'}[0m
[35m(RemoteSimulator pid=601542)[0m 17:11:10.867 | [1m[35mECLYPSE[0m | [1m[1m[35mSimulation[0m[1m[0m - [37mSimulation step | step=180[0m
[95m(outer_1 pid=601541)[0m 17:11:11.057 | [31m[1mERROR[0m | [1m[31m[1mEndService[0m[1m[0m - [31m[1mPrediction on image 8511 is incorrect.[0m
[95m(outer_1 pid=601541)[0m 17:11:11.482 | [31m[1mERROR[0m | [1m[31m[1mEndService[0m[1m[0m - [31m[1mPrediction on image 738 is incorrect.[0m
[95m(outer_1 pid=601541)[0m 17:11:11.927 | [32m[1mSUCCESS[0m | [1m[32m[1mEndService[0m[1m[0m - [32m[1mPrediction on image 5433 is correct.[0m
[35m(RemoteSimulator pid=601542)[0m 17:11:11.868 | [1m[35mECLYPSE[0m | [1m[1m[35mPlacementManager[0m[1m[0m - [37mPlacement established | app=ImagePrediction | mapping={'EndService': 'outer_1', 'PredictorService': 'outer_2', 'TrainerService': 'outer_4'}[0m
[35m(RemoteSimulator pid=601542)[0m 17:11:11.868 | [1m[35mECLYPSE[0m | [1m[1m[35mSimulation[0m[1m[0m - [37mSimulation step | step=181[0m
[95m(outer_1 pid=601541)[0m 17:11:12.343 | [32m[1mSUCCESS[0m | [1m[32m[1mEndService[0m[1m[0m - [32m[1mPrediction on image 8634 is correct.[0m
[95m(outer_1 pid=601541)[0m 17:11:12.775 | [32m[1mSUCCESS[0m | [1m[32m[1mEndService[0m[1m[0m - [32m[1mPrediction on image 8516 is correct.[0m
[35m(RemoteSimulator pid=601542)[0m 17:11:12.869 | [1m[35mECLYPSE[0m | [1m[1m[35mPlacementManager[0m[1m[0m - [37mPlacement established | app=ImagePrediction | mapping={'EndService': 'outer_1', 'PredictorService': 'outer_2', 'TrainerService': 'outer_4'}[0m
[35m(RemoteSimulator pid=601542)[0m 17:11:12.870 | [1m[35mECLYPSE[0m | [1m[1m[35mSimulation[0m[1m[0m - [37mSimulation step | step=182[0m
[95m(outer_1 pid=601541)[0m 17:11:13.219 | [31m[1mERROR[0m | [1m[31m[1mEndService[0m[1m[0m - [31m[1mPrediction on image 1345 is incorrect.[0m
[95m(outer_1 pid=601541)[0m 17:11:13.637 | [32m[1mSUCCESS[0m | [1m[32m[1mEndService[0m[1m[0m - [32m[1mPrediction on image 648 is correct.[0m
[35m(RemoteSimulator pid=601542)[0m 17:11:13.870 | [1m[35mECLYPSE[0m | [1m[1m[35mPlacementManager[0m[1m[0m - [37mPlacement established | app=ImagePrediction | mapping={'EndService': 'outer_1', 'PredictorService': 'outer_2', 'TrainerService': 'outer_4'}[0m
[35m(RemoteSimulator pid=601542)[0m 17:11:13.871 | [1m[35mECLYPSE[0m | [1m[1m[35mSimulation[0m[1m[0m - [37mSimulation step | step=183[0m
[95m(outer_1 pid=601541)[0m 17:11:14.056 | [31m[1mERROR[0m | [1m[31m[1mEndService[0m[1m[0m - [31m[1mPrediction on image 7425 is incorrect.[0m
[95m(outer_1 pid=601541)[0m 17:11:14.487 | [31m[1mERROR[0m | [1m[31m[1mEndService[0m[1m[0m - [31m[1mPrediction on image 7631 is incorrect.[0m
[35m(RemoteSimulator pid=601542)[0m 17:11:14.872 | [1m[35mECLYPSE[0m | [1m[1m[35mPlacementManager[0m[1m[0m - [37mPlacement established | app=ImagePrediction | mapping={'EndService': 'outer_1', 'PredictorService': 'outer_2', 'TrainerService': 'outer_4'}[0m
[35m(RemoteSimulator pid=601542)[0m 17:11:14.872 | [1m[35mECLYPSE[0m | [1m[1m[35mSimulation[0m[1m[0m - [37mSimulation step | step=184[0m
[95m(outer_1 pid=601541)[0m 17:11:14.914 | [31m[1mERROR[0m | [1m[31m[1mEndService[0m[1m[0m - [31m[1mPrediction on image 338 is incorrect.[0m
[95m(outer_1 pid=601541)[0m 17:11:15.336 | [32m[1mSUCCESS[0m | [1m[32m[1mEndService[0m[1m[0m - [32m[1mPrediction on image 3807 is correct.[0m
[95m(outer_1 pid=601541)[0m 17:11:15.774 | [32m[1mSUCCESS[0m | [1m[32m[1mEndService[0m[1m[0m - [32m[1mPrediction on image 151 is correct.[0m
[35m(RemoteSimulator pid=601542)[0m 17:11:15.873 | [1m[35mECLYPSE[0m | [1m[1m[35mPlacementManager[0m[1m[0m - [37mPlacement established | app=ImagePrediction | mapping={'EndService': 'outer_1', 'PredictorService': 'outer_2', 'TrainerService': 'outer_4'}[0m
[35m(RemoteSimulator pid=601542)[0m 17:11:15.873 | [1m[35mECLYPSE[0m | [1m[1m[35mSimulation[0m[1m[0m - [37mSimulation step | step=185[0m
[95m(outer_1 pid=601541)[0m 17:11:16.207 | [31m[1mERROR[0m | [1m[31m[1mEndService[0m[1m[0m - [31m[1mPrediction on image 5925 is incorrect.[0m
[95m(outer_1 pid=601541)[0m 17:11:16.635 | [32m[1mSUCCESS[0m | [1m[32m[1mEndService[0m[1m[0m - [32m[1mPrediction on image 3671 is correct.[0m
[35m(RemoteSimulator pid=601542)[0m 17:11:16.874 | [1m[35mECLYPSE[0m | [1m[1m[35mPlacementManager[0m[1m[0m - [37mPlacement established | app=ImagePrediction | mapping={'EndService': 'outer_1', 'PredictorService': 'outer_2', 'TrainerService': 'outer_4'}[0m
[35m(RemoteSimulator pid=601542)[0m 17:11:16.874 | [1m[35mECLYPSE[0m | [1m[1m[35mSimulation[0m[1m[0m - [37mSimulation step | step=186[0m
[95m(outer_1 pid=601541)[0m 17:11:17.077 | [32m[1mSUCCESS[0m | [1m[32m[1mEndService[0m[1m[0m - [32m[1mPrediction on image 2104 is correct.[0m
[95m(outer_1 pid=601541)[0m 17:11:17.529 | [31m[1mERROR[0m | [1m[31m[1mEndService[0m[1m[0m - [31m[1mPrediction on image 8993 is incorrect.[0m
[35m(RemoteSimulator pid=601542)[0m 17:11:17.875 | [1m[35mECLYPSE[0m | [1m[1m[35mPlacementManager[0m[1m[0m - [37mPlacement established | app=ImagePrediction | mapping={'EndService': 'outer_1', 'PredictorService': 'outer_2', 'TrainerService': 'outer_4'}[0m
[35m(RemoteSimulator pid=601542)[0m 17:11:17.875 | [1m[35mECLYPSE[0m | [1m[1m[35mSimulation[0m[1m[0m - [37mSimulation step | step=187[0m
[95m(outer_1 pid=601541)[0m 17:11:17.971 | [32m[1mSUCCESS[0m | [1m[32m[1mEndService[0m[1m[0m - [32m[1mPrediction on image 6079 is correct.[0m
[95m(outer_1 pid=601541)[0m 17:11:18.392 | [31m[1mERROR[0m | [1m[31m[1mEndService[0m[1m[0m - [31m[1mPrediction on image 4356 is incorrect.[0m
[95m(outer_1 pid=601541)[0m 17:11:18.825 | [31m[1mERROR[0m | [1m[31m[1mEndService[0m[1m[0m - [31m[1mPrediction on image 3404 is incorrect.[0m
[35m(RemoteSimulator pid=601542)[0m 17:11:18.876 | [1m[35mECLYPSE[0m | [1m[1m[35mPlacementManager[0m[1m[0m - [37mPlacement established | app=ImagePrediction | mapping={'EndService': 'outer_1', 'PredictorService': 'outer_2', 'TrainerService': 'outer_4'}[0m
[35m(RemoteSimulator pid=601542)[0m 17:11:18.876 | [1m[35mECLYPSE[0m | [1m[1m[35mSimulation[0m[1m[0m - [37mSimulation step | step=188[0m
[95m(outer_1 pid=601541)[0m 17:11:19.254 | [32m[1mSUCCESS[0m | [1m[32m[1mEndService[0m[1m[0m - [32m[1mPrediction on image 6893 is correct.[0m
[95m(outer_1 pid=601541)[0m 17:11:19.688 | [31m[1mERROR[0m | [1m[31m[1mEndService[0m[1m[0m - [31m[1mPrediction on image 6405 is incorrect.[0m
[35m(RemoteSimulator pid=601542)[0m 17:11:19.877 | [1m[35mECLYPSE[0m | [1m[1m[35mPlacementManager[0m[1m[0m - [37mPlacement established | app=ImagePrediction | mapping={'EndService': 'outer_1', 'PredictorService': 'outer_2', 'TrainerService': 'outer_4'}[0m
[35m(RemoteSimulator pid=601542)[0m 17:11:19.878 | [1m[35mECLYPSE[0m | [1m[1m[35mSimulation[0m[1m[0m - [37mSimulation step | step=189[0m
[95m(outer_1 pid=601541)[0m 17:11:20.112 | [31m[1mERROR[0m | [1m[31m[1mEndService[0m[1m[0m - [31m[1mPrediction on image 8711 is incorrect.[0m
[95m(outer_1 pid=601541)[0m 17:11:20.568 | [31m[1mERROR[0m | [1m[31m[1mEndService[0m[1m[0m - [31m[1mPrediction on image 9189 is incorrect.[0m
[35m(RemoteSimulator pid=601542)[0m 17:11:20.878 | [1m[35mECLYPSE[0m | [1m[1m[35mPlacementManager[0m[1m[0m - [37mPlacement established | app=ImagePrediction | mapping={'EndService': 'outer_1', 'PredictorService': 'outer_2', 'TrainerService': 'outer_4'}[0m
[35m(RemoteSimulator pid=601542)[0m 17:11:20.879 | [1m[35mECLYPSE[0m | [1m[1m[35mSimulation[0m[1m[0m - [37mSimulation step | step=190[0m
[95m(outer_1 pid=601541)[0m 17:11:21.007 | [31m[1mERROR[0m | [1m[31m[1mEndService[0m[1m[0m - [31m[1mPrediction on image 4161 is incorrect.[0m
[95m(outer_1 pid=601541)[0m 17:11:21.426 | [32m[1mSUCCESS[0m | [1m[32m[1mEndService[0m[1m[0m - [32m[1mPrediction on image 990 is correct.[0m
[95m(outer_1 pid=601541)[0m 17:11:21.848 | [31m[1mERROR[0m | [1m[31m[1mEndService[0m[1m[0m - [31m[1mPrediction on image 6110 is incorrect.[0m
[35m(RemoteSimulator pid=601542)[0m 17:11:21.880 | [1m[35mECLYPSE[0m | [1m[1m[35mPlacementManager[0m[1m[0m - [37mPlacement established | app=ImagePrediction | mapping={'EndService': 'outer_1', 'PredictorService': 'outer_2', 'TrainerService': 'outer_4'}[0m
[35m(RemoteSimulator pid=601542)[0m 17:11:21.880 | [1m[35mECLYPSE[0m | [1m[1m[35mSimulation[0m[1m[0m - [37mSimulation step | step=191[0m
[95m(outer_1 pid=601541)[0m 17:11:22.276 | [31m[1mERROR[0m | [1m[31m[1mEndService[0m[1m[0m - [31m[1mPrediction on image 4605 is incorrect.[0m
[95m(outer_1 pid=601541)[0m 17:11:22.701 | [32m[1mSUCCESS[0m | [1m[32m[1mEndService[0m[1m[0m - [32m[1mPrediction on image 4542 is correct.[0m
[35m(RemoteSimulator pid=601542)[0m 17:11:22.881 | [1m[35mECLYPSE[0m | [1m[1m[35mPlacementManager[0m[1m[0m - [37mPlacement established | app=ImagePrediction | mapping={'EndService': 'outer_1', 'PredictorService': 'outer_2', 'TrainerService': 'outer_4'}[0m
[35m(RemoteSimulator pid=601542)[0m 17:11:22.882 | [1m[35mECLYPSE[0m | [1m[1m[35mSimulation[0m[1m[0m - [37mSimulation step | step=192[0m
[95m(outer_1 pid=601541)[0m 17:11:23.129 | [31m[1mERROR[0m | [1m[31m[1mEndService[0m[1m[0m - [31m[1mPrediction on image 1073 is incorrect.[0m
[95m(outer_1 pid=601541)[0m 17:11:23.576 | [31m[1mERROR[0m | [1m[31m[1mEndService[0m[1m[0m - [31m[1mPrediction on image 2812 is incorrect.[0m
[35m(RemoteSimulator pid=601542)[0m 17:11:23.883 | [1m[35mECLYPSE[0m | [1m[1m[35mPlacementManager[0m[1m[0m - [37mPlacement established | app=ImagePrediction | mapping={'EndService': 'outer_1', 'PredictorService': 'outer_2', 'TrainerService': 'outer_4'}[0m
[35m(RemoteSimulator pid=601542)[0m 17:11:23.883 | [1m[35mECLYPSE[0m | [1m[1m[35mSimulation[0m[1m[0m - [37mSimulation step | step=193[0m
[95m(outer_1 pid=601541)[0m 17:11:24.004 | [31m[1mERROR[0m | [1m[31m[1mEndService[0m[1m[0m - [31m[1mPrediction on image 8841 is incorrect.[0m
[95m(outer_1 pid=601541)[0m 17:11:24.420 | [31m[1mERROR[0m | [1m[31m[1mEndService[0m[1m[0m - [31m[1mPrediction on image 2609 is incorrect.[0m
[95m(outer_1 pid=601541)[0m 17:11:24.852 | [32m[1mSUCCESS[0m | [1m[32m[1mEndService[0m[1m[0m - [32m[1mPrediction on image 1944 is correct.[0m
[35m(RemoteSimulator pid=601542)[0m 17:11:24.885 | [1m[35mECLYPSE[0m | [1m[1m[35mPlacementManager[0m[1m[0m - [37mPlacement established | app=ImagePrediction | mapping={'EndService': 'outer_1', 'PredictorService': 'outer_2', 'TrainerService': 'outer_4'}[0m
[35m(RemoteSimulator pid=601542)[0m 17:11:24.886 | [1m[35mECLYPSE[0m | [1m[1m[35mSimulation[0m[1m[0m - [37mSimulation step | step=194[0m
[95m(outer_1 pid=601541)[0m 17:11:25.280 | [32m[1mSUCCESS[0m | [1m[32m[1mEndService[0m[1m[0m - [32m[1mPrediction on image 1925 is correct.[0m
[95m(outer_1 pid=601541)[0m 17:11:25.704 | [31m[1mERROR[0m | [1m[31m[1mEndService[0m[1m[0m - [31m[1mPrediction on image 1184 is incorrect.[0m
[35m(RemoteSimulator pid=601542)[0m 17:11:25.887 | [1m[35mECLYPSE[0m | [1m[1m[35mPlacementManager[0m[1m[0m - [37mPlacement established | app=ImagePrediction | mapping={'EndService': 'outer_1', 'PredictorService': 'outer_2', 'TrainerService': 'outer_4'}[0m
[35m(RemoteSimulator pid=601542)[0m 17:11:25.887 | [1m[35mECLYPSE[0m | [1m[1m[35mSimulation[0m[1m[0m - [37mSimulation step | step=195[0m
[95m(outer_1 pid=601541)[0m 17:11:26.133 | [31m[1mERROR[0m | [1m[31m[1mEndService[0m[1m[0m - [31m[1mPrediction on image 7657 is incorrect.[0m
[95m(outer_1 pid=601541)[0m 17:11:26.553 | [31m[1mERROR[0m | [1m[31m[1mEndService[0m[1m[0m - [31m[1mPrediction on image 1552 is incorrect.[0m
[35m(RemoteSimulator pid=601542)[0m 17:11:26.888 | [1m[35mECLYPSE[0m | [1m[1m[35mPlacementManager[0m[1m[0m - [37mPlacement established | app=ImagePrediction | mapping={'EndService': 'outer_1', 'PredictorService': 'outer_2', 'TrainerService': 'outer_4'}[0m
[35m(RemoteSimulator pid=601542)[0m 17:11:26.889 | [1m[35mECLYPSE[0m | [1m[1m[35mSimulation[0m[1m[0m - [37mSimulation step | step=196[0m
[95m(outer_1 pid=601541)[0m 17:11:26.983 | [32m[1mSUCCESS[0m | [1m[32m[1mEndService[0m[1m[0m - [32m[1mPrediction on image 4120 is correct.[0m
[95m(outer_1 pid=601541)[0m 17:11:27.402 | [32m[1mSUCCESS[0m | [1m[32m[1mEndService[0m[1m[0m - [32m[1mPrediction on image 7532 is correct.[0m
[95m(outer_1 pid=601541)[0m 17:11:27.842 | [31m[1mERROR[0m | [1m[31m[1mEndService[0m[1m[0m - [31m[1mPrediction on image 1745 is incorrect.[0m
[35m(RemoteSimulator pid=601542)[0m 17:11:27.890 | [1m[35mECLYPSE[0m | [1m[1m[35mPlacementManager[0m[1m[0m - [37mPlacement established | app=ImagePrediction | mapping={'EndService': 'outer_1', 'PredictorService': 'outer_2', 'TrainerService': 'outer_4'}[0m
[35m(RemoteSimulator pid=601542)[0m 17:11:27.890 | [1m[35mECLYPSE[0m | [1m[1m[35mSimulation[0m[1m[0m - [37mSimulation step | step=197[0m
[95m(outer_1 pid=601541)[0m 17:11:28.259 | [32m[1mSUCCESS[0m | [1m[32m[1mEndService[0m[1m[0m - [32m[1mPrediction on image 1649 is correct.[0m
[95m(outer_1 pid=601541)[0m 17:11:28.681 | [31m[1mERROR[0m | [1m[31m[1mEndService[0m[1m[0m - [31m[1mPrediction on image 7600 is incorrect.[0m
[35m(RemoteSimulator pid=601542)[0m 17:11:28.891 | [1m[35mECLYPSE[0m | [1m[1m[35mPlacementManager[0m[1m[0m - [37mPlacement established | app=ImagePrediction | mapping={'EndService': 'outer_1', 'PredictorService': 'outer_2', 'TrainerService': 'outer_4'}[0m
[35m(RemoteSimulator pid=601542)[0m 17:11:28.891 | [1m[35mECLYPSE[0m | [1m[1m[35mSimulation[0m[1m[0m - [37mSimulation step | step=198[0m
[95m(outer_1 pid=601541)[0m 17:11:29.105 | [31m[1mERROR[0m | [1m[31m[1mEndService[0m[1m[0m - [31m[1mPrediction on image 4047 is incorrect.[0m
[95m(outer_1 pid=601541)[0m 17:11:29.546 | [31m[1mERROR[0m | [1m[31m[1mEndService[0m[1m[0m - [31m[1mPrediction on image 8597 is incorrect.[0m
[35m(RemoteSimulator pid=601542)[0m 17:11:29.892 | [1m[35mECLYPSE[0m | [1m[1m[35mPlacementManager[0m[1m[0m - [37mPlacement established | app=ImagePrediction | mapping={'EndService': 'outer_1', 'PredictorService': 'outer_2', 'TrainerService': 'outer_4'}[0m
[35m(RemoteSimulator pid=601542)[0m 17:11:29.892 | [1m[35mECLYPSE[0m | [1m[1m[35mSimulation[0m[1m[0m - [37mSimulation step | step=199[0m
[95m(outer_1 pid=601541)[0m 17:11:29.976 | [31m[1mERROR[0m | [1m[31m[1mEndService[0m[1m[0m - [31m[1mPrediction on image 9345 is incorrect.[0m
[95m(outer_1 pid=601541)[0m 17:11:30.393 | [32m[1mSUCCESS[0m | [1m[32m[1mEndService[0m[1m[0m - [32m[1mPrediction on image 286 is correct.[0m
[95m(outer_1 pid=601541)[0m 17:11:30.825 | [32m[1mSUCCESS[0m | [1m[32m[1mEndService[0m[1m[0m - [32m[1mPrediction on image 4430 is correct.[0m
[35m(RemoteSimulator pid=601542)[0m 17:11:30.893 | [1m[35mECLYPSE[0m | [1m[1m[35mPlacementManager[0m[1m[0m - [37mPlacement established | app=ImagePrediction | mapping={'EndService': 'outer_1', 'PredictorService': 'outer_2', 'TrainerService': 'outer_4'}[0m
[35m(RemoteSimulator pid=601542)[0m 17:11:30.894 | [1m[35mECLYPSE[0m | [1m[1m[35mSimulation[0m[1m[0m - [37mSimulation step | step=200[0m
[95m(outer_1 pid=601541)[0m 17:11:31.256 | [31m[1mERROR[0m | [1m[31m[1mEndService[0m[1m[0m - [31m[1mPrediction on image 6910 is incorrect.[0m
[95m(outer_1 pid=601541)[0m 17:11:31.679 | [31m[1mERROR[0m | [1m[31m[1mEndService[0m[1m[0m - [31m[1mPrediction on image 4563 is incorrect.[0m
[35m(RemoteSimulator pid=601542)[0m 17:11:31.894 | [1m[35mECLYPSE[0m | [1m[1m[35mPlacementManager[0m[1m[0m - [37mPlacement established | app=ImagePrediction | mapping={'EndService': 'outer_1', 'PredictorService': 'outer_2', 'TrainerService': 'outer_4'}[0m
[35m(RemoteSimulator pid=601542)[0m 17:11:31.895 | [1m[35mECLYPSE[0m | [1m[1m[35mSimulation[0m[1m[0m - [37mSimulation step | step=201[0m
[95m(outer_1 pid=601541)[0m 17:11:32.105 | [32m[1mSUCCESS[0m | [1m[32m[1mEndService[0m[1m[0m - [32m[1mPrediction on image 690 is correct.[0m
[95m(outer_1 pid=601541)[0m 17:11:32.537 | [31m[1mERROR[0m | [1m[31m[1mEndService[0m[1m[0m - [31m[1mPrediction on image 9672 is incorrect.[0m
[35m(RemoteSimulator pid=601542)[0m 17:11:32.895 | [1m[35mECLYPSE[0m | [1m[1m[35mPlacementManager[0m[1m[0m - [37mPlacement established | app=ImagePrediction | mapping={'EndService': 'outer_1', 'PredictorService': 'outer_2', 'TrainerService': 'outer_4'}[0m
[35m(RemoteSimulator pid=601542)[0m 17:11:32.896 | [1m[35mECLYPSE[0m | [1m[1m[35mSimulation[0m[1m[0m - [37mSimulation step | step=202[0m
[95m(outer_1 pid=601541)[0m 17:11:32.960 | [31m[1mERROR[0m | [1m[31m[1mEndService[0m[1m[0m - [31m[1mPrediction on image 4311 is incorrect.[0m
[95m(outer_1 pid=601541)[0m 17:11:33.376 | [31m[1mERROR[0m | [1m[31m[1mEndService[0m[1m[0m - [31m[1mPrediction on image 4586 is incorrect.[0m
[95m(outer_1 pid=601541)[0m 17:11:33.794 | [32m[1mSUCCESS[0m | [1m[32m[1mEndService[0m[1m[0m - [32m[1mPrediction on image 9053 is correct.[0m
[35m(RemoteSimulator pid=601542)[0m 17:11:33.897 | [1m[35mECLYPSE[0m | [1m[1m[35mPlacementManager[0m[1m[0m - [37mPlacement established | app=ImagePrediction | mapping={'EndService': 'outer_1', 'PredictorService': 'outer_2', 'TrainerService': 'outer_4'}[0m
[35m(RemoteSimulator pid=601542)[0m 17:11:33.898 | [1m[35mECLYPSE[0m | [1m[1m[35mSimulation[0m[1m[0m - [37mSimulation step | step=203[0m
[95m(outer_1 pid=601541)[0m 17:11:34.217 | [32m[1mSUCCESS[0m | [1m[32m[1mEndService[0m[1m[0m - [32m[1mPrediction on image 6768 is correct.[0m
[95m(outer_1 pid=601541)[0m 17:11:34.664 | [31m[1mERROR[0m | [1m[31m[1mEndService[0m[1m[0m - [31m[1mPrediction on image 2705 is incorrect.[0m
[35m(RemoteSimulator pid=601542)[0m 17:11:34.898 | [1m[35mECLYPSE[0m | [1m[1m[35mPlacementManager[0m[1m[0m - [37mPlacement established | app=ImagePrediction | mapping={'EndService': 'outer_1', 'PredictorService': 'outer_2', 'TrainerService': 'outer_4'}[0m
[35m(RemoteSimulator pid=601542)[0m 17:11:34.899 | [1m[35mECLYPSE[0m | [1m[1m[35mSimulation[0m[1m[0m - [37mSimulation step | step=204[0m
[95m(outer_1 pid=601541)[0m 17:11:35.100 | [32m[1mSUCCESS[0m | [1m[32m[1mEndService[0m[1m[0m - [32m[1mPrediction on image 6705 is correct.[0m
[95m(outer_1 pid=601541)[0m 17:11:35.533 | [31m[1mERROR[0m | [1m[31m[1mEndService[0m[1m[0m - [31m[1mPrediction on image 2391 is incorrect.[0m
[95m(outer_1 pid=601541)[0m 17:11:35.960 | [31m[1mERROR[0m | [1m[31m[1mEndService[0m[1m[0m - [31m[1mPrediction on image 5782 is incorrect.[0m
[35m(RemoteSimulator pid=601542)[0m 17:11:35.900 | [1m[35mECLYPSE[0m | [1m[1m[35mPlacementManager[0m[1m[0m - [37mPlacement established | app=ImagePrediction | mapping={'EndService': 'outer_1', 'PredictorService': 'outer_2', 'TrainerService': 'outer_4'}[0m
[35m(RemoteSimulator pid=601542)[0m 17:11:35.900 | [1m[35mECLYPSE[0m | [1m[1m[35mSimulation[0m[1m[0m - [37mSimulation step | step=205[0m
[95m(outer_1 pid=601541)[0m 17:11:36.500 | [32m[1mSUCCESS[0m | [1m[32m[1mEndService[0m[1m[0m - [32m[1mPrediction on image 4883 is correct.[0m
[35m(RemoteSimulator pid=601542)[0m 17:11:36.901 | [1m[35mECLYPSE[0m | [1m[1m[35mPlacementManager[0m[1m[0m - [37mPlacement established | app=ImagePrediction | mapping={'EndService': 'outer_1', 'PredictorService': 'outer_2', 'TrainerService': 'outer_4'}[0m
[35m(RemoteSimulator pid=601542)[0m 17:11:36.901 | [1m[35mECLYPSE[0m | [1m[1m[35mSimulation[0m[1m[0m - [37mSimulation step | step=206[0m
[95m(outer_1 pid=601541)[0m 17:11:36.933 | [31m[1mERROR[0m | [1m[31m[1mEndService[0m[1m[0m - [31m[1mPrediction on image 4025 is incorrect.[0m
[95m(outer_1 pid=601541)[0m 17:11:37.349 | [32m[1mSUCCESS[0m | [1m[32m[1mEndService[0m[1m[0m - [32m[1mPrediction on image 1126 is correct.[0m
[95m(outer_1 pid=601541)[0m 17:11:37.787 | [31m[1mERROR[0m | [1m[31m[1mEndService[0m[1m[0m - [31m[1mPrediction on image 7537 is incorrect.[0m
[35m(RemoteSimulator pid=601542)[0m 17:11:37.902 | [1m[35mECLYPSE[0m | [1m[1m[35mPlacementManager[0m[1m[0m - [37mPlacement established | app=ImagePrediction | mapping={'EndService': 'outer_1', 'PredictorService': 'outer_2', 'TrainerService': 'outer_4'}[0m
[35m(RemoteSimulator pid=601542)[0m 17:11:37.902 | [1m[35mECLYPSE[0m | [1m[1m[35mSimulation[0m[1m[0m - [37mSimulation step | step=207[0m
[95m(outer_1 pid=601541)[0m 17:11:38.205 | [31m[1mERROR[0m | [1m[31m[1mEndService[0m[1m[0m - [31m[1mPrediction on image 2685 is incorrect.[0m
[95m(outer_1 pid=601541)[0m 17:11:38.626 | [32m[1mSUCCESS[0m | [1m[32m[1mEndService[0m[1m[0m - [32m[1mPrediction on image 8794 is correct.[0m
[35m(RemoteSimulator pid=601542)[0m 17:11:38.903 | [1m[35mECLYPSE[0m | [1m[1m[35mPlacementManager[0m[1m[0m - [37mPlacement established | app=ImagePrediction | mapping={'EndService': 'outer_1', 'PredictorService': 'outer_2', 'TrainerService': 'outer_4'}[0m
[35m(RemoteSimulator pid=601542)[0m 17:11:38.903 | [1m[35mECLYPSE[0m | [1m[1m[35mSimulation[0m[1m[0m - [37mSimulation step | step=208[0m
[95m(outer_1 pid=601541)[0m 17:11:39.070 | [31m[1mERROR[0m | [1m[31m[1mEndService[0m[1m[0m - [31m[1mPrediction on image 8936 is incorrect.[0m
[95m(outer_1 pid=601541)[0m 17:11:39.506 | [31m[1mERROR[0m | [1m[31m[1mEndService[0m[1m[0m - [31m[1mPrediction on image 2416 is incorrect.[0m
[95m(outer_1 pid=601541)[0m 17:11:39.919 | [32m[1mSUCCESS[0m | [1m[32m[1mEndService[0m[1m[0m - [32m[1mPrediction on image 5326 is correct.[0m
[35m(RemoteSimulator pid=601542)[0m 17:11:39.904 | [1m[35mECLYPSE[0m | [1m[1m[35mPlacementManager[0m[1m[0m - [37mPlacement established | app=ImagePrediction | mapping={'EndService': 'outer_1', 'PredictorService': 'outer_2', 'TrainerService': 'outer_4'}[0m
[35m(RemoteSimulator pid=601542)[0m 17:11:39.905 | [1m[35mECLYPSE[0m | [1m[1m[35mSimulation[0m[1m[0m - [37mSimulation step | step=209[0m
[95m(outer_1 pid=601541)[0m 17:11:40.329 | [31m[1mERROR[0m | [1m[31m[1mEndService[0m[1m[0m - [31m[1mPrediction on image 2870 is incorrect.[0m
[95m(outer_1 pid=601541)[0m 17:11:40.772 | [31m[1mERROR[0m | [1m[31m[1mEndService[0m[1m[0m - [31m[1mPrediction on image 4975 is incorrect.[0m
[35m(RemoteSimulator pid=601542)[0m 17:11:40.906 | [1m[35mECLYPSE[0m | [1m[1m[35mPlacementManager[0m[1m[0m - [37mPlacement established | app=ImagePrediction | mapping={'EndService': 'outer_1', 'PredictorService': 'outer_2', 'TrainerService': 'outer_4'}[0m
[35m(RemoteSimulator pid=601542)[0m 17:11:40.906 | [1m[35mECLYPSE[0m | [1m[1m[35mSimulation[0m[1m[0m - [37mSimulation step | step=210[0m
[95m(outer_1 pid=601541)[0m 17:11:41.199 | [31m[1mERROR[0m | [1m[31m[1mEndService[0m[1m[0m - [31m[1mPrediction on image 203 is incorrect.[0m
[95m(outer_1 pid=601541)[0m 17:11:41.642 | [32m[1mSUCCESS[0m | [1m[32m[1mEndService[0m[1m[0m - [32m[1mPrediction on image 2774 is correct.[0m
[35m(RemoteSimulator pid=601542)[0m 17:11:41.907 | [1m[35mECLYPSE[0m | [1m[1m[35mPlacementManager[0m[1m[0m - [37mPlacement established | app=ImagePrediction | mapping={'EndService': 'outer_1', 'PredictorService': 'outer_2', 'TrainerService': 'outer_4'}[0m
[35m(RemoteSimulator pid=601542)[0m 17:11:41.907 | [1m[35mECLYPSE[0m | [1m[1m[35mSimulation[0m[1m[0m - [37mSimulation step | step=211[0m
[95m(outer_1 pid=601541)[0m 17:11:42.073 | [31m[1mERROR[0m | [1m[31m[1mEndService[0m[1m[0m - [31m[1mPrediction on image 3711 is incorrect.[0m
[95m(outer_1 pid=601541)[0m 17:11:42.506 | [32m[1mSUCCESS[0m | [1m[32m[1mEndService[0m[1m[0m - [32m[1mPrediction on image 2608 is correct.[0m
[95m(outer_1 pid=601541)[0m 17:11:42.920 | [31m[1mERROR[0m | [1m[31m[1mEndService[0m[1m[0m - [31m[1mPrediction on image 2182 is incorrect.[0m
[35m(RemoteSimulator pid=601542)[0m 17:11:42.908 | [1m[35mECLYPSE[0m | [1m[1m[35mPlacementManager[0m[1m[0m - [37mPlacement established | app=ImagePrediction | mapping={'EndService': 'outer_1', 'PredictorService': 'outer_2', 'TrainerService': 'outer_4'}[0m
[35m(RemoteSimulator pid=601542)[0m 17:11:42.908 | [1m[35mECLYPSE[0m | [1m[1m[35mSimulation[0m[1m[0m - [37mSimulation step | step=212[0m
[95m(outer_1 pid=601541)[0m 17:11:43.333 | [32m[1mSUCCESS[0m | [1m[32m[1mEndService[0m[1m[0m - [32m[1mPrediction on image 82 is correct.[0m
[95m(outer_1 pid=601541)[0m 17:11:43.779 | [31m[1mERROR[0m | [1m[31m[1mEndService[0m[1m[0m - [31m[1mPrediction on image 9404 is incorrect.[0m
[35m(RemoteSimulator pid=601542)[0m 17:11:43.909 | [1m[35mECLYPSE[0m | [1m[1m[35mPlacementManager[0m[1m[0m - [37mPlacement established | app=ImagePrediction | mapping={'EndService': 'outer_1', 'PredictorService': 'outer_2', 'TrainerService': 'outer_4'}[0m
[35m(RemoteSimulator pid=601542)[0m 17:11:43.910 | [1m[35mECLYPSE[0m | [1m[1m[35mSimulation[0m[1m[0m - [37mSimulation step | step=213[0m
[95m(outer_1 pid=601541)[0m 17:11:44.196 | [31m[1mERROR[0m | [1m[31m[1mEndService[0m[1m[0m - [31m[1mPrediction on image 8581 is incorrect.[0m
[95m(outer_1 pid=601541)[0m 17:11:44.662 | [31m[1mERROR[0m | [1m[31m[1mEndService[0m[1m[0m - [31m[1mPrediction on image 450 is incorrect.[0m
[35m(RemoteSimulator pid=601542)[0m 17:11:44.910 | [1m[35mECLYPSE[0m | [1m[1m[35mPlacementManager[0m[1m[0m - [37mPlacement established | app=ImagePrediction | mapping={'EndService': 'outer_1', 'PredictorService': 'outer_2', 'TrainerService': 'outer_4'}[0m
[35m(RemoteSimulator pid=601542)[0m 17:11:44.911 | [1m[35mECLYPSE[0m | [1m[1m[35mSimulation[0m[1m[0m - [37mSimulation step | step=214[0m
[95m(outer_1 pid=601541)[0m 17:11:45.128 | [32m[1mSUCCESS[0m | [1m[32m[1mEndService[0m[1m[0m - [32m[1mPrediction on image 2638 is correct.[0m
[95m(outer_1 pid=601541)[0m 17:11:45.575 | [31m[1mERROR[0m | [1m[31m[1mEndService[0m[1m[0m - [31m[1mPrediction on image 384 is incorrect.[0m
[35m(RemoteSimulator pid=601542)[0m 17:11:45.911 | [1m[35mECLYPSE[0m | [1m[1m[35mPlacementManager[0m[1m[0m - [37mPlacement established | app=ImagePrediction | mapping={'EndService': 'outer_1', 'PredictorService': 'outer_2', 'TrainerService': 'outer_4'}[0m
[35m(RemoteSimulator pid=601542)[0m 17:11:45.912 | [1m[35mECLYPSE[0m | [1m[1m[35mSimulation[0m[1m[0m - [37mSimulation step | step=215[0m
[95m(outer_1 pid=601541)[0m 17:11:45.996 | [31m[1mERROR[0m | [1m[31m[1mEndService[0m[1m[0m - [31m[1mPrediction on image 2812 is incorrect.[0m
[95m(outer_1 pid=601541)[0m 17:11:46.413 | [31m[1mERROR[0m | [1m[31m[1mEndService[0m[1m[0m - [31m[1mPrediction on image 7905 is incorrect.[0m
[95m(outer_1 pid=601541)[0m 17:11:46.865 | [31m[1mERROR[0m | [1m[31m[1mEndService[0m[1m[0m - [31m[1mPrediction on image 1711 is incorrect.[0m
[35m(RemoteSimulator pid=601542)[0m 17:11:46.912 | [1m[35mECLYPSE[0m | [1m[1m[35mPlacementManager[0m[1m[0m - [37mPlacement established | app=ImagePrediction | mapping={'EndService': 'outer_1', 'PredictorService': 'outer_2', 'TrainerService': 'outer_4'}[0m
[35m(RemoteSimulator pid=601542)[0m 17:11:46.913 | [1m[35mECLYPSE[0m | [1m[1m[35mSimulation[0m[1m[0m - [37mSimulation step | step=216[0m
[95m(outer_1 pid=601541)[0m 17:11:47.292 | [32m[1mSUCCESS[0m | [1m[32m[1mEndService[0m[1m[0m - [32m[1mPrediction on image 3463 is correct.[0m
[95m(outer_1 pid=601541)[0m 17:11:47.774 | [32m[1mSUCCESS[0m | [1m[32m[1mEndService[0m[1m[0m - [32m[1mPrediction on image 4513 is correct.[0m
[35m(RemoteSimulator pid=601542)[0m 17:11:47.914 | [1m[35mECLYPSE[0m | [1m[1m[35mPlacementManager[0m[1m[0m - [37mPlacement established | app=ImagePrediction | mapping={'EndService': 'outer_1', 'PredictorService': 'outer_2', 'TrainerService': 'outer_4'}[0m
[35m(RemoteSimulator pid=601542)[0m 17:11:47.914 | [1m[35mECLYPSE[0m | [1m[1m[35mSimulation[0m[1m[0m - [37mSimulation step | step=217[0m
[95m(outer_1 pid=601541)[0m 17:11:48.204 | [31m[1mERROR[0m | [1m[31m[1mEndService[0m[1m[0m - [31m[1mPrediction on image 2718 is incorrect.[0m
[95m(outer_1 pid=601541)[0m 17:11:48.641 | [32m[1mSUCCESS[0m | [1m[32m[1mEndService[0m[1m[0m - [32m[1mPrediction on image 8756 is correct.[0m
[35m(RemoteSimulator pid=601542)[0m 17:11:48.915 | [1m[35mECLYPSE[0m | [1m[1m[35mPlacementManager[0m[1m[0m - [37mPlacement established | app=ImagePrediction | mapping={'EndService': 'outer_1', 'PredictorService': 'outer_2', 'TrainerService': 'outer_4'}[0m
[35m(RemoteSimulator pid=601542)[0m 17:11:48.916 | [1m[35mECLYPSE[0m | [1m[1m[35mSimulation[0m[1m[0m - [37mSimulation step | step=218[0m
[95m(outer_1 pid=601541)[0m 17:11:49.077 | [31m[1mERROR[0m | [1m[31m[1mEndService[0m[1m[0m - [31m[1mPrediction on image 3621 is incorrect.[0m
[95m(outer_1 pid=601541)[0m 17:11:49.516 | [31m[1mERROR[0m | [1m[31m[1mEndService[0m[1m[0m - [31m[1mPrediction on image 9499 is incorrect.[0m
[35m(RemoteSimulator pid=601542)[0m 17:11:49.916 | [1m[35mECLYPSE[0m | [1m[1m[35mPlacementManager[0m[1m[0m - [37mPlacement established | app=ImagePrediction | mapping={'EndService': 'outer_1', 'PredictorService': 'outer_2', 'TrainerService': 'outer_4'}[0m
[35m(RemoteSimulator pid=601542)[0m 17:11:49.917 | [1m[35mECLYPSE[0m | [1m[1m[35mSimulation[0m[1m[0m - [37mSimulation step | step=219[0m
[95m(outer_1 pid=601541)[0m 17:11:49.934 | [32m[1mSUCCESS[0m | [1m[32m[1mEndService[0m[1m[0m - [32m[1mPrediction on image 3426 is correct.[0m
[95m(outer_1 pid=601541)[0m 17:11:50.351 | [31m[1mERROR[0m | [1m[31m[1mEndService[0m[1m[0m - [31m[1mPrediction on image 6374 is incorrect.[0m
[94m(outer_2 pid=601540)[0m 17:11:50.710 | [33m[1mWARNING[0m | [1m[33m[1mPredictorService[0m[1m[0m - [33m[1mModel updated.[0m
[95m(outer_1 pid=601541)[0m 17:11:50.802 | [32m[1mSUCCESS[0m | [1m[32m[1mEndService[0m[1m[0m - [32m[1mPrediction on image 2045 is correct.[0m
[35m(RemoteSimulator pid=601542)[0m 17:11:50.918 | [1m[35mECLYPSE[0m | [1m[1m[35mPlacementManager[0m[1m[0m - [37mPlacement established | app=ImagePrediction | mapping={'EndService': 'outer_1', 'PredictorService': 'outer_2', 'TrainerService': 'outer_4'}[0m
[35m(RemoteSimulator pid=601542)[0m 17:11:50.918 | [1m[35mECLYPSE[0m | [1m[1m[35mSimulation[0m[1m[0m - [37mSimulation step | step=220[0m
[95m(outer_1 pid=601541)[0m 17:11:50.988 | [32m[1mSUCCESS[0m | [1m[32m[1mEndService[0m[1m[0m - [32m[1mPrediction on image 6105 is correct.[0m
[95m(outer_1 pid=601541)[0m 17:11:51.176 | [31m[1mERROR[0m | [1m[31m[1mEndService[0m[1m[0m - [31m[1mPrediction on image 7521 is incorrect.[0m
[95m(outer_1 pid=601541)[0m 17:11:51.378 | [31m[1mERROR[0m | [1m[31m[1mEndService[0m[1m[0m - [31m[1mPrediction on image 3569 is incorrect.[0m
[95m(outer_1 pid=601541)[0m 17:11:51.574 | [31m[1mERROR[0m | [1m[31m[1mEndService[0m[1m[0m - [31m[1mPrediction on image 8994 is incorrect.[0m
[95m(outer_1 pid=601541)[0m 17:11:51.759 | [32m[1mSUCCESS[0m | [1m[32m[1mEndService[0m[1m[0m - [32m[1mPrediction on image 2895 is correct.[0m
[95m(outer_1 pid=601541)[0m 17:11:51.944 | [31m[1mERROR[0m | [1m[31m[1mEndService[0m[1m[0m - [31m[1mPrediction on image 695 is incorrect.[0m
[35m(RemoteSimulator pid=601542)[0m 17:11:51.919 | [1m[35mECLYPSE[0m | [1m[1m[35mPlacementManager[0m[1m[0m - [37mPlacement established | app=ImagePrediction | mapping={'EndService': 'outer_1', 'PredictorService': 'outer_2', 'TrainerService': 'outer_4'}[0m
[35m(RemoteSimulator pid=601542)[0m 17:11:51.919 | [1m[35mECLYPSE[0m | [1m[1m[35mSimulation[0m[1m[0m - [37mSimulation step | step=221[0m
[95m(outer_1 pid=601541)[0m 17:11:52.131 | [32m[1mSUCCESS[0m | [1m[32m[1mEndService[0m[1m[0m - [32m[1mPrediction on image 2226 is correct.[0m
[95m(outer_1 pid=601541)[0m 17:11:52.315 | [32m[1mSUCCESS[0m | [1m[32m[1mEndService[0m[1m[0m - [32m[1mPrediction on image 7367 is correct.[0m
[95m(outer_1 pid=601541)[0m 17:11:52.499 | [31m[1mERROR[0m | [1m[31m[1mEndService[0m[1m[0m - [31m[1mPrediction on image 9372 is incorrect.[0m
[95m(outer_1 pid=601541)[0m 17:11:52.682 | [32m[1mSUCCESS[0m | [1m[32m[1mEndService[0m[1m[0m - [32m[1mPrediction on image 8961 is correct.[0m
[95m(outer_1 pid=601541)[0m 17:11:52.868 | [31m[1mERROR[0m | [1m[31m[1mEndService[0m[1m[0m - [31m[1mPrediction on image 1553 is incorrect.[0m
[35m(RemoteSimulator pid=601542)[0m 17:11:52.920 | [1m[35mECLYPSE[0m | [1m[1m[35mPlacementManager[0m[1m[0m - [37mPlacement established | app=ImagePrediction | mapping={'EndService': 'outer_1', 'PredictorService': 'outer_2', 'TrainerService': 'outer_4'}[0m
[35m(RemoteSimulator pid=601542)[0m 17:11:52.920 | [1m[35mECLYPSE[0m | [1m[1m[35mSimulation[0m[1m[0m - [37mSimulation step | step=222[0m
[95m(outer_1 pid=601541)[0m 17:11:53.058 | [31m[1mERROR[0m | [1m[31m[1mEndService[0m[1m[0m - [31m[1mPrediction on image 8322 is incorrect.[0m
[95m(outer_1 pid=601541)[0m 17:11:53.243 | [32m[1mSUCCESS[0m | [1m[32m[1mEndService[0m[1m[0m - [32m[1mPrediction on image 6983 is correct.[0m
[95m(outer_1 pid=601541)[0m 17:11:53.427 | [32m[1mSUCCESS[0m | [1m[32m[1mEndService[0m[1m[0m - [32m[1mPrediction on image 3075 is correct.[0m
[95m(outer_1 pid=601541)[0m 17:11:53.622 | [32m[1mSUCCESS[0m | [1m[32m[1mEndService[0m[1m[0m - [32m[1mPrediction on image 7271 is correct.[0m
[95m(outer_1 pid=601541)[0m 17:11:53.817 | [31m[1mERROR[0m | [1m[31m[1mEndService[0m[1m[0m - [31m[1mPrediction on image 7517 is incorrect.[0m
[95m(outer_1 pid=601541)[0m 17:11:54.002 | [31m[1mERROR[0m | [1m[31m[1mEndService[0m[1m[0m - [31m[1mPrediction on image 9594 is incorrect.[0m
[35m(RemoteSimulator pid=601542)[0m 17:11:53.921 | [1m[35mECLYPSE[0m | [1m[1m[35mPlacementManager[0m[1m[0m - [37mPlacement established | app=ImagePrediction | mapping={'EndService': 'outer_1', 'PredictorService': 'outer_2', 'TrainerService': 'outer_4'}[0m
[35m(RemoteSimulator pid=601542)[0m 17:11:53.922 | [1m[35mECLYPSE[0m | [1m[1m[35mSimulation[0m[1m[0m - [37mSimulation step | step=223[0m
[95m(outer_1 pid=601541)[0m 17:11:54.191 | [32m[1mSUCCESS[0m | [1m[32m[1mEndService[0m[1m[0m - [32m[1mPrediction on image 686 is correct.[0m
[95m(outer_1 pid=601541)[0m 17:11:54.384 | [32m[1mSUCCESS[0m | [1m[32m[1mEndService[0m[1m[0m - [32m[1mPrediction on image 5589 is correct.[0m
[95m(outer_1 pid=601541)[0m 17:11:54.577 | [31m[1mERROR[0m | [1m[31m[1mEndService[0m[1m[0m - [31m[1mPrediction on image 882 is incorrect.[0m
[95m(outer_1 pid=601541)[0m 17:11:54.761 | [31m[1mERROR[0m | [1m[31m[1mEndService[0m[1m[0m - [31m[1mPrediction on image 6726 is incorrect.[0m
[35m(RemoteSimulator pid=601542)[0m 17:11:54.923 | [1m[35mECLYPSE[0m | [1m[1m[35mPlacementManager[0m[1m[0m - [37mPlacement established | app=ImagePrediction | mapping={'EndService': 'outer_1', 'PredictorService': 'outer_2', 'TrainerService': 'outer_4'}[0m
[35m(RemoteSimulator pid=601542)[0m 17:11:54.923 | [1m[35mECLYPSE[0m | [1m[1m[35mSimulation[0m[1m[0m - [37mSimulation step | step=224[0m
[95m(outer_1 pid=601541)[0m 17:11:54.951 | [32m[1mSUCCESS[0m | [1m[32m[1mEndService[0m[1m[0m - [32m[1mPrediction on image 3982 is correct.[0m
[95m(outer_1 pid=601541)[0m 17:11:55.136 | [32m[1mSUCCESS[0m | [1m[32m[1mEndService[0m[1m[0m - [32m[1mPrediction on image 6617 is correct.[0m
[95m(outer_1 pid=601541)[0m 17:11:55.326 | [31m[1mERROR[0m | [1m[31m[1mEndService[0m[1m[0m - [31m[1mPrediction on image 5302 is incorrect.[0m
[95m(outer_1 pid=601541)[0m 17:11:55.518 | [31m[1mERROR[0m | [1m[31m[1mEndService[0m[1m[0m - [31m[1mPrediction on image 5193 is incorrect.[0m
[95m(outer_1 pid=601541)[0m 17:11:55.718 | [32m[1mSUCCESS[0m | [1m[32m[1mEndService[0m[1m[0m - [32m[1mPrediction on image 3560 is correct.[0m
[95m(outer_1 pid=601541)[0m 17:11:55.916 | [31m[1mERROR[0m | [1m[31m[1mEndService[0m[1m[0m - [31m[1mPrediction on image 8306 is incorrect.[0m
[35m(RemoteSimulator pid=601542)[0m 17:11:55.924 | [1m[35mECLYPSE[0m | [1m[1m[35mPlacementManager[0m[1m[0m - [37mPlacement established | app=ImagePrediction | mapping={'EndService': 'outer_1', 'PredictorService': 'outer_2', 'TrainerService': 'outer_4'}[0m
[35m(RemoteSimulator pid=601542)[0m 17:11:55.924 | [1m[35mECLYPSE[0m | [1m[1m[35mSimulation[0m[1m[0m - [37mSimulation step | step=225[0m
[95m(outer_1 pid=601541)[0m 17:11:56.113 | [31m[1mERROR[0m | [1m[31m[1mEndService[0m[1m[0m - [31m[1mPrediction on image 284 is incorrect.[0m
[95m(outer_1 pid=601541)[0m 17:11:56.297 | [32m[1mSUCCESS[0m | [1m[32m[1mEndService[0m[1m[0m - [32m[1mPrediction on image 2731 is correct.[0m
[95m(outer_1 pid=601541)[0m 17:11:56.487 | [32m[1mSUCCESS[0m | [1m[32m[1mEndService[0m[1m[0m - [32m[1mPrediction on image 9875 is correct.[0m
[95m(outer_1 pid=601541)[0m 17:11:56.904 | [32m[1mSUCCESS[0m | [1m[32m[1mEndService[0m[1m[0m - [32m[1mPrediction on image 804 is correct.[0m
[35m(RemoteSimulator pid=601542)[0m 17:11:56.925 | [1m[35mECLYPSE[0m | [1m[1m[35mPlacementManager[0m[1m[0m - [37mPlacement established | app=ImagePrediction | mapping={'EndService': 'outer_1', 'PredictorService': 'outer_2', 'TrainerService': 'outer_4'}[0m
[35m(RemoteSimulator pid=601542)[0m 17:11:56.925 | [1m[35mECLYPSE[0m | [1m[1m[35mSimulation[0m[1m[0m - [37mSimulation step | step=226[0m
[95m(outer_1 pid=601541)[0m 17:11:57.329 | [31m[1mERROR[0m | [1m[31m[1mEndService[0m[1m[0m - [31m[1mPrediction on image 6270 is incorrect.[0m
[95m(outer_1 pid=601541)[0m 17:11:57.742 | [31m[1mERROR[0m | [1m[31m[1mEndService[0m[1m[0m - [31m[1mPrediction on image 1295 is incorrect.[0m
[35m(RemoteSimulator pid=601542)[0m 17:11:57.926 | [1m[35mECLYPSE[0m | [1m[1m[35mPlacementManager[0m[1m[0m - [37mPlacement established | app=ImagePrediction | mapping={'EndService': 'outer_1', 'PredictorService': 'outer_2', 'TrainerService': 'outer_4'}[0m
[35m(RemoteSimulator pid=601542)[0m 17:11:57.926 | [1m[35mECLYPSE[0m | [1m[1m[35mSimulation[0m[1m[0m - [37mSimulation step | step=227[0m
[95m(outer_1 pid=601541)[0m 17:11:58.186 | [31m[1mERROR[0m | [1m[31m[1mEndService[0m[1m[0m - [31m[1mPrediction on image 1947 is incorrect.[0m
[95m(outer_1 pid=601541)[0m 17:11:58.621 | [32m[1mSUCCESS[0m | [1m[32m[1mEndService[0m[1m[0m - [32m[1mPrediction on image 4668 is correct.[0m
[35m(RemoteSimulator pid=601542)[0m 17:11:58.927 | [1m[35mECLYPSE[0m | [1m[1m[35mPlacementManager[0m[1m[0m - [37mPlacement established | app=ImagePrediction | mapping={'EndService': 'outer_1', 'PredictorService': 'outer_2', 'TrainerService': 'outer_4'}[0m
[35m(RemoteSimulator pid=601542)[0m 17:11:58.928 | [1m[35mECLYPSE[0m | [1m[1m[35mSimulation[0m[1m[0m - [37mSimulation step | step=228[0m
[95m(outer_1 pid=601541)[0m 17:11:59.063 | [31m[1mERROR[0m | [1m[31m[1mEndService[0m[1m[0m - [31m[1mPrediction on image 6675 is incorrect.[0m
[95m(outer_1 pid=601541)[0m 17:11:59.501 | [32m[1mSUCCESS[0m | [1m[32m[1mEndService[0m[1m[0m - [32m[1mPrediction on image 9974 is correct.[0m
[95m(outer_1 pid=601541)[0m 17:11:59.918 | [32m[1mSUCCESS[0m | [1m[32m[1mEndService[0m[1m[0m - [32m[1mPrediction on image 8379 is correct.[0m
[35m(RemoteSimulator pid=601542)[0m 17:11:59.929 | [1m[35mECLYPSE[0m | [1m[1m[35mPlacementManager[0m[1m[0m - [37mPlacement established | app=ImagePrediction | mapping={'EndService': 'outer_1', 'PredictorService': 'outer_2', 'TrainerService': 'outer_4'}[0m
[35m(RemoteSimulator pid=601542)[0m 17:11:59.929 | [1m[35mECLYPSE[0m | [1m[1m[35mSimulation[0m[1m[0m - [37mSimulation step | step=229[0m
[95m(outer_1 pid=601541)[0m 17:12:00.337 | [32m[1mSUCCESS[0m | [1m[32m[1mEndService[0m[1m[0m - [32m[1mPrediction on image 8083 is correct.[0m
[95m(outer_1 pid=601541)[0m 17:12:00.760 | [31m[1mERROR[0m | [1m[31m[1mEndService[0m[1m[0m - [31m[1mPrediction on image 6340 is incorrect.[0m
[35m(RemoteSimulator pid=601542)[0m 17:12:00.930 | [1m[35mECLYPSE[0m | [1m[1m[35mPlacementManager[0m[1m[0m - [37mPlacement established | app=ImagePrediction | mapping={'EndService': 'outer_1', 'PredictorService': 'outer_2', 'TrainerService': 'outer_4'}[0m
[35m(RemoteSimulator pid=601542)[0m 17:12:00.930 | [1m[35mECLYPSE[0m | [1m[1m[35mSimulation[0m[1m[0m - [37mSimulation step | step=230[0m
[95m(outer_1 pid=601541)[0m 17:12:01.195 | [32m[1mSUCCESS[0m | [1m[32m[1mEndService[0m[1m[0m - [32m[1mPrediction on image 5582 is correct.[0m
[95m(outer_1 pid=601541)[0m 17:12:01.645 | [32m[1mSUCCESS[0m | [1m[32m[1mEndService[0m[1m[0m - [32m[1mPrediction on image 459 is correct.[0m
[35m(RemoteSimulator pid=601542)[0m 17:12:01.931 | [1m[35mECLYPSE[0m | [1m[1m[35mPlacementManager[0m[1m[0m - [37mPlacement established | app=ImagePrediction | mapping={'EndService': 'outer_1', 'PredictorService': 'outer_2', 'TrainerService': 'outer_4'}[0m
[35m(RemoteSimulator pid=601542)[0m 17:12:01.932 | [1m[35mECLYPSE[0m | [1m[1m[35mSimulation[0m[1m[0m - [37mSimulation step | step=231[0m
[95m(outer_1 pid=601541)[0m 17:12:02.074 | [32m[1mSUCCESS[0m | [1m[32m[1mEndService[0m[1m[0m - [32m[1mPrediction on image 7701 is correct.[0m
[95m(outer_1 pid=601541)[0m 17:12:02.497 | [31m[1mERROR[0m | [1m[31m[1mEndService[0m[1m[0m - [31m[1mPrediction on image 217 is incorrect.[0m
[95m(outer_1 pid=601541)[0m 17:12:02.916 | [31m[1mERROR[0m | [1m[31m[1mEndService[0m[1m[0m - [31m[1mPrediction on image 9699 is incorrect.[0m
[35m(RemoteSimulator pid=601542)[0m 17:12:02.932 | [1m[35mECLYPSE[0m | [1m[1m[35mPlacementManager[0m[1m[0m - [37mPlacement established | app=ImagePrediction | mapping={'EndService': 'outer_1', 'PredictorService': 'outer_2', 'TrainerService': 'outer_4'}[0m
[35m(RemoteSimulator pid=601542)[0m 17:12:02.933 | [1m[35mECLYPSE[0m | [1m[1m[35mSimulation[0m[1m[0m - [37mSimulation step | step=232[0m
[95m(outer_1 pid=601541)[0m 17:12:03.336 | [32m[1mSUCCESS[0m | [1m[32m[1mEndService[0m[1m[0m - [32m[1mPrediction on image 2383 is correct.[0m
[95m(outer_1 pid=601541)[0m 17:12:03.751 | [31m[1mERROR[0m | [1m[31m[1mEndService[0m[1m[0m - [31m[1mPrediction on image 6678 is incorrect.[0m
[35m(RemoteSimulator pid=601542)[0m 17:12:03.934 | [1m[35mECLYPSE[0m | [1m[1m[35mPlacementManager[0m[1m[0m - [37mPlacement established | app=ImagePrediction | mapping={'EndService': 'outer_1', 'PredictorService': 'outer_2', 'TrainerService': 'outer_4'}[0m
[35m(RemoteSimulator pid=601542)[0m 17:12:03.934 | [1m[35mECLYPSE[0m | [1m[1m[35mSimulation[0m[1m[0m - [37mSimulation step | step=233[0m
[95m(outer_1 pid=601541)[0m 17:12:04.174 | [32m[1mSUCCESS[0m | [1m[32m[1mEndService[0m[1m[0m - [32m[1mPrediction on image 8409 is correct.[0m
[95m(outer_1 pid=601541)[0m 17:12:04.614 | [31m[1mERROR[0m | [1m[31m[1mEndService[0m[1m[0m - [31m[1mPrediction on image 8466 is incorrect.[0m
[35m(RemoteSimulator pid=601542)[0m 17:12:04.935 | [1m[35mECLYPSE[0m | [1m[1m[35mPlacementManager[0m[1m[0m - [37mPlacement established | app=ImagePrediction | mapping={'EndService': 'outer_1', 'PredictorService': 'outer_2', 'TrainerService': 'outer_4'}[0m
[35m(RemoteSimulator pid=601542)[0m 17:12:04.935 | [1m[35mECLYPSE[0m | [1m[1m[35mSimulation[0m[1m[0m - [37mSimulation step | step=234[0m
[95m(outer_1 pid=601541)[0m 17:12:05.044 | [31m[1mERROR[0m | [1m[31m[1mEndService[0m[1m[0m - [31m[1mPrediction on image 8477 is incorrect.[0m
[95m(outer_1 pid=601541)[0m 17:12:05.467 | [32m[1mSUCCESS[0m | [1m[32m[1mEndService[0m[1m[0m - [32m[1mPrediction on image 2598 is correct.[0m
[95m(outer_1 pid=601541)[0m 17:12:05.902 | [32m[1mSUCCESS[0m | [1m[32m[1mEndService[0m[1m[0m - [32m[1mPrediction on image 7634 is correct.[0m
[35m(RemoteSimulator pid=601542)[0m 17:12:05.936 | [1m[35mECLYPSE[0m | [1m[1m[35mPlacementManager[0m[1m[0m - [37mPlacement established | app=ImagePrediction | mapping={'EndService': 'outer_1', 'PredictorService': 'outer_2', 'TrainerService': 'outer_4'}[0m
[35m(RemoteSimulator pid=601542)[0m 17:12:05.936 | [1m[35mECLYPSE[0m | [1m[1m[35mSimulation[0m[1m[0m - [37mSimulation step | step=235[0m
[95m(outer_1 pid=601541)[0m 17:12:06.320 | [31m[1mERROR[0m | [1m[31m[1mEndService[0m[1m[0m - [31m[1mPrediction on image 9994 is incorrect.[0m
[95m(outer_1 pid=601541)[0m 17:12:06.749 | [31m[1mERROR[0m | [1m[31m[1mEndService[0m[1m[0m - [31m[1mPrediction on image 467 is incorrect.[0m
[35m(RemoteSimulator pid=601542)[0m 17:12:06.937 | [1m[35mECLYPSE[0m | [1m[1m[35mPlacementManager[0m[1m[0m - [37mPlacement established | app=ImagePrediction | mapping={'EndService': 'outer_1', 'PredictorService': 'outer_2', 'TrainerService': 'outer_4'}[0m
[35m(RemoteSimulator pid=601542)[0m 17:12:06.937 | [1m[35mECLYPSE[0m | [1m[1m[35mSimulation[0m[1m[0m - [37mSimulation step | step=236[0m
[95m(outer_1 pid=601541)[0m 17:12:07.169 | [32m[1mSUCCESS[0m | [1m[32m[1mEndService[0m[1m[0m - [32m[1mPrediction on image 7820 is correct.[0m
[95m(outer_1 pid=601541)[0m 17:12:07.593 | [31m[1mERROR[0m | [1m[31m[1mEndService[0m[1m[0m - [31m[1mPrediction on image 1086 is incorrect.[0m
[35m(RemoteSimulator pid=601542)[0m 17:12:07.939 | [1m[35mECLYPSE[0m | [1m[1m[35mPlacementManager[0m[1m[0m - [37mPlacement established | app=ImagePrediction | mapping={'EndService': 'outer_1', 'PredictorService': 'outer_2', 'TrainerService': 'outer_4'}[0m
[35m(RemoteSimulator pid=601542)[0m 17:12:07.940 | [1m[35mECLYPSE[0m | [1m[1m[35mSimulation[0m[1m[0m - [37mSimulation step | step=237[0m
[95m(outer_1 pid=601541)[0m 17:12:08.028 | [32m[1mSUCCESS[0m | [1m[32m[1mEndService[0m[1m[0m - [32m[1mPrediction on image 6335 is correct.[0m
[95m(outer_1 pid=601541)[0m 17:12:08.445 | [31m[1mERROR[0m | [1m[31m[1mEndService[0m[1m[0m - [31m[1mPrediction on image 164 is incorrect.[0m
[95m(outer_1 pid=601541)[0m 17:12:08.878 | [32m[1mSUCCESS[0m | [1m[32m[1mEndService[0m[1m[0m - [32m[1mPrediction on image 4189 is correct.[0m
[35m(RemoteSimulator pid=601542)[0m 17:12:08.940 | [1m[35mECLYPSE[0m | [1m[1m[35mPlacementManager[0m[1m[0m - [37mPlacement established | app=ImagePrediction | mapping={'EndService': 'outer_1', 'PredictorService': 'outer_2', 'TrainerService': 'outer_4'}[0m
[35m(RemoteSimulator pid=601542)[0m 17:12:08.941 | [1m[35mECLYPSE[0m | [1m[1m[35mSimulation[0m[1m[0m - [37mSimulation step | step=238[0m
[95m(outer_1 pid=601541)[0m 17:12:09.301 | [31m[1mERROR[0m | [1m[31m[1mEndService[0m[1m[0m - [31m[1mPrediction on image 3189 is incorrect.[0m
[95m(outer_1 pid=601541)[0m 17:12:09.724 | [31m[1mERROR[0m | [1m[31m[1mEndService[0m[1m[0m - [31m[1mPrediction on image 3837 is incorrect.[0m
[35m(RemoteSimulator pid=601542)[0m 17:12:09.942 | [1m[35mECLYPSE[0m | [1m[1m[35mPlacementManager[0m[1m[0m - [37mPlacement established | app=ImagePrediction | mapping={'EndService': 'outer_1', 'PredictorService': 'outer_2', 'TrainerService': 'outer_4'}[0m
[35m(RemoteSimulator pid=601542)[0m 17:12:09.942 | [1m[35mECLYPSE[0m | [1m[1m[35mSimulation[0m[1m[0m - [37mSimulation step | step=239[0m
[95m(outer_1 pid=601541)[0m 17:12:10.146 | [32m[1mSUCCESS[0m | [1m[32m[1mEndService[0m[1m[0m - [32m[1mPrediction on image 25 is correct.[0m
[95m(outer_1 pid=601541)[0m 17:12:10.568 | [32m[1mSUCCESS[0m | [1m[32m[1mEndService[0m[1m[0m - [32m[1mPrediction on image 7669 is correct.[0m
[95m(outer_1 pid=601541)[0m 17:12:10.993 | [32m[1mSUCCESS[0m | [1m[32m[1mEndService[0m[1m[0m - [32m[1mPrediction on image 3489 is correct.[0m
[35m(RemoteSimulator pid=601542)[0m 17:12:10.943 | [1m[35mECLYPSE[0m | [1m[1m[35mPlacementManager[0m[1m[0m - [37mPlacement established | app=ImagePrediction | mapping={'EndService': 'outer_1', 'PredictorService': 'outer_2', 'TrainerService': 'outer_4'}[0m
[35m(RemoteSimulator pid=601542)[0m 17:12:10.944 | [1m[35mECLYPSE[0m | [1m[1m[35mSimulation[0m[1m[0m - [37mSimulation step | step=240[0m
[95m(outer_1 pid=601541)[0m 17:12:11.413 | [31m[1mERROR[0m | [1m[31m[1mEndService[0m[1m[0m - [31m[1mPrediction on image 1846 is incorrect.[0m
[95m(outer_1 pid=601541)[0m 17:12:11.834 | [32m[1mSUCCESS[0m | [1m[32m[1mEndService[0m[1m[0m - [32m[1mPrediction on image 8056 is correct.[0m
[35m(RemoteSimulator pid=601542)[0m 17:12:11.945 | [1m[35mECLYPSE[0m | [1m[1m[35mPlacementManager[0m[1m[0m - [37mPlacement established | app=ImagePrediction | mapping={'EndService': 'outer_1', 'PredictorService': 'outer_2', 'TrainerService': 'outer_4'}[0m
[35m(RemoteSimulator pid=601542)[0m 17:12:11.946 | [1m[35mECLYPSE[0m | [1m[1m[35mSimulation[0m[1m[0m - [37mSimulation step | step=241[0m
[95m(outer_1 pid=601541)[0m 17:12:12.267 | [32m[1mSUCCESS[0m | [1m[32m[1mEndService[0m[1m[0m - [32m[1mPrediction on image 9220 is correct.[0m
[95m(outer_1 pid=601541)[0m 17:12:12.704 | [31m[1mERROR[0m | [1m[31m[1mEndService[0m[1m[0m - [31m[1mPrediction on image 9549 is incorrect.[0m
[35m(RemoteSimulator pid=601542)[0m 17:12:12.947 | [1m[35mECLYPSE[0m | [1m[1m[35mPlacementManager[0m[1m[0m - [37mPlacement established | app=ImagePrediction | mapping={'EndService': 'outer_1', 'PredictorService': 'outer_2', 'TrainerService': 'outer_4'}[0m
[35m(RemoteSimulator pid=601542)[0m 17:12:12.948 | [1m[35mECLYPSE[0m | [1m[1m[35mSimulation[0m[1m[0m - [37mSimulation step | step=242[0m
[95m(outer_1 pid=601541)[0m 17:12:13.128 | [32m[1mSUCCESS[0m | [1m[32m[1mEndService[0m[1m[0m - [32m[1mPrediction on image 2384 is correct.[0m
[95m(outer_1 pid=601541)[0m 17:12:13.547 | [32m[1mSUCCESS[0m | [1m[32m[1mEndService[0m[1m[0m - [32m[1mPrediction on image 2373 is correct.[0m
[35m(RemoteSimulator pid=601542)[0m 17:12:13.948 | [1m[35mECLYPSE[0m | [1m[1m[35mPlacementManager[0m[1m[0m - [37mPlacement established | app=ImagePrediction | mapping={'EndService': 'outer_1', 'PredictorService': 'outer_2', 'TrainerService': 'outer_4'}[0m
[35m(RemoteSimulator pid=601542)[0m 17:12:13.949 | [1m[35mECLYPSE[0m | [1m[1m[35mSimulation[0m[1m[0m - [37mSimulation step | step=243[0m
[95m(outer_1 pid=601541)[0m 17:12:13.981 | [31m[1mERROR[0m | [1m[31m[1mEndService[0m[1m[0m - [31m[1mPrediction on image 529 is incorrect.[0m
[95m(outer_1 pid=601541)[0m 17:12:14.394 | [31m[1mERROR[0m | [1m[31m[1mEndService[0m[1m[0m - [31m[1mPrediction on image 9675 is incorrect.[0m
[95m(outer_1 pid=601541)[0m 17:12:14.829 | [31m[1mERROR[0m | [1m[31m[1mEndService[0m[1m[0m - [31m[1mPrediction on image 2758 is incorrect.[0m
[35m(RemoteSimulator pid=601542)[0m 17:12:14.950 | [1m[35mECLYPSE[0m | [1m[1m[35mPlacementManager[0m[1m[0m - [37mPlacement established | app=ImagePrediction | mapping={'EndService': 'outer_1', 'PredictorService': 'outer_2', 'TrainerService': 'outer_4'}[0m
[35m(RemoteSimulator pid=601542)[0m 17:12:14.950 | [1m[35mECLYPSE[0m | [1m[1m[35mSimulation[0m[1m[0m - [37mSimulation step | step=244[0m
[95m(outer_1 pid=601541)[0m 17:12:15.248 | [32m[1mSUCCESS[0m | [1m[32m[1mEndService[0m[1m[0m - [32m[1mPrediction on image 3999 is correct.[0m
[95m(outer_1 pid=601541)[0m 17:12:15.674 | [31m[1mERROR[0m | [1m[31m[1mEndService[0m[1m[0m - [31m[1mPrediction on image 4801 is incorrect.[0m
[35m(RemoteSimulator pid=601542)[0m 17:12:15.952 | [1m[35mECLYPSE[0m | [1m[1m[35mPlacementManager[0m[1m[0m - [37mPlacement established | app=ImagePrediction | mapping={'EndService': 'outer_1', 'PredictorService': 'outer_2', 'TrainerService': 'outer_4'}[0m
[35m(RemoteSimulator pid=601542)[0m 17:12:15.952 | [1m[35mECLYPSE[0m | [1m[1m[35mSimulation[0m[1m[0m - [37mSimulation step | step=245[0m
[95m(outer_1 pid=601541)[0m 17:12:16.098 | [31m[1mERROR[0m | [1m[31m[1mEndService[0m[1m[0m - [31m[1mPrediction on image 5042 is incorrect.[0m
[95m(outer_1 pid=601541)[0m 17:12:16.524 | [32m[1mSUCCESS[0m | [1m[32m[1mEndService[0m[1m[0m - [32m[1mPrediction on image 1007 is correct.[0m
[95m(outer_1 pid=601541)[0m 17:12:16.950 | [31m[1mERROR[0m | [1m[31m[1mEndService[0m[1m[0m - [31m[1mPrediction on image 6651 is incorrect.[0m
[35m(RemoteSimulator pid=601542)[0m 17:12:16.954 | [1m[35mECLYPSE[0m | [1m[1m[35mPlacementManager[0m[1m[0m - [37mPlacement established | app=ImagePrediction | mapping={'EndService': 'outer_1', 'PredictorService': 'outer_2', 'TrainerService': 'outer_4'}[0m
[35m(RemoteSimulator pid=601542)[0m 17:12:16.955 | [1m[35mECLYPSE[0m | [1m[1m[35mSimulation[0m[1m[0m - [37mSimulation step | step=246[0m
[95m(outer_1 pid=601541)[0m 17:12:17.372 | [32m[1mSUCCESS[0m | [1m[32m[1mEndService[0m[1m[0m - [32m[1mPrediction on image 5596 is correct.[0m
[95m(outer_1 pid=601541)[0m 17:12:17.802 | [32m[1mSUCCESS[0m | [1m[32m[1mEndService[0m[1m[0m - [32m[1mPrediction on image 5513 is correct.[0m
[35m(RemoteSimulator pid=601542)[0m 17:12:17.956 | [1m[35mECLYPSE[0m | [1m[1m[35mPlacementManager[0m[1m[0m - [37mPlacement established | app=ImagePrediction | mapping={'EndService': 'outer_1', 'PredictorService': 'outer_2', 'TrainerService': 'outer_4'}[0m
[35m(RemoteSimulator pid=601542)[0m 17:12:17.956 | [1m[35mECLYPSE[0m | [1m[1m[35mSimulation[0m[1m[0m - [37mSimulation step | step=247[0m
[95m(outer_1 pid=601541)[0m 17:12:18.231 | [31m[1mERROR[0m | [1m[31m[1mEndService[0m[1m[0m - [31m[1mPrediction on image 2406 is incorrect.[0m
[95m(outer_1 pid=601541)[0m 17:12:18.683 | [31m[1mERROR[0m | [1m[31m[1mEndService[0m[1m[0m - [31m[1mPrediction on image 2421 is incorrect.[0m
[35m(RemoteSimulator pid=601542)[0m 17:12:18.957 | [1m[35mECLYPSE[0m | [1m[1m[35mPlacementManager[0m[1m[0m - [37mPlacement established | app=ImagePrediction | mapping={'EndService': 'outer_1', 'PredictorService': 'outer_2', 'TrainerService': 'outer_4'}[0m
[35m(RemoteSimulator pid=601542)[0m 17:12:18.957 | [1m[35mECLYPSE[0m | [1m[1m[35mSimulation[0m[1m[0m - [37mSimulation step | step=248[0m
[95m(outer_1 pid=601541)[0m 17:12:19.153 | [31m[1mERROR[0m | [1m[31m[1mEndService[0m[1m[0m - [31m[1mPrediction on image 9143 is incorrect.[0m
[95m(outer_1 pid=601541)[0m 17:12:19.621 | [31m[1mERROR[0m | [1m[31m[1mEndService[0m[1m[0m - [31m[1mPrediction on image 7724 is incorrect.[0m
[35m(RemoteSimulator pid=601542)[0m 17:12:19.958 | [1m[35mECLYPSE[0m | [1m[1m[35mPlacementManager[0m[1m[0m - [37mPlacement established | app=ImagePrediction | mapping={'EndService': 'outer_1', 'PredictorService': 'outer_2', 'TrainerService': 'outer_4'}[0m
[35m(RemoteSimulator pid=601542)[0m 17:12:19.958 | [1m[35mECLYPSE[0m | [1m[1m[35mSimulation[0m[1m[0m - [37mSimulation step | step=249[0m
[95m(outer_1 pid=601541)[0m 17:12:20.055 | [32m[1mSUCCESS[0m | [1m[32m[1mEndService[0m[1m[0m - [32m[1mPrediction on image 5455 is correct.[0m
[95m(outer_1 pid=601541)[0m 17:12:20.475 | [32m[1mSUCCESS[0m | [1m[32m[1mEndService[0m[1m[0m - [32m[1mPrediction on image 2723 is correct.[0m
[95m(outer_1 pid=601541)[0m 17:12:20.912 | [31m[1mERROR[0m | [1m[31m[1mEndService[0m[1m[0m - [31m[1mPrediction on image 4524 is incorrect.[0m
[35m(RemoteSimulator pid=601542)[0m 17:12:20.959 | [1m[35mECLYPSE[0m | [1m[1m[35mPlacementManager[0m[1m[0m - [37mPlacement established | app=ImagePrediction | mapping={'EndService': 'outer_1', 'PredictorService': 'outer_2', 'TrainerService': 'outer_4'}[0m
[35m(RemoteSimulator pid=601542)[0m 17:12:20.960 | [1m[35mECLYPSE[0m | [1m[1m[35mSimulation[0m[1m[0m - [37mSimulation step | step=250[0m
[95m(outer_1 pid=601541)[0m 17:12:21.328 | [32m[1mSUCCESS[0m | [1m[32m[1mEndService[0m[1m[0m - [32m[1mPrediction on image 5429 is correct.[0m
[95m(outer_1 pid=601541)[0m 17:12:21.752 | [31m[1mERROR[0m | [1m[31m[1mEndService[0m[1m[0m - [31m[1mPrediction on image 3923 is incorrect.[0m
[35m(RemoteSimulator pid=601542)[0m 17:12:21.960 | [1m[35mECLYPSE[0m | [1m[1m[35mPlacementManager[0m[1m[0m - [37mPlacement established | app=ImagePrediction | mapping={'EndService': 'outer_1', 'PredictorService': 'outer_2', 'TrainerService': 'outer_4'}[0m
[35m(RemoteSimulator pid=601542)[0m 17:12:21.961 | [1m[35mECLYPSE[0m | [1m[1m[35mSimulation[0m[1m[0m - [37mSimulation step | step=251[0m
[95m(outer_1 pid=601541)[0m 17:12:22.174 | [31m[1mERROR[0m | [1m[31m[1mEndService[0m[1m[0m - [31m[1mPrediction on image 8892 is incorrect.[0m
[95m(outer_1 pid=601541)[0m 17:12:22.604 | [31m[1mERROR[0m | [1m[31m[1mEndService[0m[1m[0m - [31m[1mPrediction on image 6902 is incorrect.[0m
[35m(RemoteSimulator pid=601542)[0m 17:12:22.962 | [1m[35mECLYPSE[0m | [1m[1m[35mPlacementManager[0m[1m[0m - [37mPlacement established | app=ImagePrediction | mapping={'EndService': 'outer_1', 'PredictorService': 'outer_2', 'TrainerService': 'outer_4'}[0m
[35m(RemoteSimulator pid=601542)[0m 17:12:22.962 | [1m[35mECLYPSE[0m | [1m[1m[35mSimulation[0m[1m[0m - [37mSimulation step | step=252[0m
[95m(outer_1 pid=601541)[0m 17:12:23.031 | [32m[1mSUCCESS[0m | [1m[32m[1mEndService[0m[1m[0m - [32m[1mPrediction on image 6685 is correct.[0m
[95m(outer_1 pid=601541)[0m 17:12:23.455 | [32m[1mSUCCESS[0m | [1m[32m[1mEndService[0m[1m[0m - [32m[1mPrediction on image 6459 is correct.[0m
[95m(outer_1 pid=601541)[0m 17:12:23.881 | [32m[1mSUCCESS[0m | [1m[32m[1mEndService[0m[1m[0m - [32m[1mPrediction on image 3137 is correct.[0m
[35m(RemoteSimulator pid=601542)[0m 17:12:23.963 | [1m[35mECLYPSE[0m | [1m[1m[35mPlacementManager[0m[1m[0m - [37mPlacement established | app=ImagePrediction | mapping={'EndService': 'outer_1', 'PredictorService': 'outer_2', 'TrainerService': 'outer_4'}[0m
[35m(RemoteSimulator pid=601542)[0m 17:12:23.963 | [1m[35mECLYPSE[0m | [1m[1m[35mSimulation[0m[1m[0m - [37mSimulation step | step=253[0m
[95m(outer_1 pid=601541)[0m 17:12:24.303 | [32m[1mSUCCESS[0m | [1m[32m[1mEndService[0m[1m[0m - [32m[1mPrediction on image 7818 is correct.[0m
[95m(outer_1 pid=601541)[0m 17:12:24.742 | [32m[1mSUCCESS[0m | [1m[32m[1mEndService[0m[1m[0m - [32m[1mPrediction on image 299 is correct.[0m
[35m(RemoteSimulator pid=601542)[0m 17:12:24.964 | [1m[35mECLYPSE[0m | [1m[1m[35mPlacementManager[0m[1m[0m - [37mPlacement established | app=ImagePrediction | mapping={'EndService': 'outer_1', 'PredictorService': 'outer_2', 'TrainerService': 'outer_4'}[0m
[35m(RemoteSimulator pid=601542)[0m 17:12:24.965 | [1m[35mECLYPSE[0m | [1m[1m[35mSimulation[0m[1m[0m - [37mSimulation step | step=254[0m
[95m(outer_1 pid=601541)[0m 17:12:25.162 | [31m[1mERROR[0m | [1m[31m[1mEndService[0m[1m[0m - [31m[1mPrediction on image 808 is incorrect.[0m
[95m(outer_1 pid=601541)[0m 17:12:25.608 | [32m[1mSUCCESS[0m | [1m[32m[1mEndService[0m[1m[0m - [32m[1mPrediction on image 6979 is correct.[0m
[35m(RemoteSimulator pid=601542)[0m 17:12:25.966 | [1m[35mECLYPSE[0m | [1m[1m[35mPlacementManager[0m[1m[0m - [37mPlacement established | app=ImagePrediction | mapping={'EndService': 'outer_1', 'PredictorService': 'outer_2', 'TrainerService': 'outer_4'}[0m
[35m(RemoteSimulator pid=601542)[0m 17:12:25.966 | [1m[35mECLYPSE[0m | [1m[1m[35mSimulation[0m[1m[0m - [37mSimulation step | step=255[0m
[95m(outer_1 pid=601541)[0m 17:12:26.039 | [32m[1mSUCCESS[0m | [1m[32m[1mEndService[0m[1m[0m - [32m[1mPrediction on image 2410 is correct.[0m
[95m(outer_1 pid=601541)[0m 17:12:26.454 | [31m[1mERROR[0m | [1m[31m[1mEndService[0m[1m[0m - [31m[1mPrediction on image 8463 is incorrect.[0m
[95m(outer_1 pid=601541)[0m 17:12:26.872 | [32m[1mSUCCESS[0m | [1m[32m[1mEndService[0m[1m[0m - [32m[1mPrediction on image 1310 is correct.[0m
[35m(RemoteSimulator pid=601542)[0m 17:12:26.967 | [1m[35mECLYPSE[0m | [1m[1m[35mPlacementManager[0m[1m[0m - [37mPlacement established | app=ImagePrediction | mapping={'EndService': 'outer_1', 'PredictorService': 'outer_2', 'TrainerService': 'outer_4'}[0m
[35m(RemoteSimulator pid=601542)[0m 17:12:26.968 | [1m[35mECLYPSE[0m | [1m[1m[35mSimulation[0m[1m[0m - [37mSimulation step | step=256[0m
[95m(outer_1 pid=601541)[0m 17:12:27.295 | [31m[1mERROR[0m | [1m[31m[1mEndService[0m[1m[0m - [31m[1mPrediction on image 4069 is incorrect.[0m
[95m(outer_1 pid=601541)[0m 17:12:27.733 | [31m[1mERROR[0m | [1m[31m[1mEndService[0m[1m[0m - [31m[1mPrediction on image 8204 is incorrect.[0m
[35m(RemoteSimulator pid=601542)[0m 17:12:27.969 | [1m[35mECLYPSE[0m | [1m[1m[35mPlacementManager[0m[1m[0m - [37mPlacement established | app=ImagePrediction | mapping={'EndService': 'outer_1', 'PredictorService': 'outer_2', 'TrainerService': 'outer_4'}[0m
[35m(RemoteSimulator pid=601542)[0m 17:12:27.969 | [1m[35mECLYPSE[0m | [1m[1m[35mSimulation[0m[1m[0m - [37mSimulation step | step=257[0m
[95m(outer_1 pid=601541)[0m 17:12:28.158 | [32m[1mSUCCESS[0m | [1m[32m[1mEndService[0m[1m[0m - [32m[1mPrediction on image 7613 is correct.[0m
[95m(outer_1 pid=601541)[0m 17:12:28.571 | [32m[1mSUCCESS[0m | [1m[32m[1mEndService[0m[1m[0m - [32m[1mPrediction on image 1489 is correct.[0m
[95m(outer_1 pid=601541)[0m 17:12:28.998 | [32m[1mSUCCESS[0m | [1m[32m[1mEndService[0m[1m[0m - [32m[1mPrediction on image 8350 is correct.[0m
[35m(RemoteSimulator pid=601542)[0m 17:12:28.970 | [1m[35mECLYPSE[0m | [1m[1m[35mPlacementManager[0m[1m[0m - [37mPlacement established | app=ImagePrediction | mapping={'EndService': 'outer_1', 'PredictorService': 'outer_2', 'TrainerService': 'outer_4'}[0m
[35m(RemoteSimulator pid=601542)[0m 17:12:28.970 | [1m[35mECLYPSE[0m | [1m[1m[35mSimulation[0m[1m[0m - [37mSimulation step | step=258[0m
[95m(outer_1 pid=601541)[0m 17:12:29.409 | [32m[1mSUCCESS[0m | [1m[32m[1mEndService[0m[1m[0m - [32m[1mPrediction on image 8651 is correct.[0m
[95m(outer_1 pid=601541)[0m 17:12:29.839 | [31m[1mERROR[0m | [1m[31m[1mEndService[0m[1m[0m - [31m[1mPrediction on image 3578 is incorrect.[0m
[35m(RemoteSimulator pid=601542)[0m 17:12:29.971 | [1m[35mECLYPSE[0m | [1m[1m[35mPlacementManager[0m[1m[0m - [37mPlacement established | app=ImagePrediction | mapping={'EndService': 'outer_1', 'PredictorService': 'outer_2', 'TrainerService': 'outer_4'}[0m
[35m(RemoteSimulator pid=601542)[0m 17:12:29.972 | [1m[35mECLYPSE[0m | [1m[1m[35mSimulation[0m[1m[0m - [37mSimulation step | step=259[0m
[95m(outer_1 pid=601541)[0m 17:12:30.263 | [32m[1mSUCCESS[0m | [1m[32m[1mEndService[0m[1m[0m - [32m[1mPrediction on image 3901 is correct.[0m
[95m(outer_1 pid=601541)[0m 17:12:30.707 | [31m[1mERROR[0m | [1m[31m[1mEndService[0m[1m[0m - [31m[1mPrediction on image 8625 is incorrect.[0m
[35m(RemoteSimulator pid=601542)[0m 17:12:30.972 | [1m[35mECLYPSE[0m | [1m[1m[35mPlacementManager[0m[1m[0m - [37mPlacement established | app=ImagePrediction | mapping={'EndService': 'outer_1', 'PredictorService': 'outer_2', 'TrainerService': 'outer_4'}[0m
[35m(RemoteSimulator pid=601542)[0m 17:12:30.973 | [1m[35mECLYPSE[0m | [1m[1m[35mSimulation[0m[1m[0m - [37mSimulation step | step=260[0m
[95m(outer_1 pid=601541)[0m 17:12:31.133 | [32m[1mSUCCESS[0m | [1m[32m[1mEndService[0m[1m[0m - [32m[1mPrediction on image 3234 is correct.[0m
[95m(outer_1 pid=601541)[0m 17:12:31.565 | [31m[1mERROR[0m | [1m[31m[1mEndService[0m[1m[0m - [31m[1mPrediction on image 1037 is incorrect.[0m
[35m(RemoteSimulator pid=601542)[0m 17:12:31.974 | [1m[35mECLYPSE[0m | [1m[1m[35mPlacementManager[0m[1m[0m - [37mPlacement established | app=ImagePrediction | mapping={'EndService': 'outer_1', 'PredictorService': 'outer_2', 'TrainerService': 'outer_4'}[0m
[35m(RemoteSimulator pid=601542)[0m 17:12:31.974 | [1m[35mECLYPSE[0m | [1m[1m[35mSimulation[0m[1m[0m - [37mSimulation step | step=261[0m
[95m(outer_1 pid=601541)[0m 17:12:31.996 | [32m[1mSUCCESS[0m | [1m[32m[1mEndService[0m[1m[0m - [32m[1mPrediction on image 2985 is correct.[0m
[95m(outer_1 pid=601541)[0m 17:12:32.411 | [32m[1mSUCCESS[0m | [1m[32m[1mEndService[0m[1m[0m - [32m[1mPrediction on image 7301 is correct.[0m
[95m(outer_1 pid=601541)[0m 17:12:32.837 | [31m[1mERROR[0m | [1m[31m[1mEndService[0m[1m[0m - [31m[1mPrediction on image 2174 is incorrect.[0m
[35m(RemoteSimulator pid=601542)[0m 17:12:32.975 | [1m[35mECLYPSE[0m | [1m[1m[35mPlacementManager[0m[1m[0m - [37mPlacement established | app=ImagePrediction | mapping={'EndService': 'outer_1', 'PredictorService': 'outer_2', 'TrainerService': 'outer_4'}[0m
[35m(RemoteSimulator pid=601542)[0m 17:12:32.975 | [1m[35mECLYPSE[0m | [1m[1m[35mSimulation[0m[1m[0m - [37mSimulation step | step=262[0m
[95m(outer_1 pid=601541)[0m 17:12:33.274 | [32m[1mSUCCESS[0m | [1m[32m[1mEndService[0m[1m[0m - [32m[1mPrediction on image 4658 is correct.[0m
[95m(outer_1 pid=601541)[0m 17:12:33.706 | [32m[1mSUCCESS[0m | [1m[32m[1mEndService[0m[1m[0m - [32m[1mPrediction on image 5407 is correct.[0m
[35m(RemoteSimulator pid=601542)[0m 17:12:33.976 | [1m[35mECLYPSE[0m | [1m[1m[35mPlacementManager[0m[1m[0m - [37mPlacement established | app=ImagePrediction | mapping={'EndService': 'outer_1', 'PredictorService': 'outer_2', 'TrainerService': 'outer_4'}[0m
[35m(RemoteSimulator pid=601542)[0m 17:12:33.977 | [1m[35mECLYPSE[0m | [1m[1m[35mSimulation[0m[1m[0m - [37mSimulation step | step=263[0m
[95m(outer_1 pid=601541)[0m 17:12:34.122 | [31m[1mERROR[0m | [1m[31m[1mEndService[0m[1m[0m - [31m[1mPrediction on image 4078 is incorrect.[0m
[95m(outer_1 pid=601541)[0m 17:12:34.563 | [32m[1mSUCCESS[0m | [1m[32m[1mEndService[0m[1m[0m - [32m[1mPrediction on image 9458 is correct.[0m
[95m(outer_1 pid=601541)[0m 17:12:34.979 | [32m[1mSUCCESS[0m | [1m[32m[1mEndService[0m[1m[0m - [32m[1mPrediction on image 4008 is correct.[0m
[35m(RemoteSimulator pid=601542)[0m 17:12:34.978 | [1m[35mECLYPSE[0m | [1m[1m[35mPlacementManager[0m[1m[0m - [37mPlacement established | app=ImagePrediction | mapping={'EndService': 'outer_1', 'PredictorService': 'outer_2', 'TrainerService': 'outer_4'}[0m
[35m(RemoteSimulator pid=601542)[0m 17:12:34.978 | [1m[35mECLYPSE[0m | [1m[1m[35mSimulation[0m[1m[0m - [37mSimulation step | step=264[0m
[95m(outer_1 pid=601541)[0m 17:12:35.401 | [32m[1mSUCCESS[0m | [1m[32m[1mEndService[0m[1m[0m - [32m[1mPrediction on image 5676 is correct.[0m
[95m(outer_1 pid=601541)[0m 17:12:35.817 | [31m[1mERROR[0m | [1m[31m[1mEndService[0m[1m[0m - [31m[1mPrediction on image 3525 is incorrect.[0m
[35m(RemoteSimulator pid=601542)[0m 17:12:35.979 | [1m[35mECLYPSE[0m | [1m[1m[35mPlacementManager[0m[1m[0m - [37mPlacement established | app=ImagePrediction | mapping={'EndService': 'outer_1', 'PredictorService': 'outer_2', 'TrainerService': 'outer_4'}[0m
[35m(RemoteSimulator pid=601542)[0m 17:12:35.979 | [1m[35mECLYPSE[0m | [1m[1m[35mSimulation[0m[1m[0m - [37mSimulation step | step=265[0m
[95m(outer_1 pid=601541)[0m 17:12:36.246 | [32m[1mSUCCESS[0m | [1m[32m[1mEndService[0m[1m[0m - [32m[1mPrediction on image 8032 is correct.[0m
[95m(outer_1 pid=601541)[0m 17:12:36.666 | [32m[1mSUCCESS[0m | [1m[32m[1mEndService[0m[1m[0m - [32m[1mPrediction on image 1580 is correct.[0m
[35m(RemoteSimulator pid=601542)[0m 17:12:36.981 | [1m[35mECLYPSE[0m | [1m[1m[35mPlacementManager[0m[1m[0m - [37mPlacement established | app=ImagePrediction | mapping={'EndService': 'outer_1', 'PredictorService': 'outer_2', 'TrainerService': 'outer_4'}[0m
[35m(RemoteSimulator pid=601542)[0m 17:12:36.982 | [1m[35mECLYPSE[0m | [1m[1m[35mSimulation[0m[1m[0m - [37mSimulation step | step=266[0m
[95m(outer_1 pid=601541)[0m 17:12:37.092 | [31m[1mERROR[0m | [1m[31m[1mEndService[0m[1m[0m - [31m[1mPrediction on image 6681 is incorrect.[0m
[95m(outer_1 pid=601541)[0m 17:12:37.511 | [32m[1mSUCCESS[0m | [1m[32m[1mEndService[0m[1m[0m - [32m[1mPrediction on image 550 is correct.[0m
[95m(outer_1 pid=601541)[0m 17:12:37.943 | [32m[1mSUCCESS[0m | [1m[32m[1mEndService[0m[1m[0m - [32m[1mPrediction on image 5695 is correct.[0m
[35m(RemoteSimulator pid=601542)[0m 17:12:37.983 | [1m[35mECLYPSE[0m | [1m[1m[35mPlacementManager[0m[1m[0m - [37mPlacement established | app=ImagePrediction | mapping={'EndService': 'outer_1', 'PredictorService': 'outer_2', 'TrainerService': 'outer_4'}[0m
[35m(RemoteSimulator pid=601542)[0m 17:12:37.983 | [1m[35mECLYPSE[0m | [1m[1m[35mSimulation[0m[1m[0m - [37mSimulation step | step=267[0m
[95m(outer_1 pid=601541)[0m 17:12:38.397 | [32m[1mSUCCESS[0m | [1m[32m[1mEndService[0m[1m[0m - [32m[1mPrediction on image 9552 is correct.[0m
[95m(outer_1 pid=601541)[0m 17:12:38.832 | [31m[1mERROR[0m | [1m[31m[1mEndService[0m[1m[0m - [31m[1mPrediction on image 1522 is incorrect.[0m
[35m(RemoteSimulator pid=601542)[0m 17:12:38.984 | [1m[35mECLYPSE[0m | [1m[1m[35mPlacementManager[0m[1m[0m - [37mPlacement established | app=ImagePrediction | mapping={'EndService': 'outer_1', 'PredictorService': 'outer_2', 'TrainerService': 'outer_4'}[0m
[35m(RemoteSimulator pid=601542)[0m 17:12:38.984 | [1m[35mECLYPSE[0m | [1m[1m[35mSimulation[0m[1m[0m - [37mSimulation step | step=268[0m
[95m(outer_1 pid=601541)[0m 17:12:39.262 | [32m[1mSUCCESS[0m | [1m[32m[1mEndService[0m[1m[0m - [32m[1mPrediction on image 7526 is correct.[0m
[95m(outer_1 pid=601541)[0m 17:12:39.699 | [31m[1mERROR[0m | [1m[31m[1mEndService[0m[1m[0m - [31m[1mPrediction on image 2528 is incorrect.[0m
[35m(RemoteSimulator pid=601542)[0m 17:12:39.985 | [1m[35mECLYPSE[0m | [1m[1m[35mPlacementManager[0m[1m[0m - [37mPlacement established | app=ImagePrediction | mapping={'EndService': 'outer_1', 'PredictorService': 'outer_2', 'TrainerService': 'outer_4'}[0m
[35m(RemoteSimulator pid=601542)[0m 17:12:39.986 | [1m[35mECLYPSE[0m | [1m[1m[35mSimulation[0m[1m[0m - [37mSimulation step | step=269[0m
[95m(outer_1 pid=601541)[0m 17:12:40.144 | [31m[1mERROR[0m | [1m[31m[1mEndService[0m[1m[0m - [31m[1mPrediction on image 4368 is incorrect.[0m
[95m(outer_1 pid=601541)[0m 17:12:40.578 | [32m[1mSUCCESS[0m | [1m[32m[1mEndService[0m[1m[0m - [32m[1mPrediction on image 9463 is correct.[0m
[95m(outer_1 pid=601541)[0m 17:12:41.005 | [32m[1mSUCCESS[0m | [1m[32m[1mEndService[0m[1m[0m - [32m[1mPrediction on image 1080 is correct.[0m
[35m(RemoteSimulator pid=601542)[0m 17:12:40.986 | [1m[35mECLYPSE[0m | [1m[1m[35mPlacementManager[0m[1m[0m - [37mPlacement established | app=ImagePrediction | mapping={'EndService': 'outer_1', 'PredictorService': 'outer_2', 'TrainerService': 'outer_4'}[0m
[35m(RemoteSimulator pid=601542)[0m 17:12:40.987 | [1m[35mECLYPSE[0m | [1m[1m[35mSimulation[0m[1m[0m - [37mSimulation step | step=270[0m
[95m(outer_1 pid=601541)[0m 17:12:41.420 | [32m[1mSUCCESS[0m | [1m[32m[1mEndService[0m[1m[0m - [32m[1mPrediction on image 1143 is correct.[0m
[95m(outer_1 pid=601541)[0m 17:12:41.845 | [31m[1mERROR[0m | [1m[31m[1mEndService[0m[1m[0m - [31m[1mPrediction on image 9234 is incorrect.[0m
[35m(RemoteSimulator pid=601542)[0m 17:12:41.988 | [1m[35mECLYPSE[0m | [1m[1m[35mPlacementManager[0m[1m[0m - [37mPlacement established | app=ImagePrediction | mapping={'EndService': 'outer_1', 'PredictorService': 'outer_2', 'TrainerService': 'outer_4'}[0m
[35m(RemoteSimulator pid=601542)[0m 17:12:41.988 | [1m[35mECLYPSE[0m | [1m[1m[35mSimulation[0m[1m[0m - [37mSimulation step | step=271[0m
[95m(outer_1 pid=601541)[0m 17:12:42.300 | [31m[1mERROR[0m | [1m[31m[1mEndService[0m[1m[0m - [31m[1mPrediction on image 8028 is incorrect.[0m
[95m(outer_1 pid=601541)[0m 17:12:42.735 | [32m[1mSUCCESS[0m | [1m[32m[1mEndService[0m[1m[0m - [32m[1mPrediction on image 1906 is correct.[0m
[35m(RemoteSimulator pid=601542)[0m 17:12:42.989 | [1m[35mECLYPSE[0m | [1m[1m[35mPlacementManager[0m[1m[0m - [37mPlacement established | app=ImagePrediction | mapping={'EndService': 'outer_1', 'PredictorService': 'outer_2', 'TrainerService': 'outer_4'}[0m
[35m(RemoteSimulator pid=601542)[0m 17:12:42.989 | [1m[35mECLYPSE[0m | [1m[1m[35mSimulation[0m[1m[0m - [37mSimulation step | step=272[0m
[95m(outer_1 pid=601541)[0m 17:12:43.159 | [31m[1mERROR[0m | [1m[31m[1mEndService[0m[1m[0m - [31m[1mPrediction on image 5186 is incorrect.[0m
[95m(outer_1 pid=601541)[0m 17:12:43.580 | [32m[1mSUCCESS[0m | [1m[32m[1mEndService[0m[1m[0m - [32m[1mPrediction on image 9646 is correct.[0m
[95m(outer_1 pid=601541)[0m 17:12:44.008 | [31m[1mERROR[0m | [1m[31m[1mEndService[0m[1m[0m - [31m[1mPrediction on image 4712 is incorrect.[0m
[35m(RemoteSimulator pid=601542)[0m 17:12:43.990 | [1m[35mECLYPSE[0m | [1m[1m[35mPlacementManager[0m[1m[0m - [37mPlacement established | app=ImagePrediction | mapping={'EndService': 'outer_1', 'PredictorService': 'outer_2', 'TrainerService': 'outer_4'}[0m
[35m(RemoteSimulator pid=601542)[0m 17:12:43.991 | [1m[35mECLYPSE[0m | [1m[1m[35mSimulation[0m[1m[0m - [37mSimulation step | step=273[0m
[95m(outer_1 pid=601541)[0m 17:12:44.425 | [31m[1mERROR[0m | [1m[31m[1mEndService[0m[1m[0m - [31m[1mPrediction on image 602 is incorrect.[0m
[95m(outer_1 pid=601541)[0m 17:12:44.845 | [32m[1mSUCCESS[0m | [1m[32m[1mEndService[0m[1m[0m - [32m[1mPrediction on image 8623 is correct.[0m
[35m(RemoteSimulator pid=601542)[0m 17:12:44.992 | [1m[35mECLYPSE[0m | [1m[1m[35mPlacementManager[0m[1m[0m - [37mPlacement established | app=ImagePrediction | mapping={'EndService': 'outer_1', 'PredictorService': 'outer_2', 'TrainerService': 'outer_4'}[0m
[35m(RemoteSimulator pid=601542)[0m 17:12:44.992 | [1m[35mECLYPSE[0m | [1m[1m[35mSimulation[0m[1m[0m - [37mSimulation step | step=274[0m
[95m(outer_1 pid=601541)[0m 17:12:45.271 | [32m[1mSUCCESS[0m | [1m[32m[1mEndService[0m[1m[0m - [32m[1mPrediction on image 3212 is correct.[0m
[95m(outer_1 pid=601541)[0m 17:12:45.702 | [31m[1mERROR[0m | [1m[31m[1mEndService[0m[1m[0m - [31m[1mPrediction on image 3023 is incorrect.[0m
[35m(RemoteSimulator pid=601542)[0m 17:12:45.993 | [1m[35mECLYPSE[0m | [1m[1m[35mPlacementManager[0m[1m[0m - [37mPlacement established | app=ImagePrediction | mapping={'EndService': 'outer_1', 'PredictorService': 'outer_2', 'TrainerService': 'outer_4'}[0m
[35m(RemoteSimulator pid=601542)[0m 17:12:45.993 | [1m[35mECLYPSE[0m | [1m[1m[35mSimulation[0m[1m[0m - [37mSimulation step | step=275[0m
[95m(outer_1 pid=601541)[0m 17:12:46.145 | [32m[1mSUCCESS[0m | [1m[32m[1mEndService[0m[1m[0m - [32m[1mPrediction on image 7949 is correct.[0m
[95m(outer_1 pid=601541)[0m 17:12:46.575 | [32m[1mSUCCESS[0m | [1m[32m[1mEndService[0m[1m[0m - [32m[1mPrediction on image 8541 is correct.[0m
[95m(outer_1 pid=601541)[0m 17:12:47.013 | [31m[1mERROR[0m | [1m[31m[1mEndService[0m[1m[0m - [31m[1mPrediction on image 2678 is incorrect.[0m
[35m(RemoteSimulator pid=601542)[0m 17:12:46.994 | [1m[35mECLYPSE[0m | [1m[1m[35mPlacementManager[0m[1m[0m - [37mPlacement established | app=ImagePrediction | mapping={'EndService': 'outer_1', 'PredictorService': 'outer_2', 'TrainerService': 'outer_4'}[0m
[35m(RemoteSimulator pid=601542)[0m 17:12:46.995 | [1m[35mECLYPSE[0m | [1m[1m[35mSimulation[0m[1m[0m - [37mSimulation step | step=276[0m
[95m(outer_1 pid=601541)[0m 17:12:47.424 | [31m[1mERROR[0m | [1m[31m[1mEndService[0m[1m[0m - [31m[1mPrediction on image 929 is incorrect.[0m
[95m(outer_1 pid=601541)[0m 17:12:47.845 | [32m[1mSUCCESS[0m | [1m[32m[1mEndService[0m[1m[0m - [32m[1mPrediction on image 9448 is correct.[0m
[35m(RemoteSimulator pid=601542)[0m 17:12:47.996 | [1m[35mECLYPSE[0m | [1m[1m[35mPlacementManager[0m[1m[0m - [37mPlacement established | app=ImagePrediction | mapping={'EndService': 'outer_1', 'PredictorService': 'outer_2', 'TrainerService': 'outer_4'}[0m
[35m(RemoteSimulator pid=601542)[0m 17:12:47.996 | [1m[35mECLYPSE[0m | [1m[1m[35mSimulation[0m[1m[0m - [37mSimulation step | step=277[0m
[95m(outer_1 pid=601541)[0m 17:12:48.274 | [31m[1mERROR[0m | [1m[31m[1mEndService[0m[1m[0m - [31m[1mPrediction on image 789 is incorrect.[0m
[95m(outer_1 pid=601541)[0m 17:12:48.715 | [32m[1mSUCCESS[0m | [1m[32m[1mEndService[0m[1m[0m - [32m[1mPrediction on image 5748 is correct.[0m
[35m(RemoteSimulator pid=601542)[0m 17:12:48.997 | [1m[35mECLYPSE[0m | [1m[1m[35mPlacementManager[0m[1m[0m - [37mPlacement established | app=ImagePrediction | mapping={'EndService': 'outer_1', 'PredictorService': 'outer_2', 'TrainerService': 'outer_4'}[0m
[35m(RemoteSimulator pid=601542)[0m 17:12:48.997 | [1m[35mECLYPSE[0m | [1m[1m[35mSimulation[0m[1m[0m - [37mSimulation step | step=278[0m
[95m(outer_1 pid=601541)[0m 17:12:49.133 | [31m[1mERROR[0m | [1m[31m[1mEndService[0m[1m[0m - [31m[1mPrediction on image 3027 is incorrect.[0m
[95m(outer_1 pid=601541)[0m 17:12:49.552 | [31m[1mERROR[0m | [1m[31m[1mEndService[0m[1m[0m - [31m[1mPrediction on image 7193 is incorrect.[0m
[95m(outer_1 pid=601541)[0m 17:12:49.966 | [32m[1mSUCCESS[0m | [1m[32m[1mEndService[0m[1m[0m - [32m[1mPrediction on image 8794 is correct.[0m
[35m(RemoteSimulator pid=601542)[0m 17:12:49.998 | [1m[35mECLYPSE[0m | [1m[1m[35mPlacementManager[0m[1m[0m - [37mPlacement established | app=ImagePrediction | mapping={'EndService': 'outer_1', 'PredictorService': 'outer_2', 'TrainerService': 'outer_4'}[0m
[35m(RemoteSimulator pid=601542)[0m 17:12:49.998 | [1m[35mECLYPSE[0m | [1m[1m[35mSimulation[0m[1m[0m - [37mSimulation step | step=279[0m
[95m(outer_1 pid=601541)[0m 17:12:50.382 | [32m[1mSUCCESS[0m | [1m[32m[1mEndService[0m[1m[0m - [32m[1mPrediction on image 3640 is correct.[0m
[95m(outer_1 pid=601541)[0m 17:12:50.799 | [31m[1mERROR[0m | [1m[31m[1mEndService[0m[1m[0m - [31m[1mPrediction on image 3290 is incorrect.[0m
[35m(RemoteSimulator pid=601542)[0m 17:12:50.999 | [1m[35mECLYPSE[0m | [1m[1m[35mPlacementManager[0m[1m[0m - [37mPlacement established | app=ImagePrediction | mapping={'EndService': 'outer_1', 'PredictorService': 'outer_2', 'TrainerService': 'outer_4'}[0m
[35m(RemoteSimulator pid=601542)[0m 17:12:50.999 | [1m[35mECLYPSE[0m | [1m[1m[35mSimulation[0m[1m[0m - [37mSimulation step | step=280[0m
[95m(outer_1 pid=601541)[0m 17:12:51.228 | [31m[1mERROR[0m | [1m[31m[1mEndService[0m[1m[0m - [31m[1mPrediction on image 2277 is incorrect.[0m
[95m(outer_1 pid=601541)[0m 17:12:51.652 | [31m[1mERROR[0m | [1m[31m[1mEndService[0m[1m[0m - [31m[1mPrediction on image 9258 is incorrect.[0m
[35m(RemoteSimulator pid=601542)[0m 17:12:52.000 | [1m[35mECLYPSE[0m | [1m[1m[35mPlacementManager[0m[1m[0m - [37mPlacement established | app=ImagePrediction | mapping={'EndService': 'outer_1', 'PredictorService': 'outer_2', 'TrainerService': 'outer_4'}[0m
[35m(RemoteSimulator pid=601542)[0m 17:12:52.000 | [1m[35mECLYPSE[0m | [1m[1m[35mSimulation[0m[1m[0m - [37mSimulation step | step=281[0m
[95m(outer_1 pid=601541)[0m 17:12:52.096 | [32m[1mSUCCESS[0m | [1m[32m[1mEndService[0m[1m[0m - [32m[1mPrediction on image 5114 is correct.[0m
[95m(outer_1 pid=601541)[0m 17:12:52.520 | [32m[1mSUCCESS[0m | [1m[32m[1mEndService[0m[1m[0m - [32m[1mPrediction on image 7872 is correct.[0m
[95m(outer_1 pid=601541)[0m 17:12:52.943 | [31m[1mERROR[0m | [1m[31m[1mEndService[0m[1m[0m - [31m[1mPrediction on image 4177 is incorrect.[0m
[35m(RemoteSimulator pid=601542)[0m 17:12:53.001 | [1m[35mECLYPSE[0m | [1m[1m[35mPlacementManager[0m[1m[0m - [37mPlacement established | app=ImagePrediction | mapping={'EndService': 'outer_1', 'PredictorService': 'outer_2', 'TrainerService': 'outer_4'}[0m
[35m(RemoteSimulator pid=601542)[0m 17:12:53.002 | [1m[35mECLYPSE[0m | [1m[1m[35mSimulation[0m[1m[0m - [37mSimulation step | step=282[0m
[95m(outer_1 pid=601541)[0m 17:12:53.360 | [31m[1mERROR[0m | [1m[31m[1mEndService[0m[1m[0m - [31m[1mPrediction on image 964 is incorrect.[0m
[95m(outer_1 pid=601541)[0m 17:12:53.806 | [31m[1mERROR[0m | [1m[31m[1mEndService[0m[1m[0m - [31m[1mPrediction on image 7686 is incorrect.[0m
[35m(RemoteSimulator pid=601542)[0m 17:12:54.003 | [1m[35mECLYPSE[0m | [1m[1m[35mPlacementManager[0m[1m[0m - [37mPlacement established | app=ImagePrediction | mapping={'EndService': 'outer_1', 'PredictorService': 'outer_2', 'TrainerService': 'outer_4'}[0m
[35m(RemoteSimulator pid=601542)[0m 17:12:54.003 | [1m[35mECLYPSE[0m | [1m[1m[35mSimulation[0m[1m[0m - [37mSimulation step | step=283[0m
[95m(outer_1 pid=601541)[0m 17:12:54.233 | [32m[1mSUCCESS[0m | [1m[32m[1mEndService[0m[1m[0m - [32m[1mPrediction on image 9908 is correct.[0m
[95m(outer_1 pid=601541)[0m 17:12:54.656 | [31m[1mERROR[0m | [1m[31m[1mEndService[0m[1m[0m - [31m[1mPrediction on image 2221 is incorrect.[0m
[95m(outer_1 pid=601541)[0m 17:12:55.086 | [31m[1mERROR[0m | [1m[31m[1mEndService[0m[1m[0m - [31m[1mPrediction on image 7728 is incorrect.[0m
[35m(RemoteSimulator pid=601542)[0m 17:12:55.005 | [1m[35mECLYPSE[0m | [1m[1m[35mPlacementManager[0m[1m[0m - [37mPlacement established | app=ImagePrediction | mapping={'EndService': 'outer_1', 'PredictorService': 'outer_2', 'TrainerService': 'outer_4'}[0m
[35m(RemoteSimulator pid=601542)[0m 17:12:55.006 | [1m[35mECLYPSE[0m | [1m[1m[35mSimulation[0m[1m[0m - [37mSimulation step | step=284[0m
[95m(outer_1 pid=601541)[0m 17:12:55.504 | [31m[1mERROR[0m | [1m[31m[1mEndService[0m[1m[0m - [31m[1mPrediction on image 9474 is incorrect.[0m
[95m(outer_1 pid=601541)[0m 17:12:55.938 | [32m[1mSUCCESS[0m | [1m[32m[1mEndService[0m[1m[0m - [32m[1mPrediction on image 3476 is correct.[0m
[35m(RemoteSimulator pid=601542)[0m 17:12:56.008 | [1m[35mECLYPSE[0m | [1m[1m[35mPlacementManager[0m[1m[0m - [37mPlacement established | app=ImagePrediction | mapping={'EndService': 'outer_1', 'PredictorService': 'outer_2', 'TrainerService': 'outer_4'}[0m
[35m(RemoteSimulator pid=601542)[0m 17:12:56.009 | [1m[35mECLYPSE[0m | [1m[1m[35mSimulation[0m[1m[0m - [37mSimulation step | step=285[0m
[95m(outer_1 pid=601541)[0m 17:12:56.365 | [32m[1mSUCCESS[0m | [1m[32m[1mEndService[0m[1m[0m - [32m[1mPrediction on image 4873 is correct.[0m
[95m(outer_1 pid=601541)[0m 17:12:56.795 | [32m[1mSUCCESS[0m | [1m[32m[1mEndService[0m[1m[0m - [32m[1mPrediction on image 6452 is correct.[0m
[35m(RemoteSimulator pid=601542)[0m 17:12:57.009 | [1m[35mECLYPSE[0m | [1m[1m[35mPlacementManager[0m[1m[0m - [37mPlacement established | app=ImagePrediction | mapping={'EndService': 'outer_1', 'PredictorService': 'outer_2', 'TrainerService': 'outer_4'}[0m
[35m(RemoteSimulator pid=601542)[0m 17:12:57.010 | [1m[35mECLYPSE[0m | [1m[1m[35mSimulation[0m[1m[0m - [37mSimulation step | step=286[0m
[95m(outer_1 pid=601541)[0m 17:12:57.233 | [32m[1mSUCCESS[0m | [1m[32m[1mEndService[0m[1m[0m - [32m[1mPrediction on image 2613 is correct.[0m
[95m(outer_1 pid=601541)[0m 17:12:57.663 | [31m[1mERROR[0m | [1m[31m[1mEndService[0m[1m[0m - [31m[1mPrediction on image 1969 is incorrect.[0m
[35m(RemoteSimulator pid=601542)[0m 17:12:58.011 | [1m[35mECLYPSE[0m | [1m[1m[35mPlacementManager[0m[1m[0m - [37mPlacement established | app=ImagePrediction | mapping={'EndService': 'outer_1', 'PredictorService': 'outer_2', 'TrainerService': 'outer_4'}[0m
[35m(RemoteSimulator pid=601542)[0m 17:12:58.011 | [1m[35mECLYPSE[0m | [1m[1m[35mSimulation[0m[1m[0m - [37mSimulation step | step=287[0m
[95m(outer_1 pid=601541)[0m 17:12:58.074 | [31m[1mERROR[0m | [1m[31m[1mEndService[0m[1m[0m - [31m[1mPrediction on image 9783 is incorrect.[0m
[95m(outer_1 pid=601541)[0m 17:12:58.484 | [31m[1mERROR[0m | [1m[31m[1mEndService[0m[1m[0m - [31m[1mPrediction on image 6341 is incorrect.[0m
[95m(outer_1 pid=601541)[0m 17:12:58.915 | [32m[1mSUCCESS[0m | [1m[32m[1mEndService[0m[1m[0m - [32m[1mPrediction on image 4208 is correct.[0m
[35m(RemoteSimulator pid=601542)[0m 17:12:59.013 | [1m[35mECLYPSE[0m | [1m[1m[35mPlacementManager[0m[1m[0m - [37mPlacement established | app=ImagePrediction | mapping={'EndService': 'outer_1', 'PredictorService': 'outer_2', 'TrainerService': 'outer_4'}[0m
[35m(RemoteSimulator pid=601542)[0m 17:12:59.014 | [1m[35mECLYPSE[0m | [1m[1m[35mSimulation[0m[1m[0m - [37mSimulation step | step=288[0m
[95m(outer_1 pid=601541)[0m 17:12:59.334 | [31m[1mERROR[0m | [1m[31m[1mEndService[0m[1m[0m - [31m[1mPrediction on image 5196 is incorrect.[0m
[95m(outer_1 pid=601541)[0m 17:12:59.763 | [32m[1mSUCCESS[0m | [1m[32m[1mEndService[0m[1m[0m - [32m[1mPrediction on image 7336 is correct.[0m
[35m(RemoteSimulator pid=601542)[0m 17:13:00.015 | [1m[35mECLYPSE[0m | [1m[1m[35mPlacementManager[0m[1m[0m - [37mPlacement established | app=ImagePrediction | mapping={'EndService': 'outer_1', 'PredictorService': 'outer_2', 'TrainerService': 'outer_4'}[0m
[35m(RemoteSimulator pid=601542)[0m 17:13:00.015 | [1m[35mECLYPSE[0m | [1m[1m[35mSimulation[0m[1m[0m - [37mSimulation step | step=289[0m
[95m(outer_1 pid=601541)[0m 17:13:00.173 | [32m[1mSUCCESS[0m | [1m[32m[1mEndService[0m[1m[0m - [32m[1mPrediction on image 5668 is correct.[0m
[95m(outer_1 pid=601541)[0m 17:13:00.584 | [32m[1mSUCCESS[0m | [1m[32m[1mEndService[0m[1m[0m - [32m[1mPrediction on image 3660 is correct.[0m
[95m(outer_1 pid=601541)[0m 17:13:01.011 | [31m[1mERROR[0m | [1m[31m[1mEndService[0m[1m[0m - [31m[1mPrediction on image 7413 is incorrect.[0m
[35m(RemoteSimulator pid=601542)[0m 17:13:01.017 | [1m[35mECLYPSE[0m | [1m[1m[35mPlacementManager[0m[1m[0m - [37mPlacement established | app=ImagePrediction | mapping={'EndService': 'outer_1', 'PredictorService': 'outer_2', 'TrainerService': 'outer_4'}[0m
[35m(RemoteSimulator pid=601542)[0m 17:13:01.018 | [1m[35mECLYPSE[0m | [1m[1m[35mSimulation[0m[1m[0m - [37mSimulation step | step=290[0m
[95m(outer_1 pid=601541)[0m 17:13:01.441 | [32m[1mSUCCESS[0m | [1m[32m[1mEndService[0m[1m[0m - [32m[1mPrediction on image 4815 is correct.[0m
[95m(outer_1 pid=601541)[0m 17:13:01.903 | [31m[1mERROR[0m | [1m[31m[1mEndService[0m[1m[0m - [31m[1mPrediction on image 671 is incorrect.[0m
[35m(RemoteSimulator pid=601542)[0m 17:13:02.018 | [1m[35mECLYPSE[0m | [1m[1m[35mPlacementManager[0m[1m[0m - [37mPlacement established | app=ImagePrediction | mapping={'EndService': 'outer_1', 'PredictorService': 'outer_2', 'TrainerService': 'outer_4'}[0m
[35m(RemoteSimulator pid=601542)[0m 17:13:02.019 | [1m[35mECLYPSE[0m | [1m[1m[35mSimulation[0m[1m[0m - [37mSimulation step | step=291[0m
[95m(outer_1 pid=601541)[0m 17:13:02.330 | [31m[1mERROR[0m | [1m[31m[1mEndService[0m[1m[0m - [31m[1mPrediction on image 5078 is incorrect.[0m
[95m(outer_1 pid=601541)[0m 17:13:02.745 | [31m[1mERROR[0m | [1m[31m[1mEndService[0m[1m[0m - [31m[1mPrediction on image 768 is incorrect.[0m
[35m(RemoteSimulator pid=601542)[0m 17:13:03.019 | [1m[35mECLYPSE[0m | [1m[1m[35mPlacementManager[0m[1m[0m - [37mPlacement established | app=ImagePrediction | mapping={'EndService': 'outer_1', 'PredictorService': 'outer_2', 'TrainerService': 'outer_4'}[0m
[35m(RemoteSimulator pid=601542)[0m 17:13:03.020 | [1m[35mECLYPSE[0m | [1m[1m[35mSimulation[0m[1m[0m - [37mSimulation step | step=292[0m
[95m(outer_1 pid=601541)[0m 17:13:03.180 | [31m[1mERROR[0m | [1m[31m[1mEndService[0m[1m[0m - [31m[1mPrediction on image 3102 is incorrect.[0m
[95m(outer_1 pid=601541)[0m 17:13:03.598 | [31m[1mERROR[0m | [1m[31m[1mEndService[0m[1m[0m - [31m[1mPrediction on image 5499 is incorrect.[0m
[95m(outer_1 pid=601541)[0m 17:13:04.021 | [31m[1mERROR[0m | [1m[31m[1mEndService[0m[1m[0m - [31m[1mPrediction on image 8889 is incorrect.[0m
[35m(RemoteSimulator pid=601542)[0m 17:13:04.021 | [1m[35mECLYPSE[0m | [1m[1m[35mPlacementManager[0m[1m[0m - [37mPlacement established | app=ImagePrediction | mapping={'EndService': 'outer_1', 'PredictorService': 'outer_2', 'TrainerService': 'outer_4'}[0m
[35m(RemoteSimulator pid=601542)[0m 17:13:04.021 | [1m[35mECLYPSE[0m | [1m[1m[35mSimulation[0m[1m[0m - [37mSimulation step | step=293[0m
[95m(outer_1 pid=601541)[0m 17:13:04.435 | [31m[1mERROR[0m | [1m[31m[1mEndService[0m[1m[0m - [31m[1mPrediction on image 7717 is incorrect.[0m
[95m(outer_1 pid=601541)[0m 17:13:04.860 | [32m[1mSUCCESS[0m | [1m[32m[1mEndService[0m[1m[0m - [32m[1mPrediction on image 8414 is correct.[0m
[35m(RemoteSimulator pid=601542)[0m 17:13:05.022 | [1m[35mECLYPSE[0m | [1m[1m[35mPlacementManager[0m[1m[0m - [37mPlacement established | app=ImagePrediction | mapping={'EndService': 'outer_1', 'PredictorService': 'outer_2', 'TrainerService': 'outer_4'}[0m
[35m(RemoteSimulator pid=601542)[0m 17:13:05.022 | [1m[35mECLYPSE[0m | [1m[1m[35mSimulation[0m[1m[0m - [37mSimulation step | step=294[0m
[95m(outer_1 pid=601541)[0m 17:13:05.288 | [31m[1mERROR[0m | [1m[31m[1mEndService[0m[1m[0m - [31m[1mPrediction on image 5097 is incorrect.[0m
[95m(outer_1 pid=601541)[0m 17:13:05.713 | [32m[1mSUCCESS[0m | [1m[32m[1mEndService[0m[1m[0m - [32m[1mPrediction on image 2083 is correct.[0m
[35m(RemoteSimulator pid=601542)[0m 17:13:06.023 | [1m[35mECLYPSE[0m | [1m[1m[35mPlacementManager[0m[1m[0m - [37mPlacement established | app=ImagePrediction | mapping={'EndService': 'outer_1', 'PredictorService': 'outer_2', 'TrainerService': 'outer_4'}[0m
[35m(RemoteSimulator pid=601542)[0m 17:13:06.024 | [1m[35mECLYPSE[0m | [1m[1m[35mSimulation[0m[1m[0m - [37mSimulation step | step=295[0m
[95m(outer_1 pid=601541)[0m 17:13:06.128 | [32m[1mSUCCESS[0m | [1m[32m[1mEndService[0m[1m[0m - [32m[1mPrediction on image 4492 is correct.[0m
[95m(outer_1 pid=601541)[0m 17:13:06.547 | [31m[1mERROR[0m | [1m[31m[1mEndService[0m[1m[0m - [31m[1mPrediction on image 1208 is incorrect.[0m
[95m(outer_1 pid=601541)[0m 17:13:06.993 | [31m[1mERROR[0m | [1m[31m[1mEndService[0m[1m[0m - [31m[1mPrediction on image 6810 is incorrect.[0m
[35m(RemoteSimulator pid=601542)[0m 17:13:07.025 | [1m[35mECLYPSE[0m | [1m[1m[35mPlacementManager[0m[1m[0m - [37mPlacement established | app=ImagePrediction | mapping={'EndService': 'outer_1', 'PredictorService': 'outer_2', 'TrainerService': 'outer_4'}[0m
[35m(RemoteSimulator pid=601542)[0m 17:13:07.025 | [1m[35mECLYPSE[0m | [1m[1m[35mSimulation[0m[1m[0m - [37mSimulation step | step=296[0m
[95m(outer_1 pid=601541)[0m 17:13:07.411 | [31m[1mERROR[0m | [1m[31m[1mEndService[0m[1m[0m - [31m[1mPrediction on image 5018 is incorrect.[0m
[95m(outer_1 pid=601541)[0m 17:13:07.834 | [32m[1mSUCCESS[0m | [1m[32m[1mEndService[0m[1m[0m - [32m[1mPrediction on image 3016 is correct.[0m
[35m(RemoteSimulator pid=601542)[0m 17:13:08.026 | [1m[35mECLYPSE[0m | [1m[1m[35mPlacementManager[0m[1m[0m - [37mPlacement established | app=ImagePrediction | mapping={'EndService': 'outer_1', 'PredictorService': 'outer_2', 'TrainerService': 'outer_4'}[0m
[35m(RemoteSimulator pid=601542)[0m 17:13:08.027 | [1m[35mECLYPSE[0m | [1m[1m[35mSimulation[0m[1m[0m - [37mSimulation step | step=297[0m
[95m(outer_1 pid=601541)[0m 17:13:08.268 | [31m[1mERROR[0m | [1m[31m[1mEndService[0m[1m[0m - [31m[1mPrediction on image 1345 is incorrect.[0m
[95m(outer_1 pid=601541)[0m 17:13:08.728 | [32m[1mSUCCESS[0m | [1m[32m[1mEndService[0m[1m[0m - [32m[1mPrediction on image 4309 is correct.[0m
[35m(RemoteSimulator pid=601542)[0m 17:13:09.028 | [1m[35mECLYPSE[0m | [1m[1m[35mPlacementManager[0m[1m[0m - [37mPlacement established | app=ImagePrediction | mapping={'EndService': 'outer_1', 'PredictorService': 'outer_2', 'TrainerService': 'outer_4'}[0m
[35m(RemoteSimulator pid=601542)[0m 17:13:09.028 | [1m[35mECLYPSE[0m | [1m[1m[35mSimulation[0m[1m[0m - [37mSimulation step | step=298[0m
[95m(outer_1 pid=601541)[0m 17:13:09.165 | [32m[1mSUCCESS[0m | [1m[32m[1mEndService[0m[1m[0m - [32m[1mPrediction on image 2435 is correct.[0m
[95m(outer_1 pid=601541)[0m 17:13:09.591 | [32m[1mSUCCESS[0m | [1m[32m[1mEndService[0m[1m[0m - [32m[1mPrediction on image 4642 is correct.[0m
[95m(outer_1 pid=601541)[0m 17:13:10.012 | [32m[1mSUCCESS[0m | [1m[32m[1mEndService[0m[1m[0m - [32m[1mPrediction on image 42 is correct.[0m
[35m(RemoteSimulator pid=601542)[0m 17:13:10.029 | [1m[35mECLYPSE[0m | [1m[1m[35mPlacementManager[0m[1m[0m - [37mPlacement established | app=ImagePrediction | mapping={'EndService': 'outer_1', 'PredictorService': 'outer_2', 'TrainerService': 'outer_4'}[0m
[35m(RemoteSimulator pid=601542)[0m 17:13:10.029 | [1m[35mECLYPSE[0m | [1m[1m[35mSimulation[0m[1m[0m - [37mSimulation step | step=299[0m
[95m(outer_1 pid=601541)[0m 17:13:10.444 | [31m[1mERROR[0m | [1m[31m[1mEndService[0m[1m[0m - [31m[1mPrediction on image 3342 is incorrect.[0m
[95m(outer_1 pid=601541)[0m 17:13:10.892 | [31m[1mERROR[0m | [1m[31m[1mEndService[0m[1m[0m - [31m[1mPrediction on image 6844 is incorrect.[0m
[35m(RemoteSimulator pid=601542)[0m 17:13:11.030 | [1m[35mECLYPSE[0m | [1m[1m[35mPlacementManager[0m[1m[0m - [37mPlacement established | app=ImagePrediction | mapping={'EndService': 'outer_1', 'PredictorService': 'outer_2', 'TrainerService': 'outer_4'}[0m
[35m(RemoteSimulator pid=601542)[0m 17:13:11.030 | [1m[35mECLYPSE[0m | [1m[1m[35mSimulation[0m[1m[0m - [37mSimulation step | step=300[0m
[95m(outer_1 pid=601541)[0m 17:13:11.312 | [32m[1mSUCCESS[0m | [1m[32m[1mEndService[0m[1m[0m - [32m[1mPrediction on image 485 is correct.[0m
[95m(outer_1 pid=601541)[0m 17:13:11.749 | [31m[1mERROR[0m | [1m[31m[1mEndService[0m[1m[0m - [31m[1mPrediction on image 7499 is incorrect.[0m
[35m(RemoteSimulator pid=601542)[0m 17:13:12.031 | [1m[35mECLYPSE[0m | [1m[1m[35mPlacementManager[0m[1m[0m - [37mPlacement established | app=ImagePrediction | mapping={'EndService': 'outer_1', 'PredictorService': 'outer_2', 'TrainerService': 'outer_4'}[0m
[35m(RemoteSimulator pid=601542)[0m 17:13:12.031 | [1m[35mECLYPSE[0m | [1m[1m[35mSimulation[0m[1m[0m - [37mSimulation step | step=301[0m
[95m(outer_1 pid=601541)[0m 17:13:12.205 | [32m[1mSUCCESS[0m | [1m[32m[1mEndService[0m[1m[0m - [32m[1mPrediction on image 5008 is correct.[0m
[95m(outer_1 pid=601541)[0m 17:13:12.626 | [32m[1mSUCCESS[0m | [1m[32m[1mEndService[0m[1m[0m - [32m[1mPrediction on image 6923 is correct.[0m
[95m(outer_1 pid=601541)[0m 17:13:13.063 | [32m[1mSUCCESS[0m | [1m[32m[1mEndService[0m[1m[0m - [32m[1mPrediction on image 5342 is correct.[0m
[35m(RemoteSimulator pid=601542)[0m 17:13:13.032 | [1m[35mECLYPSE[0m | [1m[1m[35mPlacementManager[0m[1m[0m - [37mPlacement established | app=ImagePrediction | mapping={'EndService': 'outer_1', 'PredictorService': 'outer_2', 'TrainerService': 'outer_4'}[0m
[35m(RemoteSimulator pid=601542)[0m 17:13:13.033 | [1m[35mECLYPSE[0m | [1m[1m[35mSimulation[0m[1m[0m - [37mSimulation step | step=302[0m
[95m(outer_1 pid=601541)[0m 17:13:13.486 | [32m[1mSUCCESS[0m | [1m[32m[1mEndService[0m[1m[0m - [32m[1mPrediction on image 8073 is correct.[0m
[95m(outer_1 pid=601541)[0m 17:13:13.909 | [32m[1mSUCCESS[0m | [1m[32m[1mEndService[0m[1m[0m - [32m[1mPrediction on image 7607 is correct.[0m
[35m(RemoteSimulator pid=601542)[0m 17:13:14.033 | [1m[35mECLYPSE[0m | [1m[1m[35mPlacementManager[0m[1m[0m - [37mPlacement established | app=ImagePrediction | mapping={'EndService': 'outer_1', 'PredictorService': 'outer_2', 'TrainerService': 'outer_4'}[0m
[35m(RemoteSimulator pid=601542)[0m 17:13:14.034 | [1m[35mECLYPSE[0m | [1m[1m[35mSimulation[0m[1m[0m - [37mSimulation step | step=303[0m
[95m(outer_1 pid=601541)[0m 17:13:14.335 | [31m[1mERROR[0m | [1m[31m[1mEndService[0m[1m[0m - [31m[1mPrediction on image 399 is incorrect.[0m
[95m(outer_1 pid=601541)[0m 17:13:14.783 | [31m[1mERROR[0m | [1m[31m[1mEndService[0m[1m[0m - [31m[1mPrediction on image 8006 is incorrect.[0m
[35m(RemoteSimulator pid=601542)[0m 17:13:15.035 | [1m[35mECLYPSE[0m | [1m[1m[35mPlacementManager[0m[1m[0m - [37mPlacement established | app=ImagePrediction | mapping={'EndService': 'outer_1', 'PredictorService': 'outer_2', 'TrainerService': 'outer_4'}[0m
[35m(RemoteSimulator pid=601542)[0m 17:13:15.035 | [1m[35mECLYPSE[0m | [1m[1m[35mSimulation[0m[1m[0m - [37mSimulation step | step=304[0m
[95m(outer_1 pid=601541)[0m 17:13:15.196 | [32m[1mSUCCESS[0m | [1m[32m[1mEndService[0m[1m[0m - [32m[1mPrediction on image 3529 is correct.[0m
[95m(outer_1 pid=601541)[0m 17:13:15.616 | [31m[1mERROR[0m | [1m[31m[1mEndService[0m[1m[0m - [31m[1mPrediction on image 2642 is incorrect.[0m
[95m(outer_1 pid=601541)[0m 17:13:16.039 | [32m[1mSUCCESS[0m | [1m[32m[1mEndService[0m[1m[0m - [32m[1mPrediction on image 5659 is correct.[0m
[35m(RemoteSimulator pid=601542)[0m 17:13:16.036 | [1m[35mECLYPSE[0m | [1m[1m[35mPlacementManager[0m[1m[0m - [37mPlacement established | app=ImagePrediction | mapping={'EndService': 'outer_1', 'PredictorService': 'outer_2', 'TrainerService': 'outer_4'}[0m
[35m(RemoteSimulator pid=601542)[0m 17:13:16.036 | [1m[35mECLYPSE[0m | [1m[1m[35mSimulation[0m[1m[0m - [37mSimulation step | step=305[0m
[95m(outer_1 pid=601541)[0m 17:13:16.457 | [31m[1mERROR[0m | [1m[31m[1mEndService[0m[1m[0m - [31m[1mPrediction on image 9802 is incorrect.[0m
[95m(outer_1 pid=601541)[0m 17:13:16.908 | [31m[1mERROR[0m | [1m[31m[1mEndService[0m[1m[0m - [31m[1mPrediction on image 1868 is incorrect.[0m
[35m(RemoteSimulator pid=601542)[0m 17:13:17.037 | [1m[35mECLYPSE[0m | [1m[1m[35mPlacementManager[0m[1m[0m - [37mPlacement established | app=ImagePrediction | mapping={'EndService': 'outer_1', 'PredictorService': 'outer_2', 'TrainerService': 'outer_4'}[0m
[35m(RemoteSimulator pid=601542)[0m 17:13:17.037 | [1m[35mECLYPSE[0m | [1m[1m[35mSimulation[0m[1m[0m - [37mSimulation step | step=306[0m
[95m(outer_1 pid=601541)[0m 17:13:17.343 | [31m[1mERROR[0m | [1m[31m[1mEndService[0m[1m[0m - [31m[1mPrediction on image 6113 is incorrect.[0m
[95m(outer_1 pid=601541)[0m 17:13:17.758 | [32m[1mSUCCESS[0m | [1m[32m[1mEndService[0m[1m[0m - [32m[1mPrediction on image 2187 is correct.[0m
[35m(RemoteSimulator pid=601542)[0m 17:13:18.038 | [1m[35mECLYPSE[0m | [1m[1m[35mPlacementManager[0m[1m[0m - [37mPlacement established | app=ImagePrediction | mapping={'EndService': 'outer_1', 'PredictorService': 'outer_2', 'TrainerService': 'outer_4'}[0m
[35m(RemoteSimulator pid=601542)[0m 17:13:18.038 | [1m[35mECLYPSE[0m | [1m[1m[35mSimulation[0m[1m[0m - [37mSimulation step | step=307[0m
[95m(outer_1 pid=601541)[0m 17:13:18.177 | [32m[1mSUCCESS[0m | [1m[32m[1mEndService[0m[1m[0m - [32m[1mPrediction on image 2165 is correct.[0m
[95m(outer_1 pid=601541)[0m 17:13:18.591 | [32m[1mSUCCESS[0m | [1m[32m[1mEndService[0m[1m[0m - [32m[1mPrediction on image 1600 is correct.[0m
[95m(outer_1 pid=601541)[0m 17:13:19.023 | [32m[1mSUCCESS[0m | [1m[32m[1mEndService[0m[1m[0m - [32m[1mPrediction on image 1310 is correct.[0m
[35m(RemoteSimulator pid=601542)[0m 17:13:19.039 | [1m[35mECLYPSE[0m | [1m[1m[35mPlacementManager[0m[1m[0m - [37mPlacement established | app=ImagePrediction | mapping={'EndService': 'outer_1', 'PredictorService': 'outer_2', 'TrainerService': 'outer_4'}[0m
[35m(RemoteSimulator pid=601542)[0m 17:13:19.039 | [1m[35mECLYPSE[0m | [1m[1m[35mSimulation[0m[1m[0m - [37mSimulation step | step=308[0m
[95m(outer_1 pid=601541)[0m 17:13:19.441 | [31m[1mERROR[0m | [1m[31m[1mEndService[0m[1m[0m - [31m[1mPrediction on image 1081 is incorrect.[0m
[95m(outer_1 pid=601541)[0m 17:13:19.890 | [32m[1mSUCCESS[0m | [1m[32m[1mEndService[0m[1m[0m - [32m[1mPrediction on image 4114 is correct.[0m
[35m(RemoteSimulator pid=601542)[0m 17:13:20.040 | [1m[35mECLYPSE[0m | [1m[1m[35mPlacementManager[0m[1m[0m - [37mPlacement established | app=ImagePrediction | mapping={'EndService': 'outer_1', 'PredictorService': 'outer_2', 'TrainerService': 'outer_4'}[0m
[35m(RemoteSimulator pid=601542)[0m 17:13:20.041 | [1m[35mECLYPSE[0m | [1m[1m[35mSimulation[0m[1m[0m - [37mSimulation step | step=309[0m
[95m(outer_1 pid=601541)[0m 17:13:20.315 | [32m[1mSUCCESS[0m | [1m[32m[1mEndService[0m[1m[0m - [32m[1mPrediction on image 5379 is correct.[0m
[95m(outer_1 pid=601541)[0m 17:13:20.778 | [32m[1mSUCCESS[0m | [1m[32m[1mEndService[0m[1m[0m - [32m[1mPrediction on image 9458 is correct.[0m
[35m(RemoteSimulator pid=601542)[0m 17:13:21.041 | [1m[35mECLYPSE[0m | [1m[1m[35mPlacementManager[0m[1m[0m - [37mPlacement established | app=ImagePrediction | mapping={'EndService': 'outer_1', 'PredictorService': 'outer_2', 'TrainerService': 'outer_4'}[0m
[35m(RemoteSimulator pid=601542)[0m 17:13:21.042 | [1m[35mECLYPSE[0m | [1m[1m[35mSimulation[0m[1m[0m - [37mSimulation step | step=310[0m
[95m(outer_1 pid=601541)[0m 17:13:21.208 | [31m[1mERROR[0m | [1m[31m[1mEndService[0m[1m[0m - [31m[1mPrediction on image 4827 is incorrect.[0m
[95m(outer_1 pid=601541)[0m 17:13:21.633 | [32m[1mSUCCESS[0m | [1m[32m[1mEndService[0m[1m[0m - [32m[1mPrediction on image 2284 is correct.[0m
[95m(outer_1 pid=601541)[0m 17:13:22.060 | [32m[1mSUCCESS[0m | [1m[32m[1mEndService[0m[1m[0m - [32m[1mPrediction on image 9967 is correct.[0m
[35m(RemoteSimulator pid=601542)[0m 17:13:22.043 | [1m[35mECLYPSE[0m | [1m[1m[35mPlacementManager[0m[1m[0m - [37mPlacement established | app=ImagePrediction | mapping={'EndService': 'outer_1', 'PredictorService': 'outer_2', 'TrainerService': 'outer_4'}[0m
[35m(RemoteSimulator pid=601542)[0m 17:13:22.044 | [1m[35mECLYPSE[0m | [1m[1m[35mSimulation[0m[1m[0m - [37mSimulation step | step=311[0m
[95m(outer_1 pid=601541)[0m 17:13:22.478 | [32m[1mSUCCESS[0m | [1m[32m[1mEndService[0m[1m[0m - [32m[1mPrediction on image 9718 is correct.[0m
[95m(outer_1 pid=601541)[0m 17:13:22.914 | [31m[1mERROR[0m | [1m[31m[1mEndService[0m[1m[0m - [31m[1mPrediction on image 8006 is incorrect.[0m
[35m(RemoteSimulator pid=601542)[0m 17:13:23.045 | [1m[35mECLYPSE[0m | [1m[1m[35mPlacementManager[0m[1m[0m - [37mPlacement established | app=ImagePrediction | mapping={'EndService': 'outer_1', 'PredictorService': 'outer_2', 'TrainerService': 'outer_4'}[0m
[35m(RemoteSimulator pid=601542)[0m 17:13:23.045 | [1m[35mECLYPSE[0m | [1m[1m[35mSimulation[0m[1m[0m - [37mSimulation step | step=312[0m
[95m(outer_1 pid=601541)[0m 17:13:23.340 | [32m[1mSUCCESS[0m | [1m[32m[1mEndService[0m[1m[0m - [32m[1mPrediction on image 8947 is correct.[0m
[95m(outer_1 pid=601541)[0m 17:13:23.797 | [31m[1mERROR[0m | [1m[31m[1mEndService[0m[1m[0m - [31m[1mPrediction on image 6632 is incorrect.[0m
[35m(RemoteSimulator pid=601542)[0m 17:13:24.046 | [1m[35mECLYPSE[0m | [1m[1m[35mPlacementManager[0m[1m[0m - [37mPlacement established | app=ImagePrediction | mapping={'EndService': 'outer_1', 'PredictorService': 'outer_2', 'TrainerService': 'outer_4'}[0m
[35m(RemoteSimulator pid=601542)[0m 17:13:24.047 | [1m[35mECLYPSE[0m | [1m[1m[35mSimulation[0m[1m[0m - [37mSimulation step | step=313[0m
[95m(outer_1 pid=601541)[0m 17:13:24.222 | [32m[1mSUCCESS[0m | [1m[32m[1mEndService[0m[1m[0m - [32m[1mPrediction on image 296 is correct.[0m
[95m(outer_1 pid=601541)[0m 17:13:24.636 | [32m[1mSUCCESS[0m | [1m[32m[1mEndService[0m[1m[0m - [32m[1mPrediction on image 3150 is correct.[0m
[95m(outer_1 pid=601541)[0m 17:13:25.054 | [31m[1mERROR[0m | [1m[31m[1mEndService[0m[1m[0m - [31m[1mPrediction on image 982 is incorrect.[0m
[35m(RemoteSimulator pid=601542)[0m 17:13:25.048 | [1m[35mECLYPSE[0m | [1m[1m[35mPlacementManager[0m[1m[0m - [37mPlacement established | app=ImagePrediction | mapping={'EndService': 'outer_1', 'PredictorService': 'outer_2', 'TrainerService': 'outer_4'}[0m
[35m(RemoteSimulator pid=601542)[0m 17:13:25.048 | [1m[35mECLYPSE[0m | [1m[1m[35mSimulation[0m[1m[0m - [37mSimulation step | step=314[0m
[95m(outer_1 pid=601541)[0m 17:13:25.464 | [32m[1mSUCCESS[0m | [1m[32m[1mEndService[0m[1m[0m - [32m[1mPrediction on image 7647 is correct.[0m
[95m(outer_1 pid=601541)[0m 17:13:25.889 | [32m[1mSUCCESS[0m | [1m[32m[1mEndService[0m[1m[0m - [32m[1mPrediction on image 7971 is correct.[0m
[35m(RemoteSimulator pid=601542)[0m 17:13:26.049 | [1m[35mECLYPSE[0m | [1m[1m[35mPlacementManager[0m[1m[0m - [37mPlacement established | app=ImagePrediction | mapping={'EndService': 'outer_1', 'PredictorService': 'outer_2', 'TrainerService': 'outer_4'}[0m
[35m(RemoteSimulator pid=601542)[0m 17:13:26.050 | [1m[35mECLYPSE[0m | [1m[1m[35mSimulation[0m[1m[0m - [37mSimulation step | step=315[0m
[95m(outer_1 pid=601541)[0m 17:13:26.330 | [32m[1mSUCCESS[0m | [1m[32m[1mEndService[0m[1m[0m - [32m[1mPrediction on image 5591 is correct.[0m
[95m(outer_1 pid=601541)[0m 17:13:26.762 | [31m[1mERROR[0m | [1m[31m[1mEndService[0m[1m[0m - [31m[1mPrediction on image 7399 is incorrect.[0m
[35m(RemoteSimulator pid=601542)[0m 17:13:27.051 | [1m[35mECLYPSE[0m | [1m[1m[35mPlacementManager[0m[1m[0m - [37mPlacement established | app=ImagePrediction | mapping={'EndService': 'outer_1', 'PredictorService': 'outer_2', 'TrainerService': 'outer_4'}[0m
[35m(RemoteSimulator pid=601542)[0m 17:13:27.051 | [1m[35mECLYPSE[0m | [1m[1m[35mSimulation[0m[1m[0m - [37mSimulation step | step=316[0m
[95m(outer_1 pid=601541)[0m 17:13:27.192 | [32m[1mSUCCESS[0m | [1m[32m[1mEndService[0m[1m[0m - [32m[1mPrediction on image 586 is correct.[0m
[95m(outer_1 pid=601541)[0m 17:13:27.617 | [31m[1mERROR[0m | [1m[31m[1mEndService[0m[1m[0m - [31m[1mPrediction on image 7656 is incorrect.[0m
[95m(outer_1 pid=601541)[0m 17:13:28.036 | [32m[1mSUCCESS[0m | [1m[32m[1mEndService[0m[1m[0m - [32m[1mPrediction on image 2973 is correct.[0m
[35m(RemoteSimulator pid=601542)[0m 17:13:28.052 | [1m[35mECLYPSE[0m | [1m[1m[35mPlacementManager[0m[1m[0m - [37mPlacement established | app=ImagePrediction | mapping={'EndService': 'outer_1', 'PredictorService': 'outer_2', 'TrainerService': 'outer_4'}[0m
[35m(RemoteSimulator pid=601542)[0m 17:13:28.053 | [1m[35mECLYPSE[0m | [1m[1m[35mSimulation[0m[1m[0m - [37mSimulation step | step=317[0m
[95m(outer_1 pid=601541)[0m 17:13:28.450 | [32m[1mSUCCESS[0m | [1m[32m[1mEndService[0m[1m[0m - [32m[1mPrediction on image 1372 is correct.[0m
[95m(outer_1 pid=601541)[0m 17:13:28.885 | [31m[1mERROR[0m | [1m[31m[1mEndService[0m[1m[0m - [31m[1mPrediction on image 6729 is incorrect.[0m
[35m(RemoteSimulator pid=601542)[0m 17:13:29.054 | [1m[35mECLYPSE[0m | [1m[1m[35mPlacementManager[0m[1m[0m - [37mPlacement established | app=ImagePrediction | mapping={'EndService': 'outer_1', 'PredictorService': 'outer_2', 'TrainerService': 'outer_4'}[0m
[35m(RemoteSimulator pid=601542)[0m 17:13:29.054 | [1m[35mECLYPSE[0m | [1m[1m[35mSimulation[0m[1m[0m - [37mSimulation step | step=318[0m
[95m(outer_1 pid=601541)[0m 17:13:29.324 | [31m[1mERROR[0m | [1m[31m[1mEndService[0m[1m[0m - [31m[1mPrediction on image 7002 is incorrect.[0m
[95m(outer_1 pid=601541)[0m 17:13:29.741 | [32m[1mSUCCESS[0m | [1m[32m[1mEndService[0m[1m[0m - [32m[1mPrediction on image 8890 is correct.[0m
[35m(RemoteSimulator pid=601542)[0m 17:13:30.055 | [1m[35mECLYPSE[0m | [1m[1m[35mPlacementManager[0m[1m[0m - [37mPlacement established | app=ImagePrediction | mapping={'EndService': 'outer_1', 'PredictorService': 'outer_2', 'TrainerService': 'outer_4'}[0m
[35m(RemoteSimulator pid=601542)[0m 17:13:30.056 | [1m[35mECLYPSE[0m | [1m[1m[35mSimulation[0m[1m[0m - [37mSimulation step | step=319[0m
[95m(outer_1 pid=601541)[0m 17:13:30.156 | [31m[1mERROR[0m | [1m[31m[1mEndService[0m[1m[0m - [31m[1mPrediction on image 3473 is incorrect.[0m
[95m(outer_1 pid=601541)[0m 17:13:30.578 | [32m[1mSUCCESS[0m | [1m[32m[1mEndService[0m[1m[0m - [32m[1mPrediction on image 2773 is correct.[0m
[95m(outer_1 pid=601541)[0m 17:13:31.033 | [31m[1mERROR[0m | [1m[31m[1mEndService[0m[1m[0m - [31m[1mPrediction on image 8178 is incorrect.[0m
[35m(RemoteSimulator pid=601542)[0m 17:13:31.057 | [1m[35mECLYPSE[0m | [1m[1m[35mPlacementManager[0m[1m[0m - [37mPlacement established | app=ImagePrediction | mapping={'EndService': 'outer_1', 'PredictorService': 'outer_2', 'TrainerService': 'outer_4'}[0m
[35m(RemoteSimulator pid=601542)[0m 17:13:31.057 | [1m[35mECLYPSE[0m | [1m[1m[35mSimulation[0m[1m[0m - [37mSimulation step | step=320[0m
[95m(outer_1 pid=601541)[0m 17:13:31.471 | [32m[1mSUCCESS[0m | [1m[32m[1mEndService[0m[1m[0m - [32m[1mPrediction on image 9436 is correct.[0m
[95m(outer_1 pid=601541)[0m 17:13:31.895 | [32m[1mSUCCESS[0m | [1m[32m[1mEndService[0m[1m[0m - [32m[1mPrediction on image 5744 is correct.[0m
[35m(RemoteSimulator pid=601542)[0m 17:13:32.058 | [1m[35mECLYPSE[0m | [1m[1m[35mPlacementManager[0m[1m[0m - [37mPlacement established | app=ImagePrediction | mapping={'EndService': 'outer_1', 'PredictorService': 'outer_2', 'TrainerService': 'outer_4'}[0m
[35m(RemoteSimulator pid=601542)[0m 17:13:32.058 | [1m[35mECLYPSE[0m | [1m[1m[35mSimulation[0m[1m[0m - [37mSimulation step | step=321[0m
[95m(outer_1 pid=601541)[0m 17:13:32.323 | [32m[1mSUCCESS[0m | [1m[32m[1mEndService[0m[1m[0m - [32m[1mPrediction on image 3748 is correct.[0m
[95m(outer_1 pid=601541)[0m 17:13:32.754 | [31m[1mERROR[0m | [1m[31m[1mEndService[0m[1m[0m - [31m[1mPrediction on image 1736 is incorrect.[0m
[35m(RemoteSimulator pid=601542)[0m 17:13:33.059 | [1m[35mECLYPSE[0m | [1m[1m[35mPlacementManager[0m[1m[0m - [37mPlacement established | app=ImagePrediction | mapping={'EndService': 'outer_1', 'PredictorService': 'outer_2', 'TrainerService': 'outer_4'}[0m
[35m(RemoteSimulator pid=601542)[0m 17:13:33.059 | [1m[35mECLYPSE[0m | [1m[1m[35mSimulation[0m[1m[0m - [37mSimulation step | step=322[0m
[95m(outer_1 pid=601541)[0m 17:13:33.179 | [31m[1mERROR[0m | [1m[31m[1mEndService[0m[1m[0m - [31m[1mPrediction on image 4929 is incorrect.[0m
[95m(outer_1 pid=601541)[0m 17:13:33.599 | [32m[1mSUCCESS[0m | [1m[32m[1mEndService[0m[1m[0m - [32m[1mPrediction on image 5035 is correct.[0m
[95m(outer_1 pid=601541)[0m 17:13:34.051 | [32m[1mSUCCESS[0m | [1m[32m[1mEndService[0m[1m[0m - [32m[1mPrediction on image 3790 is correct.[0m
[35m(RemoteSimulator pid=601542)[0m 17:13:34.061 | [1m[35mECLYPSE[0m | [1m[1m[35mPlacementManager[0m[1m[0m - [37mPlacement established | app=ImagePrediction | mapping={'EndService': 'outer_1', 'PredictorService': 'outer_2', 'TrainerService': 'outer_4'}[0m
[35m(RemoteSimulator pid=601542)[0m 17:13:34.062 | [1m[35mECLYPSE[0m | [1m[1m[35mSimulation[0m[1m[0m - [37mSimulation step | step=323[0m
[95m(outer_1 pid=601541)[0m 17:13:34.480 | [32m[1mSUCCESS[0m | [1m[32m[1mEndService[0m[1m[0m - [32m[1mPrediction on image 2344 is correct.[0m
[95m(outer_1 pid=601541)[0m 17:13:34.898 | [31m[1mERROR[0m | [1m[31m[1mEndService[0m[1m[0m - [31m[1mPrediction on image 501 is incorrect.[0m
[35m(RemoteSimulator pid=601542)[0m 17:13:35.063 | [1m[35mECLYPSE[0m | [1m[1m[35mPlacementManager[0m[1m[0m - [37mPlacement established | app=ImagePrediction | mapping={'EndService': 'outer_1', 'PredictorService': 'outer_2', 'TrainerService': 'outer_4'}[0m
[35m(RemoteSimulator pid=601542)[0m 17:13:35.063 | [1m[35mECLYPSE[0m | [1m[1m[35mSimulation[0m[1m[0m - [37mSimulation step | step=324[0m
[95m(outer_1 pid=601541)[0m 17:13:35.348 | [31m[1mERROR[0m | [1m[31m[1mEndService[0m[1m[0m - [31m[1mPrediction on image 7527 is incorrect.[0m
[95m(outer_1 pid=601541)[0m 17:13:35.784 | [32m[1mSUCCESS[0m | [1m[32m[1mEndService[0m[1m[0m - [32m[1mPrediction on image 2570 is correct.[0m
[35m(RemoteSimulator pid=601542)[0m 17:13:36.064 | [1m[35mECLYPSE[0m | [1m[1m[35mPlacementManager[0m[1m[0m - [37mPlacement established | app=ImagePrediction | mapping={'EndService': 'outer_1', 'PredictorService': 'outer_2', 'TrainerService': 'outer_4'}[0m
[35m(RemoteSimulator pid=601542)[0m 17:13:36.065 | [1m[35mECLYPSE[0m | [1m[1m[35mSimulation[0m[1m[0m - [37mSimulation step | step=325[0m
[95m(outer_1 pid=601541)[0m 17:13:36.232 | [32m[1mSUCCESS[0m | [1m[32m[1mEndService[0m[1m[0m - [32m[1mPrediction on image 7872 is correct.[0m
[95m(outer_1 pid=601541)[0m 17:13:36.654 | [31m[1mERROR[0m | [1m[31m[1mEndService[0m[1m[0m - [31m[1mPrediction on image 9282 is incorrect.[0m
[95m(outer_1 pid=601541)[0m 17:13:37.073 | [32m[1mSUCCESS[0m | [1m[32m[1mEndService[0m[1m[0m - [32m[1mPrediction on image 4136 is correct.[0m
[35m(RemoteSimulator pid=601542)[0m 17:13:37.065 | [1m[35mECLYPSE[0m | [1m[1m[35mPlacementManager[0m[1m[0m - [37mPlacement established | app=ImagePrediction | mapping={'EndService': 'outer_1', 'PredictorService': 'outer_2', 'TrainerService': 'outer_4'}[0m
[35m(RemoteSimulator pid=601542)[0m 17:13:37.066 | [1m[35mECLYPSE[0m | [1m[1m[35mSimulation[0m[1m[0m - [37mSimulation step | step=326[0m
[95m(outer_1 pid=601541)[0m 17:13:37.489 | [31m[1mERROR[0m | [1m[31m[1mEndService[0m[1m[0m - [31m[1mPrediction on image 4075 is incorrect.[0m
[95m(outer_1 pid=601541)[0m 17:13:37.917 | [32m[1mSUCCESS[0m | [1m[32m[1mEndService[0m[1m[0m - [32m[1mPrediction on image 7648 is correct.[0m
[35m(RemoteSimulator pid=601542)[0m 17:13:38.067 | [1m[35mECLYPSE[0m | [1m[1m[35mPlacementManager[0m[1m[0m - [37mPlacement established | app=ImagePrediction | mapping={'EndService': 'outer_1', 'PredictorService': 'outer_2', 'TrainerService': 'outer_4'}[0m
[35m(RemoteSimulator pid=601542)[0m 17:13:38.067 | [1m[35mECLYPSE[0m | [1m[1m[35mSimulation[0m[1m[0m - [37mSimulation step | step=327[0m
[95m(outer_1 pid=601541)[0m 17:13:38.353 | [32m[1mSUCCESS[0m | [1m[32m[1mEndService[0m[1m[0m - [32m[1mPrediction on image 6641 is correct.[0m
[95m(outer_1 pid=601541)[0m 17:13:38.816 | [31m[1mERROR[0m | [1m[31m[1mEndService[0m[1m[0m - [31m[1mPrediction on image 5950 is incorrect.[0m
[35m(RemoteSimulator pid=601542)[0m 17:13:39.068 | [1m[35mECLYPSE[0m | [1m[1m[35mPlacementManager[0m[1m[0m - [37mPlacement established | app=ImagePrediction | mapping={'EndService': 'outer_1', 'PredictorService': 'outer_2', 'TrainerService': 'outer_4'}[0m
[35m(RemoteSimulator pid=601542)[0m 17:13:39.068 | [1m[35mECLYPSE[0m | [1m[1m[35mSimulation[0m[1m[0m - [37mSimulation step | step=328[0m
[95m(outer_1 pid=601541)[0m 17:13:39.246 | [31m[1mERROR[0m | [1m[31m[1mEndService[0m[1m[0m - [31m[1mPrediction on image 8495 is incorrect.[0m
[95m(outer_1 pid=601541)[0m 17:13:39.665 | [32m[1mSUCCESS[0m | [1m[32m[1mEndService[0m[1m[0m - [32m[1mPrediction on image 9865 is correct.[0m
[94m(outer_2 pid=601540)[0m 17:13:40.008 | [33m[1mWARNING[0m | [1m[33m[1mPredictorService[0m[1m[0m - [33m[1mModel updated.[0m
[95m(outer_1 pid=601541)[0m 17:13:40.099 | [31m[1mERROR[0m | [1m[31m[1mEndService[0m[1m[0m - [31m[1mPrediction on image 9255 is incorrect.[0m
[35m(RemoteSimulator pid=601542)[0m 17:13:40.069 | [1m[35mECLYPSE[0m | [1m[1m[35mPlacementManager[0m[1m[0m - [37mPlacement established | app=ImagePrediction | mapping={'EndService': 'outer_1', 'PredictorService': 'outer_2', 'TrainerService': 'outer_4'}[0m
[35m(RemoteSimulator pid=601542)[0m 17:13:40.070 | [1m[35mECLYPSE[0m | [1m[1m[35mSimulation[0m[1m[0m - [37mSimulation step | step=329[0m
[95m(outer_1 pid=601541)[0m 17:13:40.280 | [32m[1mSUCCESS[0m | [1m[32m[1mEndService[0m[1m[0m - [32m[1mPrediction on image 4010 is correct.[0m
[95m(outer_1 pid=601541)[0m 17:13:40.463 | [32m[1mSUCCESS[0m | [1m[32m[1mEndService[0m[1m[0m - [32m[1mPrediction on image 7745 is correct.[0m
[95m(outer_1 pid=601541)[0m 17:13:40.677 | [31m[1mERROR[0m | [1m[31m[1mEndService[0m[1m[0m - [31m[1mPrediction on image 6376 is incorrect.[0m
[95m(outer_1 pid=601541)[0m 17:13:40.864 | [32m[1mSUCCESS[0m | [1m[32m[1mEndService[0m[1m[0m - [32m[1mPrediction on image 3648 is correct.[0m
[95m(outer_1 pid=601541)[0m 17:13:41.052 | [31m[1mERROR[0m | [1m[31m[1mEndService[0m[1m[0m - [31m[1mPrediction on image 7568 is incorrect.[0m
[35m(RemoteSimulator pid=601542)[0m 17:13:41.070 | [1m[35mECLYPSE[0m | [1m[1m[35mPlacementManager[0m[1m[0m - [37mPlacement established | app=ImagePrediction | mapping={'EndService': 'outer_1', 'PredictorService': 'outer_2', 'TrainerService': 'outer_4'}[0m
[35m(RemoteSimulator pid=601542)[0m 17:13:41.071 | [1m[35mECLYPSE[0m | [1m[1m[35mSimulation[0m[1m[0m - [37mSimulation step | step=330[0m
[95m(outer_1 pid=601541)[0m 17:13:41.256 | [31m[1mERROR[0m | [1m[31m[1mEndService[0m[1m[0m - [31m[1mPrediction on image 4869 is incorrect.[0m
[95m(outer_1 pid=601541)[0m 17:13:41.443 | [32m[1mSUCCESS[0m | [1m[32m[1mEndService[0m[1m[0m - [32m[1mPrediction on image 6630 is correct.[0m
[95m(outer_1 pid=601541)[0m 17:13:41.641 | [32m[1mSUCCESS[0m | [1m[32m[1mEndService[0m[1m[0m - [32m[1mPrediction on image 2471 is correct.[0m
[95m(outer_1 pid=601541)[0m 17:13:41.836 | [32m[1mSUCCESS[0m | [1m[32m[1mEndService[0m[1m[0m - [32m[1mPrediction on image 6535 is correct.[0m
[95m(outer_1 pid=601541)[0m 17:13:42.027 | [31m[1mERROR[0m | [1m[31m[1mEndService[0m[1m[0m - [31m[1mPrediction on image 4890 is incorrect.[0m
[35m(RemoteSimulator pid=601542)[0m 17:13:42.072 | [1m[35mECLYPSE[0m | [1m[1m[35mPlacementManager[0m[1m[0m - [37mPlacement established | app=ImagePrediction | mapping={'EndService': 'outer_1', 'PredictorService': 'outer_2', 'TrainerService': 'outer_4'}[0m
[35m(RemoteSimulator pid=601542)[0m 17:13:42.072 | [1m[35mECLYPSE[0m | [1m[1m[35mSimulation[0m[1m[0m - [37mSimulation step | step=331[0m
[95m(outer_1 pid=601541)[0m 17:13:42.216 | [31m[1mERROR[0m | [1m[31m[1mEndService[0m[1m[0m - [31m[1mPrediction on image 7499 is incorrect.[0m
[95m(outer_1 pid=601541)[0m 17:13:42.407 | [32m[1mSUCCESS[0m | [1m[32m[1mEndService[0m[1m[0m - [32m[1mPrediction on image 7139 is correct.[0m
[95m(outer_1 pid=601541)[0m 17:13:42.600 | [32m[1mSUCCESS[0m | [1m[32m[1mEndService[0m[1m[0m - [32m[1mPrediction on image 9407 is correct.[0m
[95m(outer_1 pid=601541)[0m 17:13:42.795 | [32m[1mSUCCESS[0m | [1m[32m[1mEndService[0m[1m[0m - [32m[1mPrediction on image 4824 is correct.[0m
[95m(outer_1 pid=601541)[0m 17:13:42.981 | [32m[1mSUCCESS[0m | [1m[32m[1mEndService[0m[1m[0m - [32m[1mPrediction on image 4166 is correct.[0m
[35m(RemoteSimulator pid=601542)[0m 17:13:43.073 | [1m[35mECLYPSE[0m | [1m[1m[35mPlacementManager[0m[1m[0m - [37mPlacement established | app=ImagePrediction | mapping={'EndService': 'outer_1', 'PredictorService': 'outer_2', 'TrainerService': 'outer_4'}[0m
[95m(outer_1 pid=601541)[0m 17:13:43.169 | [32m[1mSUCCESS[0m | [1m[32m[1mEndService[0m[1m[0m - [32m[1mPrediction on image 6892 is correct.[0m
[35m(RemoteSimulator pid=601542)[0m 17:13:43.073 | [1m[35mECLYPSE[0m | [1m[1m[35mSimulation[0m[1m[0m - [37mSimulation step | step=332[0m
[95m(outer_1 pid=601541)[0m 17:13:43.359 | [32m[1mSUCCESS[0m | [1m[32m[1mEndService[0m[1m[0m - [32m[1mPrediction on image 8087 is correct.[0m
[95m(outer_1 pid=601541)[0m 17:13:43.549 | [32m[1mSUCCESS[0m | [1m[32m[1mEndService[0m[1m[0m - [32m[1mPrediction on image 1703 is correct.[0m
[95m(outer_1 pid=601541)[0m 17:13:43.736 | [32m[1mSUCCESS[0m | [1m[32m[1mEndService[0m[1m[0m - [32m[1mPrediction on image 2874 is correct.[0m
[95m(outer_1 pid=601541)[0m 17:13:43.928 | [31m[1mERROR[0m | [1m[31m[1mEndService[0m[1m[0m - [31m[1mPrediction on image 5390 is incorrect.[0m
[35m(RemoteSimulator pid=601542)[0m 17:13:44.074 | [1m[35mECLYPSE[0m | [1m[1m[35mPlacementManager[0m[1m[0m - [37mPlacement established | app=ImagePrediction | mapping={'EndService': 'outer_1', 'PredictorService': 'outer_2', 'TrainerService': 'outer_4'}[0m
[35m(RemoteSimulator pid=601542)[0m 17:13:44.074 | [1m[35mECLYPSE[0m | [1m[1m[35mSimulation[0m[1m[0m - [37mSimulation step | step=333[0m
[95m(outer_1 pid=601541)[0m 17:13:44.123 | [31m[1mERROR[0m | [1m[31m[1mEndService[0m[1m[0m - [31m[1mPrediction on image 8404 is incorrect.[0m
[95m(outer_1 pid=601541)[0m 17:13:44.313 | [32m[1mSUCCESS[0m | [1m[32m[1mEndService[0m[1m[0m - [32m[1mPrediction on image 1327 is correct.[0m
[95m(outer_1 pid=601541)[0m 17:13:44.502 | [31m[1mERROR[0m | [1m[31m[1mEndService[0m[1m[0m - [31m[1mPrediction on image 5299 is incorrect.[0m
[95m(outer_1 pid=601541)[0m 17:13:44.701 | [32m[1mSUCCESS[0m | [1m[32m[1mEndService[0m[1m[0m - [32m[1mPrediction on image 1120 is correct.[0m
[95m(outer_1 pid=601541)[0m 17:13:44.896 | [32m[1mSUCCESS[0m | [1m[32m[1mEndService[0m[1m[0m - [32m[1mPrediction on image 5047 is correct.[0m
[95m(outer_1 pid=601541)[0m 17:13:45.093 | [31m[1mERROR[0m | [1m[31m[1mEndService[0m[1m[0m - [31m[1mPrediction on image 8809 is incorrect.[0m
[35m(RemoteSimulator pid=601542)[0m 17:13:45.075 | [1m[35mECLYPSE[0m | [1m[1m[35mPlacementManager[0m[1m[0m - [37mPlacement established | app=ImagePrediction | mapping={'EndService': 'outer_1', 'PredictorService': 'outer_2', 'TrainerService': 'outer_4'}[0m
[35m(RemoteSimulator pid=601542)[0m 17:13:45.076 | [1m[35mECLYPSE[0m | [1m[1m[35mSimulation[0m[1m[0m - [37mSimulation step | step=334[0m
[95m(outer_1 pid=601541)[0m 17:13:45.275 | [32m[1mSUCCESS[0m | [1m[32m[1mEndService[0m[1m[0m - [32m[1mPrediction on image 1598 is correct.[0m
[95m(outer_1 pid=601541)[0m 17:13:45.464 | [32m[1mSUCCESS[0m | [1m[32m[1mEndService[0m[1m[0m - [32m[1mPrediction on image 8302 is correct.[0m
[95m(outer_1 pid=601541)[0m 17:13:45.670 | [32m[1mSUCCESS[0m | [1m[32m[1mEndService[0m[1m[0m - [32m[1mPrediction on image 332 is correct.[0m
[95m(outer_1 pid=601541)[0m 17:13:46.136 | [31m[1mERROR[0m | [1m[31m[1mEndService[0m[1m[0m - [31m[1mPrediction on image 7689 is incorrect.[0m
[35m(RemoteSimulator pid=601542)[0m 17:13:46.076 | [1m[35mECLYPSE[0m | [1m[1m[35mPlacementManager[0m[1m[0m - [37mPlacement established | app=ImagePrediction | mapping={'EndService': 'outer_1', 'PredictorService': 'outer_2', 'TrainerService': 'outer_4'}[0m
[35m(RemoteSimulator pid=601542)[0m 17:13:46.077 | [1m[35mECLYPSE[0m | [1m[1m[35mSimulation[0m[1m[0m - [37mSimulation step | step=335[0m
[95m(outer_1 pid=601541)[0m 17:13:46.555 | [32m[1mSUCCESS[0m | [1m[32m[1mEndService[0m[1m[0m - [32m[1mPrediction on image 862 is correct.[0m
[95m(outer_1 pid=601541)[0m 17:13:46.968 | [32m[1mSUCCESS[0m | [1m[32m[1mEndService[0m[1m[0m - [32m[1mPrediction on image 4920 is correct.[0m
[35m(RemoteSimulator pid=601542)[0m 17:13:47.077 | [1m[35mECLYPSE[0m | [1m[1m[35mPlacementManager[0m[1m[0m - [37mPlacement established | app=ImagePrediction | mapping={'EndService': 'outer_1', 'PredictorService': 'outer_2', 'TrainerService': 'outer_4'}[0m
[35m(RemoteSimulator pid=601542)[0m 17:13:47.078 | [1m[35mECLYPSE[0m | [1m[1m[35mSimulation[0m[1m[0m - [37mSimulation step | step=336[0m
[95m(outer_1 pid=601541)[0m 17:13:47.407 | [32m[1mSUCCESS[0m | [1m[32m[1mEndService[0m[1m[0m - [32m[1mPrediction on image 8464 is correct.[0m
[95m(outer_1 pid=601541)[0m 17:13:47.869 | [32m[1mSUCCESS[0m | [1m[32m[1mEndService[0m[1m[0m - [32m[1mPrediction on image 1443 is correct.[0m
[35m(RemoteSimulator pid=601542)[0m 17:13:48.078 | [1m[35mECLYPSE[0m | [1m[1m[35mPlacementManager[0m[1m[0m - [37mPlacement established | app=ImagePrediction | mapping={'EndService': 'outer_1', 'PredictorService': 'outer_2', 'TrainerService': 'outer_4'}[0m
[35m(RemoteSimulator pid=601542)[0m 17:13:48.079 | [1m[35mECLYPSE[0m | [1m[1m[35mSimulation[0m[1m[0m - [37mSimulation step | step=337[0m
[95m(outer_1 pid=601541)[0m 17:13:48.316 | [31m[1mERROR[0m | [1m[31m[1mEndService[0m[1m[0m - [31m[1mPrediction on image 1421 is incorrect.[0m
[95m(outer_1 pid=601541)[0m 17:13:48.757 | [31m[1mERROR[0m | [1m[31m[1mEndService[0m[1m[0m - [31m[1mPrediction on image 6507 is incorrect.[0m
[35m(RemoteSimulator pid=601542)[0m 17:13:49.080 | [1m[35mECLYPSE[0m | [1m[1m[35mPlacementManager[0m[1m[0m - [37mPlacement established | app=ImagePrediction | mapping={'EndService': 'outer_1', 'PredictorService': 'outer_2', 'TrainerService': 'outer_4'}[0m
[35m(RemoteSimulator pid=601542)[0m 17:13:49.080 | [1m[35mECLYPSE[0m | [1m[1m[35mSimulation[0m[1m[0m - [37mSimulation step | step=338[0m
[95m(outer_1 pid=601541)[0m 17:13:49.187 | [31m[1mERROR[0m | [1m[31m[1mEndService[0m[1m[0m - [31m[1mPrediction on image 9159 is incorrect.[0m
[95m(outer_1 pid=601541)[0m 17:13:49.611 | [31m[1mERROR[0m | [1m[31m[1mEndService[0m[1m[0m - [31m[1mPrediction on image 1702 is incorrect.[0m
[95m(outer_1 pid=601541)[0m 17:13:50.047 | [32m[1mSUCCESS[0m | [1m[32m[1mEndService[0m[1m[0m - [32m[1mPrediction on image 237 is correct.[0m
[35m(RemoteSimulator pid=601542)[0m 17:13:50.081 | [1m[35mECLYPSE[0m | [1m[1m[35mPlacementManager[0m[1m[0m - [37mPlacement established | app=ImagePrediction | mapping={'EndService': 'outer_1', 'PredictorService': 'outer_2', 'TrainerService': 'outer_4'}[0m
[35m(RemoteSimulator pid=601542)[0m 17:13:50.081 | [1m[35mECLYPSE[0m | [1m[1m[35mSimulation[0m[1m[0m - [37mSimulation step | step=339[0m
[95m(outer_1 pid=601541)[0m 17:13:50.490 | [31m[1mERROR[0m | [1m[31m[1mEndService[0m[1m[0m - [31m[1mPrediction on image 2462 is incorrect.[0m
[95m(outer_1 pid=601541)[0m 17:13:50.921 | [31m[1mERROR[0m | [1m[31m[1mEndService[0m[1m[0m - [31m[1mPrediction on image 2232 is incorrect.[0m
[35m(RemoteSimulator pid=601542)[0m 17:13:51.082 | [1m[35mECLYPSE[0m | [1m[1m[35mPlacementManager[0m[1m[0m - [37mPlacement established | app=ImagePrediction | mapping={'EndService': 'outer_1', 'PredictorService': 'outer_2', 'TrainerService': 'outer_4'}[0m
[35m(RemoteSimulator pid=601542)[0m 17:13:51.083 | [1m[35mECLYPSE[0m | [1m[1m[35mSimulation[0m[1m[0m - [37mSimulation step | step=340[0m
[95m(outer_1 pid=601541)[0m 17:13:51.348 | [32m[1mSUCCESS[0m | [1m[32m[1mEndService[0m[1m[0m - [32m[1mPrediction on image 4531 is correct.[0m
[95m(outer_1 pid=601541)[0m 17:13:51.779 | [31m[1mERROR[0m | [1m[31m[1mEndService[0m[1m[0m - [31m[1mPrediction on image 5020 is incorrect.[0m
[35m(RemoteSimulator pid=601542)[0m 17:13:52.083 | [1m[35mECLYPSE[0m | [1m[1m[35mPlacementManager[0m[1m[0m - [37mPlacement established | app=ImagePrediction | mapping={'EndService': 'outer_1', 'PredictorService': 'outer_2', 'TrainerService': 'outer_4'}[0m
[35m(RemoteSimulator pid=601542)[0m 17:13:52.084 | [1m[35mECLYPSE[0m | [1m[1m[35mSimulation[0m[1m[0m - [37mSimulation step | step=341[0m
[95m(outer_1 pid=601541)[0m 17:13:52.236 | [32m[1mSUCCESS[0m | [1m[32m[1mEndService[0m[1m[0m - [32m[1mPrediction on image 8210 is correct.[0m
[95m(outer_1 pid=601541)[0m 17:13:52.684 | [31m[1mERROR[0m | [1m[31m[1mEndService[0m[1m[0m - [31m[1mPrediction on image 5490 is incorrect.[0m
[35m(RemoteSimulator pid=601542)[0m 17:13:53.084 | [1m[35mECLYPSE[0m | [1m[1m[35mPlacementManager[0m[1m[0m - [37mPlacement established | app=ImagePrediction | mapping={'EndService': 'outer_1', 'PredictorService': 'outer_2', 'TrainerService': 'outer_4'}[0m
[35m(RemoteSimulator pid=601542)[0m 17:13:53.085 | [1m[35mECLYPSE[0m | [1m[1m[35mSimulation[0m[1m[0m - [37mSimulation step | step=342[0m
[95m(outer_1 pid=601541)[0m 17:13:53.118 | [31m[1mERROR[0m | [1m[31m[1mEndService[0m[1m[0m - [31m[1mPrediction on image 445 is incorrect.[0m
[95m(outer_1 pid=601541)[0m 17:13:53.531 | [31m[1mERROR[0m | [1m[31m[1mEndService[0m[1m[0m - [31m[1mPrediction on image 6291 is incorrect.[0m
[95m(outer_1 pid=601541)[0m 17:13:53.949 | [32m[1mSUCCESS[0m | [1m[32m[1mEndService[0m[1m[0m - [32m[1mPrediction on image 5954 is correct.[0m
[35m(RemoteSimulator pid=601542)[0m 17:13:54.085 | [1m[35mECLYPSE[0m | [1m[1m[35mPlacementManager[0m[1m[0m - [37mPlacement established | app=ImagePrediction | mapping={'EndService': 'outer_1', 'PredictorService': 'outer_2', 'TrainerService': 'outer_4'}[0m
[35m(RemoteSimulator pid=601542)[0m 17:13:54.086 | [1m[35mECLYPSE[0m | [1m[1m[35mSimulation[0m[1m[0m - [37mSimulation step | step=343[0m
[95m(outer_1 pid=601541)[0m 17:13:54.437 | [32m[1mSUCCESS[0m | [1m[32m[1mEndService[0m[1m[0m - [32m[1mPrediction on image 8369 is correct.[0m
[95m(outer_1 pid=601541)[0m 17:13:54.864 | [32m[1mSUCCESS[0m | [1m[32m[1mEndService[0m[1m[0m - [32m[1mPrediction on image 2274 is correct.[0m
[35m(RemoteSimulator pid=601542)[0m 17:13:55.087 | [1m[35mECLYPSE[0m | [1m[1m[35mPlacementManager[0m[1m[0m - [37mPlacement established | app=ImagePrediction | mapping={'EndService': 'outer_1', 'PredictorService': 'outer_2', 'TrainerService': 'outer_4'}[0m
[35m(RemoteSimulator pid=601542)[0m 17:13:55.088 | [1m[35mECLYPSE[0m | [1m[1m[35mSimulation[0m[1m[0m - [37mSimulation step | step=344[0m
[95m(outer_1 pid=601541)[0m 17:13:55.293 | [31m[1mERROR[0m | [1m[31m[1mEndService[0m[1m[0m - [31m[1mPrediction on image 6651 is incorrect.[0m
[95m(outer_1 pid=601541)[0m 17:13:55.741 | [31m[1mERROR[0m | [1m[31m[1mEndService[0m[1m[0m - [31m[1mPrediction on image 1237 is incorrect.[0m
[35m(RemoteSimulator pid=601542)[0m 17:13:56.088 | [1m[35mECLYPSE[0m | [1m[1m[35mPlacementManager[0m[1m[0m - [37mPlacement established | app=ImagePrediction | mapping={'EndService': 'outer_1', 'PredictorService': 'outer_2', 'TrainerService': 'outer_4'}[0m
[35m(RemoteSimulator pid=601542)[0m 17:13:56.088 | [1m[35mECLYPSE[0m | [1m[1m[35mSimulation[0m[1m[0m - [37mSimulation step | step=345[0m
[95m(outer_1 pid=601541)[0m 17:13:56.186 | [32m[1mSUCCESS[0m | [1m[32m[1mEndService[0m[1m[0m - [32m[1mPrediction on image 3249 is correct.[0m
[95m(outer_1 pid=601541)[0m 17:13:56.606 | [32m[1mSUCCESS[0m | [1m[32m[1mEndService[0m[1m[0m - [32m[1mPrediction on image 5007 is correct.[0m
[95m(outer_1 pid=601541)[0m 17:13:57.040 | [32m[1mSUCCESS[0m | [1m[32m[1mEndService[0m[1m[0m - [32m[1mPrediction on image 7794 is correct.[0m
[35m(RemoteSimulator pid=601542)[0m 17:13:57.089 | [1m[35mECLYPSE[0m | [1m[1m[35mPlacementManager[0m[1m[0m - [37mPlacement established | app=ImagePrediction | mapping={'EndService': 'outer_1', 'PredictorService': 'outer_2', 'TrainerService': 'outer_4'}[0m
[35m(RemoteSimulator pid=601542)[0m 17:13:57.090 | [1m[35mECLYPSE[0m | [1m[1m[35mSimulation[0m[1m[0m - [37mSimulation step | step=346[0m
[95m(outer_1 pid=601541)[0m 17:13:57.469 | [31m[1mERROR[0m | [1m[31m[1mEndService[0m[1m[0m - [31m[1mPrediction on image 9155 is incorrect.[0m
[95m(outer_1 pid=601541)[0m 17:13:57.934 | [32m[1mSUCCESS[0m | [1m[32m[1mEndService[0m[1m[0m - [32m[1mPrediction on image 9412 is correct.[0m
[35m(RemoteSimulator pid=601542)[0m 17:13:58.090 | [1m[35mECLYPSE[0m | [1m[1m[35mPlacementManager[0m[1m[0m - [37mPlacement established | app=ImagePrediction | mapping={'EndService': 'outer_1', 'PredictorService': 'outer_2', 'TrainerService': 'outer_4'}[0m
[35m(RemoteSimulator pid=601542)[0m 17:13:58.091 | [1m[35mECLYPSE[0m | [1m[1m[35mSimulation[0m[1m[0m - [37mSimulation step | step=347[0m
[95m(outer_1 pid=601541)[0m 17:13:58.356 | [32m[1mSUCCESS[0m | [1m[32m[1mEndService[0m[1m[0m - [32m[1mPrediction on image 3107 is correct.[0m
[95m(outer_1 pid=601541)[0m 17:13:58.788 | [32m[1mSUCCESS[0m | [1m[32m[1mEndService[0m[1m[0m - [32m[1mPrediction on image 1858 is correct.[0m
[35m(RemoteSimulator pid=601542)[0m 17:13:59.092 | [1m[35mECLYPSE[0m | [1m[1m[35mPlacementManager[0m[1m[0m - [37mPlacement established | app=ImagePrediction | mapping={'EndService': 'outer_1', 'PredictorService': 'outer_2', 'TrainerService': 'outer_4'}[0m
[35m(RemoteSimulator pid=601542)[0m 17:13:59.092 | [1m[35mECLYPSE[0m | [1m[1m[35mSimulation[0m[1m[0m - [37mSimulation step | step=348[0m
[95m(outer_1 pid=601541)[0m 17:13:59.213 | [32m[1mSUCCESS[0m | [1m[32m[1mEndService[0m[1m[0m - [32m[1mPrediction on image 2497 is correct.[0m
[95m(outer_1 pid=601541)[0m 17:13:59.631 | [32m[1mSUCCESS[0m | [1m[32m[1mEndService[0m[1m[0m - [32m[1mPrediction on image 5672 is correct.[0m
[95m(outer_1 pid=601541)[0m 17:14:00.066 | [31m[1mERROR[0m | [1m[31m[1mEndService[0m[1m[0m - [31m[1mPrediction on image 3691 is incorrect.[0m
[35m(RemoteSimulator pid=601542)[0m 17:14:00.093 | [1m[35mECLYPSE[0m | [1m[1m[35mPlacementManager[0m[1m[0m - [37mPlacement established | app=ImagePrediction | mapping={'EndService': 'outer_1', 'PredictorService': 'outer_2', 'TrainerService': 'outer_4'}[0m
[35m(RemoteSimulator pid=601542)[0m 17:14:00.093 | [1m[35mECLYPSE[0m | [1m[1m[35mSimulation[0m[1m[0m - [37mSimulation step | step=349[0m
[95m(outer_1 pid=601541)[0m 17:14:00.486 | [32m[1mSUCCESS[0m | [1m[32m[1mEndService[0m[1m[0m - [32m[1mPrediction on image 5278 is correct.[0m
[95m(outer_1 pid=601541)[0m 17:14:00.929 | [32m[1mSUCCESS[0m | [1m[32m[1mEndService[0m[1m[0m - [32m[1mPrediction on image 9561 is correct.[0m
[35m(RemoteSimulator pid=601542)[0m 17:14:01.094 | [1m[35mECLYPSE[0m | [1m[1m[35mPlacementManager[0m[1m[0m - [37mPlacement established | app=ImagePrediction | mapping={'EndService': 'outer_1', 'PredictorService': 'outer_2', 'TrainerService': 'outer_4'}[0m
[35m(RemoteSimulator pid=601542)[0m 17:14:01.095 | [1m[35mECLYPSE[0m | [1m[1m[35mSimulation[0m[1m[0m - [37mSimulation step | step=350[0m
[95m(outer_1 pid=601541)[0m 17:14:01.355 | [32m[1mSUCCESS[0m | [1m[32m[1mEndService[0m[1m[0m - [32m[1mPrediction on image 1220 is correct.[0m
[95m(outer_1 pid=601541)[0m 17:14:01.783 | [32m[1mSUCCESS[0m | [1m[32m[1mEndService[0m[1m[0m - [32m[1mPrediction on image 6147 is correct.[0m
[35m(RemoteSimulator pid=601542)[0m 17:14:02.095 | [1m[35mECLYPSE[0m | [1m[1m[35mPlacementManager[0m[1m[0m - [37mPlacement established | app=ImagePrediction | mapping={'EndService': 'outer_1', 'PredictorService': 'outer_2', 'TrainerService': 'outer_4'}[0m
[35m(RemoteSimulator pid=601542)[0m 17:14:02.096 | [1m[35mECLYPSE[0m | [1m[1m[35mSimulation[0m[1m[0m - [37mSimulation step | step=351[0m
[95m(outer_1 pid=601541)[0m 17:14:02.212 | [31m[1mERROR[0m | [1m[31m[1mEndService[0m[1m[0m - [31m[1mPrediction on image 3929 is incorrect.[0m
[95m(outer_1 pid=601541)[0m 17:14:02.630 | [31m[1mERROR[0m | [1m[31m[1mEndService[0m[1m[0m - [31m[1mPrediction on image 3756 is incorrect.[0m
[95m(outer_1 pid=601541)[0m 17:14:03.044 | [32m[1mSUCCESS[0m | [1m[32m[1mEndService[0m[1m[0m - [32m[1mPrediction on image 8868 is correct.[0m
[35m(RemoteSimulator pid=601542)[0m 17:14:03.097 | [1m[35mECLYPSE[0m | [1m[1m[35mPlacementManager[0m[1m[0m - [37mPlacement established | app=ImagePrediction | mapping={'EndService': 'outer_1', 'PredictorService': 'outer_2', 'TrainerService': 'outer_4'}[0m
[35m(RemoteSimulator pid=601542)[0m 17:14:03.097 | [1m[35mECLYPSE[0m | [1m[1m[35mSimulation[0m[1m[0m - [37mSimulation step | step=352[0m
[95m(outer_1 pid=601541)[0m 17:14:03.467 | [32m[1mSUCCESS[0m | [1m[32m[1mEndService[0m[1m[0m - [32m[1mPrediction on image 7277 is correct.[0m
[95m(outer_1 pid=601541)[0m 17:14:03.950 | [32m[1mSUCCESS[0m | [1m[32m[1mEndService[0m[1m[0m - [32m[1mPrediction on image 8407 is correct.[0m
[35m(RemoteSimulator pid=601542)[0m 17:14:04.098 | [1m[35mECLYPSE[0m | [1m[1m[35mPlacementManager[0m[1m[0m - [37mPlacement established | app=ImagePrediction | mapping={'EndService': 'outer_1', 'PredictorService': 'outer_2', 'TrainerService': 'outer_4'}[0m
[35m(RemoteSimulator pid=601542)[0m 17:14:04.098 | [1m[35mECLYPSE[0m | [1m[1m[35mSimulation[0m[1m[0m - [37mSimulation step | step=353[0m
[95m(outer_1 pid=601541)[0m 17:14:04.375 | [32m[1mSUCCESS[0m | [1m[32m[1mEndService[0m[1m[0m - [32m[1mPrediction on image 7269 is correct.[0m
[95m(outer_1 pid=601541)[0m 17:14:04.809 | [32m[1mSUCCESS[0m | [1m[32m[1mEndService[0m[1m[0m - [32m[1mPrediction on image 7482 is correct.[0m
[35m(RemoteSimulator pid=601542)[0m 17:14:05.099 | [1m[35mECLYPSE[0m | [1m[1m[35mPlacementManager[0m[1m[0m - [37mPlacement established | app=ImagePrediction | mapping={'EndService': 'outer_1', 'PredictorService': 'outer_2', 'TrainerService': 'outer_4'}[0m
[35m(RemoteSimulator pid=601542)[0m 17:14:05.100 | [1m[35mECLYPSE[0m | [1m[1m[35mSimulation[0m[1m[0m - [37mSimulation step | step=354[0m
[95m(outer_1 pid=601541)[0m 17:14:05.249 | [31m[1mERROR[0m | [1m[31m[1mEndService[0m[1m[0m - [31m[1mPrediction on image 8 is incorrect.[0m
[95m(outer_1 pid=601541)[0m 17:14:05.691 | [32m[1mSUCCESS[0m | [1m[32m[1mEndService[0m[1m[0m - [32m[1mPrediction on image 719 is correct.[0m
[95m(outer_1 pid=601541)[0m 17:14:06.108 | [31m[1mERROR[0m | [1m[31m[1mEndService[0m[1m[0m - [31m[1mPrediction on image 5242 is incorrect.[0m
[35m(RemoteSimulator pid=601542)[0m 17:14:06.100 | [1m[35mECLYPSE[0m | [1m[1m[35mPlacementManager[0m[1m[0m - [37mPlacement established | app=ImagePrediction | mapping={'EndService': 'outer_1', 'PredictorService': 'outer_2', 'TrainerService': 'outer_4'}[0m
[35m(RemoteSimulator pid=601542)[0m 17:14:06.101 | [1m[35mECLYPSE[0m | [1m[1m[35mSimulation[0m[1m[0m - [37mSimulation step | step=355[0m
[95m(outer_1 pid=601541)[0m 17:14:06.524 | [31m[1mERROR[0m | [1m[31m[1mEndService[0m[1m[0m - [31m[1mPrediction on image 3176 is incorrect.[0m
[95m(outer_1 pid=601541)[0m 17:14:06.954 | [31m[1mERROR[0m | [1m[31m[1mEndService[0m[1m[0m - [31m[1mPrediction on image 1028 is incorrect.[0m
[35m(RemoteSimulator pid=601542)[0m 17:14:07.102 | [1m[35mECLYPSE[0m | [1m[1m[35mPlacementManager[0m[1m[0m - [37mPlacement established | app=ImagePrediction | mapping={'EndService': 'outer_1', 'PredictorService': 'outer_2', 'TrainerService': 'outer_4'}[0m
[35m(RemoteSimulator pid=601542)[0m 17:14:07.102 | [1m[35mECLYPSE[0m | [1m[1m[35mSimulation[0m[1m[0m - [37mSimulation step | step=356[0m
[95m(outer_1 pid=601541)[0m 17:14:07.394 | [32m[1mSUCCESS[0m | [1m[32m[1mEndService[0m[1m[0m - [32m[1mPrediction on image 2732 is correct.[0m
[95m(outer_1 pid=601541)[0m 17:14:07.819 | [31m[1mERROR[0m | [1m[31m[1mEndService[0m[1m[0m - [31m[1mPrediction on image 172 is incorrect.[0m
[35m(RemoteSimulator pid=601542)[0m 17:14:08.103 | [1m[35mECLYPSE[0m | [1m[1m[35mPlacementManager[0m[1m[0m - [37mPlacement established | app=ImagePrediction | mapping={'EndService': 'outer_1', 'PredictorService': 'outer_2', 'TrainerService': 'outer_4'}[0m
[35m(RemoteSimulator pid=601542)[0m 17:14:08.104 | [1m[35mECLYPSE[0m | [1m[1m[35mSimulation[0m[1m[0m - [37mSimulation step | step=357[0m
[95m(outer_1 pid=601541)[0m 17:14:08.231 | [32m[1mSUCCESS[0m | [1m[32m[1mEndService[0m[1m[0m - [32m[1mPrediction on image 4459 is correct.[0m
[95m(outer_1 pid=601541)[0m 17:14:08.648 | [32m[1mSUCCESS[0m | [1m[32m[1mEndService[0m[1m[0m - [32m[1mPrediction on image 8008 is correct.[0m
[95m(outer_1 pid=601541)[0m 17:14:09.067 | [31m[1mERROR[0m | [1m[31m[1mEndService[0m[1m[0m - [31m[1mPrediction on image 5829 is incorrect.[0m
[35m(RemoteSimulator pid=601542)[0m 17:14:09.104 | [1m[35mECLYPSE[0m | [1m[1m[35mPlacementManager[0m[1m[0m - [37mPlacement established | app=ImagePrediction | mapping={'EndService': 'outer_1', 'PredictorService': 'outer_2', 'TrainerService': 'outer_4'}[0m
[35m(RemoteSimulator pid=601542)[0m 17:14:09.105 | [1m[35mECLYPSE[0m | [1m[1m[35mSimulation[0m[1m[0m - [37mSimulation step | step=358[0m
[95m(outer_1 pid=601541)[0m 17:14:09.496 | [31m[1mERROR[0m | [1m[31m[1mEndService[0m[1m[0m - [31m[1mPrediction on image 3963 is incorrect.[0m
[95m(outer_1 pid=601541)[0m 17:14:09.936 | [31m[1mERROR[0m | [1m[31m[1mEndService[0m[1m[0m - [31m[1mPrediction on image 3635 is incorrect.[0m
[35m(RemoteSimulator pid=601542)[0m 17:14:10.105 | [1m[35mECLYPSE[0m | [1m[1m[35mPlacementManager[0m[1m[0m - [37mPlacement established | app=ImagePrediction | mapping={'EndService': 'outer_1', 'PredictorService': 'outer_2', 'TrainerService': 'outer_4'}[0m
[35m(RemoteSimulator pid=601542)[0m 17:14:10.106 | [1m[35mECLYPSE[0m | [1m[1m[35mSimulation[0m[1m[0m - [37mSimulation step | step=359[0m
[95m(outer_1 pid=601541)[0m 17:14:10.369 | [32m[1mSUCCESS[0m | [1m[32m[1mEndService[0m[1m[0m - [32m[1mPrediction on image 2367 is correct.[0m
[95m(outer_1 pid=601541)[0m 17:14:10.802 | [32m[1mSUCCESS[0m | [1m[32m[1mEndService[0m[1m[0m - [32m[1mPrediction on image 6962 is correct.[0m
[35m(RemoteSimulator pid=601542)[0m 17:14:11.107 | [1m[35mECLYPSE[0m | [1m[1m[35mPlacementManager[0m[1m[0m - [37mPlacement established | app=ImagePrediction | mapping={'EndService': 'outer_1', 'PredictorService': 'outer_2', 'TrainerService': 'outer_4'}[0m
[35m(RemoteSimulator pid=601542)[0m 17:14:11.107 | [1m[35mECLYPSE[0m | [1m[1m[35mSimulation[0m[1m[0m - [37mSimulation step | step=360[0m
[95m(outer_1 pid=601541)[0m 17:14:11.237 | [31m[1mERROR[0m | [1m[31m[1mEndService[0m[1m[0m - [31m[1mPrediction on image 7649 is incorrect.[0m
[95m(outer_1 pid=601541)[0m 17:14:11.658 | [31m[1mERROR[0m | [1m[31m[1mEndService[0m[1m[0m - [31m[1mPrediction on image 5975 is incorrect.[0m
[95m(outer_1 pid=601541)[0m 17:14:12.089 | [31m[1mERROR[0m | [1m[31m[1mEndService[0m[1m[0m - [31m[1mPrediction on image 7091 is incorrect.[0m
[35m(RemoteSimulator pid=601542)[0m 17:14:12.108 | [1m[35mECLYPSE[0m | [1m[1m[35mPlacementManager[0m[1m[0m - [37mPlacement established | app=ImagePrediction | mapping={'EndService': 'outer_1', 'PredictorService': 'outer_2', 'TrainerService': 'outer_4'}[0m
[35m(RemoteSimulator pid=601542)[0m 17:14:12.108 | [1m[35mECLYPSE[0m | [1m[1m[35mSimulation[0m[1m[0m - [37mSimulation step | step=361[0m
[95m(outer_1 pid=601541)[0m 17:14:12.516 | [32m[1mSUCCESS[0m | [1m[32m[1mEndService[0m[1m[0m - [32m[1mPrediction on image 6255 is correct.[0m
[95m(outer_1 pid=601541)[0m 17:14:12.943 | [32m[1mSUCCESS[0m | [1m[32m[1mEndService[0m[1m[0m - [32m[1mPrediction on image 2306 is correct.[0m
[35m(RemoteSimulator pid=601542)[0m 17:14:13.109 | [1m[35mECLYPSE[0m | [1m[1m[35mPlacementManager[0m[1m[0m - [37mPlacement established | app=ImagePrediction | mapping={'EndService': 'outer_1', 'PredictorService': 'outer_2', 'TrainerService': 'outer_4'}[0m
[35m(RemoteSimulator pid=601542)[0m 17:14:13.109 | [1m[35mECLYPSE[0m | [1m[1m[35mSimulation[0m[1m[0m - [37mSimulation step | step=362[0m
[95m(outer_1 pid=601541)[0m 17:14:13.363 | [32m[1mSUCCESS[0m | [1m[32m[1mEndService[0m[1m[0m - [32m[1mPrediction on image 7383 is correct.[0m
[95m(outer_1 pid=601541)[0m 17:14:13.800 | [31m[1mERROR[0m | [1m[31m[1mEndService[0m[1m[0m - [31m[1mPrediction on image 3339 is incorrect.[0m
[35m(RemoteSimulator pid=601542)[0m 17:14:14.110 | [1m[35mECLYPSE[0m | [1m[1m[35mPlacementManager[0m[1m[0m - [37mPlacement established | app=ImagePrediction | mapping={'EndService': 'outer_1', 'PredictorService': 'outer_2', 'TrainerService': 'outer_4'}[0m
[35m(RemoteSimulator pid=601542)[0m 17:14:14.110 | [1m[35mECLYPSE[0m | [1m[1m[35mSimulation[0m[1m[0m - [37mSimulation step | step=363[0m
[95m(outer_1 pid=601541)[0m 17:14:14.266 | [31m[1mERROR[0m | [1m[31m[1mEndService[0m[1m[0m - [31m[1mPrediction on image 9117 is incorrect.[0m
[95m(outer_1 pid=601541)[0m 17:14:14.717 | [32m[1mSUCCESS[0m | [1m[32m[1mEndService[0m[1m[0m - [32m[1mPrediction on image 372 is correct.[0m
[35m(RemoteSimulator pid=601542)[0m 17:14:15.111 | [1m[35mECLYPSE[0m | [1m[1m[35mPlacementManager[0m[1m[0m - [37mPlacement established | app=ImagePrediction | mapping={'EndService': 'outer_1', 'PredictorService': 'outer_2', 'TrainerService': 'outer_4'}[0m
[35m(RemoteSimulator pid=601542)[0m 17:14:15.112 | [1m[35mECLYPSE[0m | [1m[1m[35mSimulation[0m[1m[0m - [37mSimulation step | step=364[0m
[95m(outer_1 pid=601541)[0m 17:14:15.169 | [31m[1mERROR[0m | [1m[31m[1mEndService[0m[1m[0m - [31m[1mPrediction on image 266 is incorrect.[0m
[95m(outer_1 pid=601541)[0m 17:14:15.590 | [31m[1mERROR[0m | [1m[31m[1mEndService[0m[1m[0m - [31m[1mPrediction on image 2957 is incorrect.[0m
[95m(outer_1 pid=601541)[0m 17:14:16.019 | [32m[1mSUCCESS[0m | [1m[32m[1mEndService[0m[1m[0m - [32m[1mPrediction on image 9472 is correct.[0m
[35m(RemoteSimulator pid=601542)[0m 17:14:16.112 | [1m[35mECLYPSE[0m | [1m[1m[35mPlacementManager[0m[1m[0m - [37mPlacement established | app=ImagePrediction | mapping={'EndService': 'outer_1', 'PredictorService': 'outer_2', 'TrainerService': 'outer_4'}[0m
[35m(RemoteSimulator pid=601542)[0m 17:14:16.113 | [1m[35mECLYPSE[0m | [1m[1m[35mSimulation[0m[1m[0m - [37mSimulation step | step=365[0m
[95m(outer_1 pid=601541)[0m 17:14:16.439 | [32m[1mSUCCESS[0m | [1m[32m[1mEndService[0m[1m[0m - [32m[1mPrediction on image 8114 is correct.[0m
[95m(outer_1 pid=601541)[0m 17:14:16.866 | [31m[1mERROR[0m | [1m[31m[1mEndService[0m[1m[0m - [31m[1mPrediction on image 6816 is incorrect.[0m
[35m(RemoteSimulator pid=601542)[0m 17:14:17.113 | [1m[35mECLYPSE[0m | [1m[1m[35mPlacementManager[0m[1m[0m - [37mPlacement established | app=ImagePrediction | mapping={'EndService': 'outer_1', 'PredictorService': 'outer_2', 'TrainerService': 'outer_4'}[0m
[35m(RemoteSimulator pid=601542)[0m 17:14:17.114 | [1m[35mECLYPSE[0m | [1m[1m[35mSimulation[0m[1m[0m - [37mSimulation step | step=366[0m
[95m(outer_1 pid=601541)[0m 17:14:17.286 | [32m[1mSUCCESS[0m | [1m[32m[1mEndService[0m[1m[0m - [32m[1mPrediction on image 333 is correct.[0m
[95m(outer_1 pid=601541)[0m 17:14:17.715 | [32m[1mSUCCESS[0m | [1m[32m[1mEndService[0m[1m[0m - [32m[1mPrediction on image 4718 is correct.[0m
[95m(outer_1 pid=601541)[0m 17:14:18.148 | [32m[1mSUCCESS[0m | [1m[32m[1mEndService[0m[1m[0m - [32m[1mPrediction on image 2301 is correct.[0m
[35m(RemoteSimulator pid=601542)[0m 17:14:18.114 | [1m[35mECLYPSE[0m | [1m[1m[35mPlacementManager[0m[1m[0m - [37mPlacement established | app=ImagePrediction | mapping={'EndService': 'outer_1', 'PredictorService': 'outer_2', 'TrainerService': 'outer_4'}[0m
[35m(RemoteSimulator pid=601542)[0m 17:14:18.115 | [1m[35mECLYPSE[0m | [1m[1m[35mSimulation[0m[1m[0m - [37mSimulation step | step=367[0m
[95m(outer_1 pid=601541)[0m 17:14:18.565 | [32m[1mSUCCESS[0m | [1m[32m[1mEndService[0m[1m[0m - [32m[1mPrediction on image 2023 is correct.[0m
[95m(outer_1 pid=601541)[0m 17:14:18.991 | [31m[1mERROR[0m | [1m[31m[1mEndService[0m[1m[0m - [31m[1mPrediction on image 6148 is incorrect.[0m
[35m(RemoteSimulator pid=601542)[0m 17:14:19.115 | [1m[35mECLYPSE[0m | [1m[1m[35mPlacementManager[0m[1m[0m - [37mPlacement established | app=ImagePrediction | mapping={'EndService': 'outer_1', 'PredictorService': 'outer_2', 'TrainerService': 'outer_4'}[0m
[35m(RemoteSimulator pid=601542)[0m 17:14:19.116 | [1m[35mECLYPSE[0m | [1m[1m[35mSimulation[0m[1m[0m - [37mSimulation step | step=368[0m
[95m(outer_1 pid=601541)[0m 17:14:19.409 | [32m[1mSUCCESS[0m | [1m[32m[1mEndService[0m[1m[0m - [32m[1mPrediction on image 197 is correct.[0m
[95m(outer_1 pid=601541)[0m 17:14:19.864 | [31m[1mERROR[0m | [1m[31m[1mEndService[0m[1m[0m - [31m[1mPrediction on image 4127 is incorrect.[0m
[35m(RemoteSimulator pid=601542)[0m 17:14:20.116 | [1m[35mECLYPSE[0m | [1m[1m[35mPlacementManager[0m[1m[0m - [37mPlacement established | app=ImagePrediction | mapping={'EndService': 'outer_1', 'PredictorService': 'outer_2', 'TrainerService': 'outer_4'}[0m
[35m(RemoteSimulator pid=601542)[0m 17:14:20.117 | [1m[35mECLYPSE[0m | [1m[1m[35mSimulation[0m[1m[0m - [37mSimulation step | step=369[0m
[95m(outer_1 pid=601541)[0m 17:14:20.295 | [31m[1mERROR[0m | [1m[31m[1mEndService[0m[1m[0m - [31m[1mPrediction on image 2047 is incorrect.[0m
[95m(outer_1 pid=601541)[0m 17:14:20.726 | [32m[1mSUCCESS[0m | [1m[32m[1mEndService[0m[1m[0m - [32m[1mPrediction on image 1888 is correct.[0m
[35m(RemoteSimulator pid=601542)[0m 17:14:21.118 | [1m[35mECLYPSE[0m | [1m[1m[35mPlacementManager[0m[1m[0m - [37mPlacement established | app=ImagePrediction | mapping={'EndService': 'outer_1', 'PredictorService': 'outer_2', 'TrainerService': 'outer_4'}[0m
[35m(RemoteSimulator pid=601542)[0m 17:14:21.118 | [1m[35mECLYPSE[0m | [1m[1m[35mSimulation[0m[1m[0m - [37mSimulation step | step=370[0m
[95m(outer_1 pid=601541)[0m 17:14:21.167 | [32m[1mSUCCESS[0m | [1m[32m[1mEndService[0m[1m[0m - [32m[1mPrediction on image 3824 is correct.[0m
[95m(outer_1 pid=601541)[0m 17:14:21.588 | [31m[1mERROR[0m | [1m[31m[1mEndService[0m[1m[0m - [31m[1mPrediction on image 9290 is incorrect.[0m
[95m(outer_1 pid=601541)[0m 17:14:22.026 | [31m[1mERROR[0m | [1m[31m[1mEndService[0m[1m[0m - [31m[1mPrediction on image 5281 is incorrect.[0m
[35m(RemoteSimulator pid=601542)[0m 17:14:22.119 | [1m[35mECLYPSE[0m | [1m[1m[35mPlacementManager[0m[1m[0m - [37mPlacement established | app=ImagePrediction | mapping={'EndService': 'outer_1', 'PredictorService': 'outer_2', 'TrainerService': 'outer_4'}[0m
[35m(RemoteSimulator pid=601542)[0m 17:14:22.119 | [1m[35mECLYPSE[0m | [1m[1m[35mSimulation[0m[1m[0m - [37mSimulation step | step=371[0m
[95m(outer_1 pid=601541)[0m 17:14:22.449 | [32m[1mSUCCESS[0m | [1m[32m[1mEndService[0m[1m[0m - [32m[1mPrediction on image 7785 is correct.[0m
[95m(outer_1 pid=601541)[0m 17:14:22.887 | [32m[1mSUCCESS[0m | [1m[32m[1mEndService[0m[1m[0m - [32m[1mPrediction on image 5012 is correct.[0m
[35m(RemoteSimulator pid=601542)[0m 17:14:23.120 | [1m[35mECLYPSE[0m | [1m[1m[35mPlacementManager[0m[1m[0m - [37mPlacement established | app=ImagePrediction | mapping={'EndService': 'outer_1', 'PredictorService': 'outer_2', 'TrainerService': 'outer_4'}[0m
[35m(RemoteSimulator pid=601542)[0m 17:14:23.120 | [1m[35mECLYPSE[0m | [1m[1m[35mSimulation[0m[1m[0m - [37mSimulation step | step=372[0m
[95m(outer_1 pid=601541)[0m 17:14:23.302 | [31m[1mERROR[0m | [1m[31m[1mEndService[0m[1m[0m - [31m[1mPrediction on image 1319 is incorrect.[0m
[95m(outer_1 pid=601541)[0m 17:14:23.722 | [31m[1mERROR[0m | [1m[31m[1mEndService[0m[1m[0m - [31m[1mPrediction on image 6436 is incorrect.[0m
[35m(RemoteSimulator pid=601542)[0m 17:14:24.121 | [1m[35mECLYPSE[0m | [1m[1m[35mPlacementManager[0m[1m[0m - [37mPlacement established | app=ImagePrediction | mapping={'EndService': 'outer_1', 'PredictorService': 'outer_2', 'TrainerService': 'outer_4'}[0m
[35m(RemoteSimulator pid=601542)[0m 17:14:24.122 | [1m[35mECLYPSE[0m | [1m[1m[35mSimulation[0m[1m[0m - [37mSimulation step | step=373[0m
[95m(outer_1 pid=601541)[0m 17:14:24.142 | [31m[1mERROR[0m | [1m[31m[1mEndService[0m[1m[0m - [31m[1mPrediction on image 9803 is incorrect.[0m
[95m(outer_1 pid=601541)[0m 17:14:24.557 | [32m[1mSUCCESS[0m | [1m[32m[1mEndService[0m[1m[0m - [32m[1mPrediction on image 1890 is correct.[0m
[95m(outer_1 pid=601541)[0m 17:14:24.987 | [31m[1mERROR[0m | [1m[31m[1mEndService[0m[1m[0m - [31m[1mPrediction on image 4136 is incorrect.[0m
[35m(RemoteSimulator pid=601542)[0m 17:14:25.122 | [1m[35mECLYPSE[0m | [1m[1m[35mPlacementManager[0m[1m[0m - [37mPlacement established | app=ImagePrediction | mapping={'EndService': 'outer_1', 'PredictorService': 'outer_2', 'TrainerService': 'outer_4'}[0m
[35m(RemoteSimulator pid=601542)[0m 17:14:25.123 | [1m[35mECLYPSE[0m | [1m[1m[35mSimulation[0m[1m[0m - [37mSimulation step | step=374[0m
[95m(outer_1 pid=601541)[0m 17:14:25.414 | [31m[1mERROR[0m | [1m[31m[1mEndService[0m[1m[0m - [31m[1mPrediction on image 6451 is incorrect.[0m
[95m(outer_1 pid=601541)[0m 17:14:25.836 | [31m[1mERROR[0m | [1m[31m[1mEndService[0m[1m[0m - [31m[1mPrediction on image 9978 is incorrect.[0m
[35m(RemoteSimulator pid=601542)[0m 17:14:26.124 | [1m[35mECLYPSE[0m | [1m[1m[35mPlacementManager[0m[1m[0m - [37mPlacement established | app=ImagePrediction | mapping={'EndService': 'outer_1', 'PredictorService': 'outer_2', 'TrainerService': 'outer_4'}[0m
[35m(RemoteSimulator pid=601542)[0m 17:14:26.124 | [1m[35mECLYPSE[0m | [1m[1m[35mSimulation[0m[1m[0m - [37mSimulation step | step=375[0m
[95m(outer_1 pid=601541)[0m 17:14:26.248 | [32m[1mSUCCESS[0m | [1m[32m[1mEndService[0m[1m[0m - [32m[1mPrediction on image 5190 is correct.[0m
[95m(outer_1 pid=601541)[0m 17:14:26.665 | [31m[1mERROR[0m | [1m[31m[1mEndService[0m[1m[0m - [31m[1mPrediction on image 744 is incorrect.[0m
[95m(outer_1 pid=601541)[0m 17:14:27.092 | [31m[1mERROR[0m | [1m[31m[1mEndService[0m[1m[0m - [31m[1mPrediction on image 129 is incorrect.[0m
[35m(RemoteSimulator pid=601542)[0m 17:14:27.125 | [1m[35mECLYPSE[0m | [1m[1m[35mPlacementManager[0m[1m[0m - [37mPlacement established | app=ImagePrediction | mapping={'EndService': 'outer_1', 'PredictorService': 'outer_2', 'TrainerService': 'outer_4'}[0m
[35m(RemoteSimulator pid=601542)[0m 17:14:27.126 | [1m[35mECLYPSE[0m | [1m[1m[35mSimulation[0m[1m[0m - [37mSimulation step | step=376[0m
[95m(outer_1 pid=601541)[0m 17:14:27.519 | [31m[1mERROR[0m | [1m[31m[1mEndService[0m[1m[0m - [31m[1mPrediction on image 4360 is incorrect.[0m
[95m(outer_1 pid=601541)[0m 17:14:27.944 | [32m[1mSUCCESS[0m | [1m[32m[1mEndService[0m[1m[0m - [32m[1mPrediction on image 1630 is correct.[0m
[35m(RemoteSimulator pid=601542)[0m 17:14:28.126 | [1m[35mECLYPSE[0m | [1m[1m[35mPlacementManager[0m[1m[0m - [37mPlacement established | app=ImagePrediction | mapping={'EndService': 'outer_1', 'PredictorService': 'outer_2', 'TrainerService': 'outer_4'}[0m
[35m(RemoteSimulator pid=601542)[0m 17:14:28.127 | [1m[35mECLYPSE[0m | [1m[1m[35mSimulation[0m[1m[0m - [37mSimulation step | step=377[0m
[95m(outer_1 pid=601541)[0m 17:14:28.364 | [32m[1mSUCCESS[0m | [1m[32m[1mEndService[0m[1m[0m - [32m[1mPrediction on image 430 is correct.[0m
[95m(outer_1 pid=601541)[0m 17:14:28.788 | [31m[1mERROR[0m | [1m[31m[1mEndService[0m[1m[0m - [31m[1mPrediction on image 5267 is incorrect.[0m
[95m(outer_1 pid=601541)[0m 17:14:29.222 | [32m[1mSUCCESS[0m | [1m[32m[1mEndService[0m[1m[0m - [32m[1mPrediction on image 9165 is correct.[0m
[35m(RemoteSimulator pid=601542)[0m 17:14:29.127 | [1m[35mECLYPSE[0m | [1m[1m[35mPlacementManager[0m[1m[0m - [37mPlacement established | app=ImagePrediction | mapping={'EndService': 'outer_1', 'PredictorService': 'outer_2', 'TrainerService': 'outer_4'}[0m
[35m(RemoteSimulator pid=601542)[0m 17:14:29.128 | [1m[35mECLYPSE[0m | [1m[1m[35mSimulation[0m[1m[0m - [37mSimulation step | step=378[0m
[95m(outer_1 pid=601541)[0m 17:14:29.639 | [32m[1mSUCCESS[0m | [1m[32m[1mEndService[0m[1m[0m - [32m[1mPrediction on image 5664 is correct.[0m
[95m(outer_1 pid=601541)[0m 17:14:30.069 | [32m[1mSUCCESS[0m | [1m[32m[1mEndService[0m[1m[0m - [32m[1mPrediction on image 1610 is correct.[0m
[35m(RemoteSimulator pid=601542)[0m 17:14:30.129 | [1m[35mECLYPSE[0m | [1m[1m[35mPlacementManager[0m[1m[0m - [37mPlacement established | app=ImagePrediction | mapping={'EndService': 'outer_1', 'PredictorService': 'outer_2', 'TrainerService': 'outer_4'}[0m
[35m(RemoteSimulator pid=601542)[0m 17:14:30.129 | [1m[35mECLYPSE[0m | [1m[1m[35mSimulation[0m[1m[0m - [37mSimulation step | step=379[0m
[95m(outer_1 pid=601541)[0m 17:14:30.499 | [32m[1mSUCCESS[0m | [1m[32m[1mEndService[0m[1m[0m - [32m[1mPrediction on image 7087 is correct.[0m
[95m(outer_1 pid=601541)[0m 17:14:30.930 | [31m[1mERROR[0m | [1m[31m[1mEndService[0m[1m[0m - [31m[1mPrediction on image 5279 is incorrect.[0m
[35m(RemoteSimulator pid=601542)[0m 17:14:31.130 | [1m[35mECLYPSE[0m | [1m[1m[35mPlacementManager[0m[1m[0m - [37mPlacement established | app=ImagePrediction | mapping={'EndService': 'outer_1', 'PredictorService': 'outer_2', 'TrainerService': 'outer_4'}[0m
[35m(RemoteSimulator pid=601542)[0m 17:14:31.130 | [1m[35mECLYPSE[0m | [1m[1m[35mSimulation[0m[1m[0m - [37mSimulation step | step=380[0m
[95m(outer_1 pid=601541)[0m 17:14:31.383 | [32m[1mSUCCESS[0m | [1m[32m[1mEndService[0m[1m[0m - [32m[1mPrediction on image 7196 is correct.[0m
[95m(outer_1 pid=601541)[0m 17:14:31.817 | [32m[1mSUCCESS[0m | [1m[32m[1mEndService[0m[1m[0m - [32m[1mPrediction on image 6381 is correct.[0m
[35m(RemoteSimulator pid=601542)[0m 17:14:32.131 | [1m[35mECLYPSE[0m | [1m[1m[35mPlacementManager[0m[1m[0m - [37mPlacement established | app=ImagePrediction | mapping={'EndService': 'outer_1', 'PredictorService': 'outer_2', 'TrainerService': 'outer_4'}[0m
[35m(RemoteSimulator pid=601542)[0m 17:14:32.131 | [1m[35mECLYPSE[0m | [1m[1m[35mSimulation[0m[1m[0m - [37mSimulation step | step=381[0m
[95m(outer_1 pid=601541)[0m 17:14:32.237 | [31m[1mERROR[0m | [1m[31m[1mEndService[0m[1m[0m - [31m[1mPrediction on image 4265 is incorrect.[0m
[95m(outer_1 pid=601541)[0m 17:14:32.656 | [31m[1mERROR[0m | [1m[31m[1mEndService[0m[1m[0m - [31m[1mPrediction on image 6872 is incorrect.[0m
[95m(outer_1 pid=601541)[0m 17:14:33.101 | [32m[1mSUCCESS[0m | [1m[32m[1mEndService[0m[1m[0m - [32m[1mPrediction on image 8363 is correct.[0m
[35m(RemoteSimulator pid=601542)[0m 17:14:33.132 | [1m[35mECLYPSE[0m | [1m[1m[35mPlacementManager[0m[1m[0m - [37mPlacement established | app=ImagePrediction | mapping={'EndService': 'outer_1', 'PredictorService': 'outer_2', 'TrainerService': 'outer_4'}[0m
[35m(RemoteSimulator pid=601542)[0m 17:14:33.132 | [1m[35mECLYPSE[0m | [1m[1m[35mSimulation[0m[1m[0m - [37mSimulation step | step=382[0m
[95m(outer_1 pid=601541)[0m 17:14:33.535 | [32m[1mSUCCESS[0m | [1m[32m[1mEndService[0m[1m[0m - [32m[1mPrediction on image 4209 is correct.[0m
[95m(outer_1 pid=601541)[0m 17:14:33.980 | [32m[1mSUCCESS[0m | [1m[32m[1mEndService[0m[1m[0m - [32m[1mPrediction on image 8278 is correct.[0m
[35m(RemoteSimulator pid=601542)[0m 17:14:34.133 | [1m[35mECLYPSE[0m | [1m[1m[35mPlacementManager[0m[1m[0m - [37mPlacement established | app=ImagePrediction | mapping={'EndService': 'outer_1', 'PredictorService': 'outer_2', 'TrainerService': 'outer_4'}[0m
[35m(RemoteSimulator pid=601542)[0m 17:14:34.134 | [1m[35mECLYPSE[0m | [1m[1m[35mSimulation[0m[1m[0m - [37mSimulation step | step=383[0m
[95m(outer_1 pid=601541)[0m 17:14:34.434 | [31m[1mERROR[0m | [1m[31m[1mEndService[0m[1m[0m - [31m[1mPrediction on image 8962 is incorrect.[0m
[95m(outer_1 pid=601541)[0m 17:14:34.867 | [32m[1mSUCCESS[0m | [1m[32m[1mEndService[0m[1m[0m - [32m[1mPrediction on image 2416 is correct.[0m
[35m(RemoteSimulator pid=601542)[0m 17:14:35.134 | [1m[35mECLYPSE[0m | [1m[1m[35mPlacementManager[0m[1m[0m - [37mPlacement established | app=ImagePrediction | mapping={'EndService': 'outer_1', 'PredictorService': 'outer_2', 'TrainerService': 'outer_4'}[0m
[35m(RemoteSimulator pid=601542)[0m 17:14:35.135 | [1m[35mECLYPSE[0m | [1m[1m[35mSimulation[0m[1m[0m - [37mSimulation step | step=384[0m
[95m(outer_1 pid=601541)[0m 17:14:35.310 | [32m[1mSUCCESS[0m | [1m[32m[1mEndService[0m[1m[0m - [32m[1mPrediction on image 4361 is correct.[0m
[95m(outer_1 pid=601541)[0m 17:14:35.740 | [31m[1mERROR[0m | [1m[31m[1mEndService[0m[1m[0m - [31m[1mPrediction on image 1227 is incorrect.[0m
[35m(RemoteSimulator pid=601542)[0m 17:14:36.135 | [1m[35mECLYPSE[0m | [1m[1m[35mPlacementManager[0m[1m[0m - [37mPlacement established | app=ImagePrediction | mapping={'EndService': 'outer_1', 'PredictorService': 'outer_2', 'TrainerService': 'outer_4'}[0m
[35m(RemoteSimulator pid=601542)[0m 17:14:36.136 | [1m[35mECLYPSE[0m | [1m[1m[35mSimulation[0m[1m[0m - [37mSimulation step | step=385[0m
[95m(outer_1 pid=601541)[0m 17:14:36.170 | [31m[1mERROR[0m | [1m[31m[1mEndService[0m[1m[0m - [31m[1mPrediction on image 4016 is incorrect.[0m
[95m(outer_1 pid=601541)[0m 17:14:36.584 | [32m[1mSUCCESS[0m | [1m[32m[1mEndService[0m[1m[0m - [32m[1mPrediction on image 8793 is correct.[0m
[95m(outer_1 pid=601541)[0m 17:14:37.026 | [32m[1mSUCCESS[0m | [1m[32m[1mEndService[0m[1m[0m - [32m[1mPrediction on image 6626 is correct.[0m
[35m(RemoteSimulator pid=601542)[0m 17:14:37.136 | [1m[35mECLYPSE[0m | [1m[1m[35mPlacementManager[0m[1m[0m - [37mPlacement established | app=ImagePrediction | mapping={'EndService': 'outer_1', 'PredictorService': 'outer_2', 'TrainerService': 'outer_4'}[0m
[35m(RemoteSimulator pid=601542)[0m 17:14:37.137 | [1m[35mECLYPSE[0m | [1m[1m[35mSimulation[0m[1m[0m - [37mSimulation step | step=386[0m
[95m(outer_1 pid=601541)[0m 17:14:37.457 | [32m[1mSUCCESS[0m | [1m[32m[1mEndService[0m[1m[0m - [32m[1mPrediction on image 6281 is correct.[0m
[95m(outer_1 pid=601541)[0m 17:14:37.887 | [31m[1mERROR[0m | [1m[31m[1mEndService[0m[1m[0m - [31m[1mPrediction on image 6661 is incorrect.[0m
[35m(RemoteSimulator pid=601542)[0m 17:14:38.138 | [1m[35mECLYPSE[0m | [1m[1m[35mPlacementManager[0m[1m[0m - [37mPlacement established | app=ImagePrediction | mapping={'EndService': 'outer_1', 'PredictorService': 'outer_2', 'TrainerService': 'outer_4'}[0m
[35m(RemoteSimulator pid=601542)[0m 17:14:38.139 | [1m[35mECLYPSE[0m | [1m[1m[35mSimulation[0m[1m[0m - [37mSimulation step | step=387[0m
[95m(outer_1 pid=601541)[0m 17:14:38.331 | [31m[1mERROR[0m | [1m[31m[1mEndService[0m[1m[0m - [31m[1mPrediction on image 8944 is incorrect.[0m
[95m(outer_1 pid=601541)[0m 17:14:38.761 | [32m[1mSUCCESS[0m | [1m[32m[1mEndService[0m[1m[0m - [32m[1mPrediction on image 8349 is correct.[0m
[95m(outer_1 pid=601541)[0m 17:14:39.190 | [32m[1mSUCCESS[0m | [1m[32m[1mEndService[0m[1m[0m - [32m[1mPrediction on image 5798 is correct.[0m
[35m(RemoteSimulator pid=601542)[0m 17:14:39.139 | [1m[35mECLYPSE[0m | [1m[1m[35mPlacementManager[0m[1m[0m - [37mPlacement established | app=ImagePrediction | mapping={'EndService': 'outer_1', 'PredictorService': 'outer_2', 'TrainerService': 'outer_4'}[0m
[35m(RemoteSimulator pid=601542)[0m 17:14:39.140 | [1m[35mECLYPSE[0m | [1m[1m[35mSimulation[0m[1m[0m - [37mSimulation step | step=388[0m
[95m(outer_1 pid=601541)[0m 17:14:39.607 | [31m[1mERROR[0m | [1m[31m[1mEndService[0m[1m[0m - [31m[1mPrediction on image 1211 is incorrect.[0m
[95m(outer_1 pid=601541)[0m 17:14:40.040 | [31m[1mERROR[0m | [1m[31m[1mEndService[0m[1m[0m - [31m[1mPrediction on image 7462 is incorrect.[0m
[35m(RemoteSimulator pid=601542)[0m 17:14:40.140 | [1m[35mECLYPSE[0m | [1m[1m[35mPlacementManager[0m[1m[0m - [37mPlacement established | app=ImagePrediction | mapping={'EndService': 'outer_1', 'PredictorService': 'outer_2', 'TrainerService': 'outer_4'}[0m
[35m(RemoteSimulator pid=601542)[0m 17:14:40.141 | [1m[35mECLYPSE[0m | [1m[1m[35mSimulation[0m[1m[0m - [37mSimulation step | step=389[0m
[95m(outer_1 pid=601541)[0m 17:14:40.463 | [31m[1mERROR[0m | [1m[31m[1mEndService[0m[1m[0m - [31m[1mPrediction on image 6721 is incorrect.[0m
[95m(outer_1 pid=601541)[0m 17:14:40.911 | [32m[1mSUCCESS[0m | [1m[32m[1mEndService[0m[1m[0m - [32m[1mPrediction on image 6570 is correct.[0m
[35m(RemoteSimulator pid=601542)[0m 17:14:41.141 | [1m[35mECLYPSE[0m | [1m[1m[35mPlacementManager[0m[1m[0m - [37mPlacement established | app=ImagePrediction | mapping={'EndService': 'outer_1', 'PredictorService': 'outer_2', 'TrainerService': 'outer_4'}[0m
[35m(RemoteSimulator pid=601542)[0m 17:14:41.142 | [1m[35mECLYPSE[0m | [1m[1m[35mSimulation[0m[1m[0m - [37mSimulation step | step=390[0m
[95m(outer_1 pid=601541)[0m 17:14:41.348 | [32m[1mSUCCESS[0m | [1m[32m[1mEndService[0m[1m[0m - [32m[1mPrediction on image 546 is correct.[0m
[95m(outer_1 pid=601541)[0m 17:14:41.777 | [31m[1mERROR[0m | [1m[31m[1mEndService[0m[1m[0m - [31m[1mPrediction on image 1298 is incorrect.[0m
[35m(RemoteSimulator pid=601542)[0m 17:14:42.143 | [1m[35mECLYPSE[0m | [1m[1m[35mPlacementManager[0m[1m[0m - [37mPlacement established | app=ImagePrediction | mapping={'EndService': 'outer_1', 'PredictorService': 'outer_2', 'TrainerService': 'outer_4'}[0m
[35m(RemoteSimulator pid=601542)[0m 17:14:42.143 | [1m[35mECLYPSE[0m | [1m[1m[35mSimulation[0m[1m[0m - [37mSimulation step | step=391[0m
[95m(outer_1 pid=601541)[0m 17:14:42.196 | [32m[1mSUCCESS[0m | [1m[32m[1mEndService[0m[1m[0m - [32m[1mPrediction on image 8297 is correct.[0m
[95m(outer_1 pid=601541)[0m 17:14:42.615 | [32m[1mSUCCESS[0m | [1m[32m[1mEndService[0m[1m[0m - [32m[1mPrediction on image 1744 is correct.[0m
[95m(outer_1 pid=601541)[0m 17:14:43.035 | [32m[1mSUCCESS[0m | [1m[32m[1mEndService[0m[1m[0m - [32m[1mPrediction on image 5739 is correct.[0m
[35m(RemoteSimulator pid=601542)[0m 17:14:43.145 | [1m[35mECLYPSE[0m | [1m[1m[35mPlacementManager[0m[1m[0m - [37mPlacement established | app=ImagePrediction | mapping={'EndService': 'outer_1', 'PredictorService': 'outer_2', 'TrainerService': 'outer_4'}[0m
[35m(RemoteSimulator pid=601542)[0m 17:14:43.146 | [1m[35mECLYPSE[0m | [1m[1m[35mSimulation[0m[1m[0m - [37mSimulation step | step=392[0m
[95m(outer_1 pid=601541)[0m 17:14:43.471 | [32m[1mSUCCESS[0m | [1m[32m[1mEndService[0m[1m[0m - [32m[1mPrediction on image 5591 is correct.[0m
[95m(outer_1 pid=601541)[0m 17:14:43.910 | [31m[1mERROR[0m | [1m[31m[1mEndService[0m[1m[0m - [31m[1mPrediction on image 5229 is incorrect.[0m
[35m(RemoteSimulator pid=601542)[0m 17:14:44.147 | [1m[35mECLYPSE[0m | [1m[1m[35mPlacementManager[0m[1m[0m - [37mPlacement established | app=ImagePrediction | mapping={'EndService': 'outer_1', 'PredictorService': 'outer_2', 'TrainerService': 'outer_4'}[0m
[35m(RemoteSimulator pid=601542)[0m 17:14:44.148 | [1m[35mECLYPSE[0m | [1m[1m[35mSimulation[0m[1m[0m - [37mSimulation step | step=393[0m
[95m(outer_1 pid=601541)[0m 17:14:44.326 | [31m[1mERROR[0m | [1m[31m[1mEndService[0m[1m[0m - [31m[1mPrediction on image 4520 is incorrect.[0m
[95m(outer_1 pid=601541)[0m 17:14:44.769 | [31m[1mERROR[0m | [1m[31m[1mEndService[0m[1m[0m - [31m[1mPrediction on image 6497 is incorrect.[0m
[35m(RemoteSimulator pid=601542)[0m 17:14:45.149 | [1m[35mECLYPSE[0m | [1m[1m[35mPlacementManager[0m[1m[0m - [37mPlacement established | app=ImagePrediction | mapping={'EndService': 'outer_1', 'PredictorService': 'outer_2', 'TrainerService': 'outer_4'}[0m
[35m(RemoteSimulator pid=601542)[0m 17:14:45.149 | [1m[35mECLYPSE[0m | [1m[1m[35mSimulation[0m[1m[0m - [37mSimulation step | step=394[0m
[95m(outer_1 pid=601541)[0m 17:14:45.211 | [31m[1mERROR[0m | [1m[31m[1mEndService[0m[1m[0m - [31m[1mPrediction on image 4965 is incorrect.[0m
[95m(outer_1 pid=601541)[0m 17:14:45.631 | [32m[1mSUCCESS[0m | [1m[32m[1mEndService[0m[1m[0m - [32m[1mPrediction on image 2693 is correct.[0m
[95m(outer_1 pid=601541)[0m 17:14:46.051 | [32m[1mSUCCESS[0m | [1m[32m[1mEndService[0m[1m[0m - [32m[1mPrediction on image 9440 is correct.[0m
[35m(RemoteSimulator pid=601542)[0m 17:14:46.150 | [1m[35mECLYPSE[0m | [1m[1m[35mPlacementManager[0m[1m[0m - [37mPlacement established | app=ImagePrediction | mapping={'EndService': 'outer_1', 'PredictorService': 'outer_2', 'TrainerService': 'outer_4'}[0m
[35m(RemoteSimulator pid=601542)[0m 17:14:46.151 | [1m[35mECLYPSE[0m | [1m[1m[35mSimulation[0m[1m[0m - [37mSimulation step | step=395[0m
[95m(outer_1 pid=601541)[0m 17:14:46.482 | [32m[1mSUCCESS[0m | [1m[32m[1mEndService[0m[1m[0m - [32m[1mPrediction on image 5501 is correct.[0m
[95m(outer_1 pid=601541)[0m 17:14:46.938 | [32m[1mSUCCESS[0m | [1m[32m[1mEndService[0m[1m[0m - [32m[1mPrediction on image 8957 is correct.[0m
[35m(RemoteSimulator pid=601542)[0m 17:14:47.151 | [1m[35mECLYPSE[0m | [1m[1m[35mPlacementManager[0m[1m[0m - [37mPlacement established | app=ImagePrediction | mapping={'EndService': 'outer_1', 'PredictorService': 'outer_2', 'TrainerService': 'outer_4'}[0m
[35m(RemoteSimulator pid=601542)[0m 17:14:47.152 | [1m[35mECLYPSE[0m | [1m[1m[35mSimulation[0m[1m[0m - [37mSimulation step | step=396[0m
[95m(outer_1 pid=601541)[0m 17:14:47.372 | [32m[1mSUCCESS[0m | [1m[32m[1mEndService[0m[1m[0m - [32m[1mPrediction on image 5838 is correct.[0m
[95m(outer_1 pid=601541)[0m 17:14:47.816 | [31m[1mERROR[0m | [1m[31m[1mEndService[0m[1m[0m - [31m[1mPrediction on image 2548 is incorrect.[0m
[35m(RemoteSimulator pid=601542)[0m 17:14:48.152 | [1m[35mECLYPSE[0m | [1m[1m[35mPlacementManager[0m[1m[0m - [37mPlacement established | app=ImagePrediction | mapping={'EndService': 'outer_1', 'PredictorService': 'outer_2', 'TrainerService': 'outer_4'}[0m
[35m(RemoteSimulator pid=601542)[0m 17:14:48.153 | [1m[35mECLYPSE[0m | [1m[1m[35mSimulation[0m[1m[0m - [37mSimulation step | step=397[0m
[95m(outer_1 pid=601541)[0m 17:14:48.240 | [32m[1mSUCCESS[0m | [1m[32m[1mEndService[0m[1m[0m - [32m[1mPrediction on image 1942 is correct.[0m
[95m(outer_1 pid=601541)[0m 17:14:48.662 | [32m[1mSUCCESS[0m | [1m[32m[1mEndService[0m[1m[0m - [32m[1mPrediction on image 8150 is correct.[0m
[95m(outer_1 pid=601541)[0m 17:14:49.098 | [31m[1mERROR[0m | [1m[31m[1mEndService[0m[1m[0m - [31m[1mPrediction on image 3814 is incorrect.[0m
[35m(RemoteSimulator pid=601542)[0m 17:14:49.153 | [1m[35mECLYPSE[0m | [1m[1m[35mPlacementManager[0m[1m[0m - [37mPlacement established | app=ImagePrediction | mapping={'EndService': 'outer_1', 'PredictorService': 'outer_2', 'TrainerService': 'outer_4'}[0m
[35m(RemoteSimulator pid=601542)[0m 17:14:49.154 | [1m[35mECLYPSE[0m | [1m[1m[35mSimulation[0m[1m[0m - [37mSimulation step | step=398[0m
[95m(outer_1 pid=601541)[0m 17:14:49.540 | [31m[1mERROR[0m | [1m[31m[1mEndService[0m[1m[0m - [31m[1mPrediction on image 1746 is incorrect.[0m
[95m(outer_1 pid=601541)[0m 17:14:49.987 | [32m[1mSUCCESS[0m | [1m[32m[1mEndService[0m[1m[0m - [32m[1mPrediction on image 2778 is correct.[0m
[35m(RemoteSimulator pid=601542)[0m 17:14:50.155 | [1m[35mECLYPSE[0m | [1m[1m[35mPlacementManager[0m[1m[0m - [37mPlacement established | app=ImagePrediction | mapping={'EndService': 'outer_1', 'PredictorService': 'outer_2', 'TrainerService': 'outer_4'}[0m
[35m(RemoteSimulator pid=601542)[0m 17:14:50.155 | [1m[35mECLYPSE[0m | [1m[1m[35mSimulation[0m[1m[0m - [37mSimulation step | step=399[0m
[95m(outer_1 pid=601541)[0m 17:14:50.435 | [31m[1mERROR[0m | [1m[31m[1mEndService[0m[1m[0m - [31m[1mPrediction on image 1790 is incorrect.[0m
[95m(outer_1 pid=601541)[0m 17:14:50.864 | [32m[1mSUCCESS[0m | [1m[32m[1mEndService[0m[1m[0m - [32m[1mPrediction on image 6590 is correct.[0m
[35m(RemoteSimulator pid=601542)[0m 17:14:51.156 | [1m[35mECLYPSE[0m | [1m[1m[35mPlacementManager[0m[1m[0m - [37mPlacement established | app=ImagePrediction | mapping={'EndService': 'outer_1', 'PredictorService': 'outer_2', 'TrainerService': 'outer_4'}[0m
[35m(RemoteSimulator pid=601542)[0m 17:14:51.156 | [1m[35mECLYPSE[0m | [1m[1m[35mSimulation[0m[1m[0m - [37mSimulation step | step=400[0m
[95m(outer_1 pid=601541)[0m 17:14:51.277 | [32m[1mSUCCESS[0m | [1m[32m[1mEndService[0m[1m[0m - [32m[1mPrediction on image 4740 is correct.[0m
[95m(outer_1 pid=601541)[0m 17:14:51.698 | [32m[1mSUCCESS[0m | [1m[32m[1mEndService[0m[1m[0m - [32m[1mPrediction on image 4098 is correct.[0m
[95m(outer_1 pid=601541)[0m 17:14:52.128 | [31m[1mERROR[0m | [1m[31m[1mEndService[0m[1m[0m - [31m[1mPrediction on image 9456 is incorrect.[0m
[35m(RemoteSimulator pid=601542)[0m 17:14:52.157 | [1m[35mECLYPSE[0m | [1m[1m[35mPlacementManager[0m[1m[0m - [37mPlacement established | app=ImagePrediction | mapping={'EndService': 'outer_1', 'PredictorService': 'outer_2', 'TrainerService': 'outer_4'}[0m
[35m(RemoteSimulator pid=601542)[0m 17:14:52.157 | [1m[35mECLYPSE[0m | [1m[1m[35mSimulation[0m[1m[0m - [37mSimulation step | step=401[0m
[95m(outer_1 pid=601541)[0m 17:14:52.547 | [31m[1mERROR[0m | [1m[31m[1mEndService[0m[1m[0m - [31m[1mPrediction on image 9198 is incorrect.[0m
[95m(outer_1 pid=601541)[0m 17:14:52.977 | [32m[1mSUCCESS[0m | [1m[32m[1mEndService[0m[1m[0m - [32m[1mPrediction on image 680 is correct.[0m
[35m(RemoteSimulator pid=601542)[0m 17:14:53.158 | [1m[35mECLYPSE[0m | [1m[1m[35mPlacementManager[0m[1m[0m - [37mPlacement established | app=ImagePrediction | mapping={'EndService': 'outer_1', 'PredictorService': 'outer_2', 'TrainerService': 'outer_4'}[0m
[35m(RemoteSimulator pid=601542)[0m 17:14:53.158 | [1m[35mECLYPSE[0m | [1m[1m[35mSimulation[0m[1m[0m - [37mSimulation step | step=402[0m
[95m(outer_1 pid=601541)[0m 17:14:53.391 | [32m[1mSUCCESS[0m | [1m[32m[1mEndService[0m[1m[0m - [32m[1mPrediction on image 8529 is correct.[0m
[95m(outer_1 pid=601541)[0m 17:14:53.818 | [31m[1mERROR[0m | [1m[31m[1mEndService[0m[1m[0m - [31m[1mPrediction on image 915 is incorrect.[0m
[35m(RemoteSimulator pid=601542)[0m 17:14:54.159 | [1m[35mECLYPSE[0m | [1m[1m[35mPlacementManager[0m[1m[0m - [37mPlacement established | app=ImagePrediction | mapping={'EndService': 'outer_1', 'PredictorService': 'outer_2', 'TrainerService': 'outer_4'}[0m
[35m(RemoteSimulator pid=601542)[0m 17:14:54.160 | [1m[35mECLYPSE[0m | [1m[1m[35mSimulation[0m[1m[0m - [37mSimulation step | step=403[0m
[95m(outer_1 pid=601541)[0m 17:14:54.250 | [32m[1mSUCCESS[0m | [1m[32m[1mEndService[0m[1m[0m - [32m[1mPrediction on image 2818 is correct.[0m
[95m(outer_1 pid=601541)[0m 17:14:54.664 | [32m[1mSUCCESS[0m | [1m[32m[1mEndService[0m[1m[0m - [32m[1mPrediction on image 4429 is correct.[0m
[95m(outer_1 pid=601541)[0m 17:14:55.093 | [32m[1mSUCCESS[0m | [1m[32m[1mEndService[0m[1m[0m - [32m[1mPrediction on image 572 is correct.[0m
[35m(RemoteSimulator pid=601542)[0m 17:14:55.160 | [1m[35mECLYPSE[0m | [1m[1m[35mPlacementManager[0m[1m[0m - [37mPlacement established | app=ImagePrediction | mapping={'EndService': 'outer_1', 'PredictorService': 'outer_2', 'TrainerService': 'outer_4'}[0m
[35m(RemoteSimulator pid=601542)[0m 17:14:55.161 | [1m[35mECLYPSE[0m | [1m[1m[35mSimulation[0m[1m[0m - [37mSimulation step | step=404[0m
[95m(outer_1 pid=601541)[0m 17:14:55.534 | [32m[1mSUCCESS[0m | [1m[32m[1mEndService[0m[1m[0m - [32m[1mPrediction on image 5491 is correct.[0m
[95m(outer_1 pid=601541)[0m 17:14:55.978 | [31m[1mERROR[0m | [1m[31m[1mEndService[0m[1m[0m - [31m[1mPrediction on image 1227 is incorrect.[0m
[35m(RemoteSimulator pid=601542)[0m 17:14:56.162 | [1m[35mECLYPSE[0m | [1m[1m[35mPlacementManager[0m[1m[0m - [37mPlacement established | app=ImagePrediction | mapping={'EndService': 'outer_1', 'PredictorService': 'outer_2', 'TrainerService': 'outer_4'}[0m
[35m(RemoteSimulator pid=601542)[0m 17:14:56.162 | [1m[35mECLYPSE[0m | [1m[1m[35mSimulation[0m[1m[0m - [37mSimulation step | step=405[0m
[95m(outer_1 pid=601541)[0m 17:14:56.414 | [31m[1mERROR[0m | [1m[31m[1mEndService[0m[1m[0m - [31m[1mPrediction on image 7498 is incorrect.[0m
[95m(outer_1 pid=601541)[0m 17:14:56.854 | [32m[1mSUCCESS[0m | [1m[32m[1mEndService[0m[1m[0m - [32m[1mPrediction on image 4346 is correct.[0m
[35m(RemoteSimulator pid=601542)[0m 17:14:57.163 | [1m[35mECLYPSE[0m | [1m[1m[35mPlacementManager[0m[1m[0m - [37mPlacement established | app=ImagePrediction | mapping={'EndService': 'outer_1', 'PredictorService': 'outer_2', 'TrainerService': 'outer_4'}[0m
[35m(RemoteSimulator pid=601542)[0m 17:14:57.163 | [1m[35mECLYPSE[0m | [1m[1m[35mSimulation[0m[1m[0m - [37mSimulation step | step=406[0m
[95m(outer_1 pid=601541)[0m 17:14:57.287 | [32m[1mSUCCESS[0m | [1m[32m[1mEndService[0m[1m[0m - [32m[1mPrediction on image 5353 is correct.[0m
[95m(outer_1 pid=601541)[0m 17:14:57.711 | [31m[1mERROR[0m | [1m[31m[1mEndService[0m[1m[0m - [31m[1mPrediction on image 7990 is incorrect.[0m
[95m(outer_1 pid=601541)[0m 17:14:58.139 | [32m[1mSUCCESS[0m | [1m[32m[1mEndService[0m[1m[0m - [32m[1mPrediction on image 2275 is correct.[0m
[35m(RemoteSimulator pid=601542)[0m 17:14:58.164 | [1m[35mECLYPSE[0m | [1m[1m[35mPlacementManager[0m[1m[0m - [37mPlacement established | app=ImagePrediction | mapping={'EndService': 'outer_1', 'PredictorService': 'outer_2', 'TrainerService': 'outer_4'}[0m
[35m(RemoteSimulator pid=601542)[0m 17:14:58.164 | [1m[35mECLYPSE[0m | [1m[1m[35mSimulation[0m[1m[0m - [37mSimulation step | step=407[0m
[95m(outer_1 pid=601541)[0m 17:14:58.566 | [31m[1mERROR[0m | [1m[31m[1mEndService[0m[1m[0m - [31m[1mPrediction on image 7459 is incorrect.[0m
[95m(outer_1 pid=601541)[0m 17:14:58.980 | [32m[1mSUCCESS[0m | [1m[32m[1mEndService[0m[1m[0m - [32m[1mPrediction on image 4996 is correct.[0m
[35m(RemoteSimulator pid=601542)[0m 17:14:59.165 | [1m[35mECLYPSE[0m | [1m[1m[35mPlacementManager[0m[1m[0m - [37mPlacement established | app=ImagePrediction | mapping={'EndService': 'outer_1', 'PredictorService': 'outer_2', 'TrainerService': 'outer_4'}[0m
[35m(RemoteSimulator pid=601542)[0m 17:14:59.165 | [1m[35mECLYPSE[0m | [1m[1m[35mSimulation[0m[1m[0m - [37mSimulation step | step=408[0m
[95m(outer_1 pid=601541)[0m 17:14:59.412 | [32m[1mSUCCESS[0m | [1m[32m[1mEndService[0m[1m[0m - [32m[1mPrediction on image 134 is correct.[0m
[95m(outer_1 pid=601541)[0m 17:14:59.869 | [32m[1mSUCCESS[0m | [1m[32m[1mEndService[0m[1m[0m - [32m[1mPrediction on image 2225 is correct.[0m
[35m(RemoteSimulator pid=601542)[0m 17:15:00.166 | [1m[35mECLYPSE[0m | [1m[1m[35mPlacementManager[0m[1m[0m - [37mPlacement established | app=ImagePrediction | mapping={'EndService': 'outer_1', 'PredictorService': 'outer_2', 'TrainerService': 'outer_4'}[0m
[35m(RemoteSimulator pid=601542)[0m 17:15:00.166 | [1m[35mECLYPSE[0m | [1m[1m[35mSimulation[0m[1m[0m - [37mSimulation step | step=409[0m
[95m(outer_1 pid=601541)[0m 17:15:00.298 | [32m[1mSUCCESS[0m | [1m[32m[1mEndService[0m[1m[0m - [32m[1mPrediction on image 8672 is correct.[0m
[95m(outer_1 pid=601541)[0m 17:15:00.718 | [32m[1mSUCCESS[0m | [1m[32m[1mEndService[0m[1m[0m - [32m[1mPrediction on image 829 is correct.[0m
[95m(outer_1 pid=601541)[0m 17:15:01.148 | [31m[1mERROR[0m | [1m[31m[1mEndService[0m[1m[0m - [31m[1mPrediction on image 4632 is incorrect.[0m
[35m(RemoteSimulator pid=601542)[0m 17:15:01.167 | [1m[35mECLYPSE[0m | [1m[1m[35mPlacementManager[0m[1m[0m - [37mPlacement established | app=ImagePrediction | mapping={'EndService': 'outer_1', 'PredictorService': 'outer_2', 'TrainerService': 'outer_4'}[0m
[35m(RemoteSimulator pid=601542)[0m 17:15:01.168 | [1m[35mECLYPSE[0m | [1m[1m[35mSimulation[0m[1m[0m - [37mSimulation step | step=410[0m
[95m(outer_1 pid=601541)[0m 17:15:01.588 | [32m[1mSUCCESS[0m | [1m[32m[1mEndService[0m[1m[0m - [32m[1mPrediction on image 8240 is correct.[0m
[95m(outer_1 pid=601541)[0m 17:15:02.034 | [32m[1mSUCCESS[0m | [1m[32m[1mEndService[0m[1m[0m - [32m[1mPrediction on image 693 is correct.[0m
[35m(RemoteSimulator pid=601542)[0m 17:15:02.168 | [1m[35mECLYPSE[0m | [1m[1m[35mPlacementManager[0m[1m[0m - [37mPlacement established | app=ImagePrediction | mapping={'EndService': 'outer_1', 'PredictorService': 'outer_2', 'TrainerService': 'outer_4'}[0m
[35m(RemoteSimulator pid=601542)[0m 17:15:02.169 | [1m[35mECLYPSE[0m | [1m[1m[35mSimulation[0m[1m[0m - [37mSimulation step | step=411[0m
[95m(outer_1 pid=601541)[0m 17:15:02.455 | [32m[1mSUCCESS[0m | [1m[32m[1mEndService[0m[1m[0m - [32m[1mPrediction on image 3343 is correct.[0m
[95m(outer_1 pid=601541)[0m 17:15:02.895 | [32m[1mSUCCESS[0m | [1m[32m[1mEndService[0m[1m[0m - [32m[1mPrediction on image 2650 is correct.[0m
[35m(RemoteSimulator pid=601542)[0m 17:15:03.169 | [1m[35mECLYPSE[0m | [1m[1m[35mPlacementManager[0m[1m[0m - [37mPlacement established | app=ImagePrediction | mapping={'EndService': 'outer_1', 'PredictorService': 'outer_2', 'TrainerService': 'outer_4'}[0m
[35m(RemoteSimulator pid=601542)[0m 17:15:03.170 | [1m[35mECLYPSE[0m | [1m[1m[35mSimulation[0m[1m[0m - [37mSimulation step | step=412[0m
[95m(outer_1 pid=601541)[0m 17:15:03.313 | [32m[1mSUCCESS[0m | [1m[32m[1mEndService[0m[1m[0m - [32m[1mPrediction on image 4650 is correct.[0m
[95m(outer_1 pid=601541)[0m 17:15:03.739 | [32m[1mSUCCESS[0m | [1m[32m[1mEndService[0m[1m[0m - [32m[1mPrediction on image 8927 is correct.[0m
[95m(outer_1 pid=601541)[0m 17:15:04.171 | [32m[1mSUCCESS[0m | [1m[32m[1mEndService[0m[1m[0m - [32m[1mPrediction on image 2570 is correct.[0m
[35m(RemoteSimulator pid=601542)[0m 17:15:04.171 | [1m[35mECLYPSE[0m | [1m[1m[35mPlacementManager[0m[1m[0m - [37mPlacement established | app=ImagePrediction | mapping={'EndService': 'outer_1', 'PredictorService': 'outer_2', 'TrainerService': 'outer_4'}[0m
[35m(RemoteSimulator pid=601542)[0m 17:15:04.171 | [1m[35mECLYPSE[0m | [1m[1m[35mSimulation[0m[1m[0m - [37mSimulation step | step=413[0m
[95m(outer_1 pid=601541)[0m 17:15:04.594 | [32m[1mSUCCESS[0m | [1m[32m[1mEndService[0m[1m[0m - [32m[1mPrediction on image 5963 is correct.[0m
[95m(outer_1 pid=601541)[0m 17:15:05.038 | [32m[1mSUCCESS[0m | [1m[32m[1mEndService[0m[1m[0m - [32m[1mPrediction on image 4088 is correct.[0m
[35m(RemoteSimulator pid=601542)[0m 17:15:05.172 | [1m[35mECLYPSE[0m | [1m[1m[35mPlacementManager[0m[1m[0m - [37mPlacement established | app=ImagePrediction | mapping={'EndService': 'outer_1', 'PredictorService': 'outer_2', 'TrainerService': 'outer_4'}[0m
[35m(RemoteSimulator pid=601542)[0m 17:15:05.172 | [1m[35mECLYPSE[0m | [1m[1m[35mSimulation[0m[1m[0m - [37mSimulation step | step=414[0m
[95m(outer_1 pid=601541)[0m 17:15:05.473 | [31m[1mERROR[0m | [1m[31m[1mEndService[0m[1m[0m - [31m[1mPrediction on image 863 is incorrect.[0m
[95m(outer_1 pid=601541)[0m 17:15:05.900 | [31m[1mERROR[0m | [1m[31m[1mEndService[0m[1m[0m - [31m[1mPrediction on image 9478 is incorrect.[0m
[35m(RemoteSimulator pid=601542)[0m 17:15:06.173 | [1m[35mECLYPSE[0m | [1m[1m[35mPlacementManager[0m[1m[0m - [37mPlacement established | app=ImagePrediction | mapping={'EndService': 'outer_1', 'PredictorService': 'outer_2', 'TrainerService': 'outer_4'}[0m
[35m(RemoteSimulator pid=601542)[0m 17:15:06.173 | [1m[35mECLYPSE[0m | [1m[1m[35mSimulation[0m[1m[0m - [37mSimulation step | step=415[0m
[95m(outer_1 pid=601541)[0m 17:15:06.326 | [32m[1mSUCCESS[0m | [1m[32m[1mEndService[0m[1m[0m - [32m[1mPrediction on image 1816 is correct.[0m
[95m(outer_1 pid=601541)[0m 17:15:06.756 | [31m[1mERROR[0m | [1m[31m[1mEndService[0m[1m[0m - [31m[1mPrediction on image 7057 is incorrect.[0m
[95m(outer_1 pid=601541)[0m 17:15:07.192 | [31m[1mERROR[0m | [1m[31m[1mEndService[0m[1m[0m - [31m[1mPrediction on image 9368 is incorrect.[0m
[35m(RemoteSimulator pid=601542)[0m 17:15:07.174 | [1m[35mECLYPSE[0m | [1m[1m[35mPlacementManager[0m[1m[0m - [37mPlacement established | app=ImagePrediction | mapping={'EndService': 'outer_1', 'PredictorService': 'outer_2', 'TrainerService': 'outer_4'}[0m
[35m(RemoteSimulator pid=601542)[0m 17:15:07.175 | [1m[35mECLYPSE[0m | [1m[1m[35mSimulation[0m[1m[0m - [37mSimulation step | step=416[0m
[95m(outer_1 pid=601541)[0m 17:15:07.611 | [32m[1mSUCCESS[0m | [1m[32m[1mEndService[0m[1m[0m - [32m[1mPrediction on image 537 is correct.[0m
[95m(outer_1 pid=601541)[0m 17:15:08.043 | [31m[1mERROR[0m | [1m[31m[1mEndService[0m[1m[0m - [31m[1mPrediction on image 9342 is incorrect.[0m
[35m(RemoteSimulator pid=601542)[0m 17:15:08.176 | [1m[35mECLYPSE[0m | [1m[1m[35mPlacementManager[0m[1m[0m - [37mPlacement established | app=ImagePrediction | mapping={'EndService': 'outer_1', 'PredictorService': 'outer_2', 'TrainerService': 'outer_4'}[0m
[35m(RemoteSimulator pid=601542)[0m 17:15:08.176 | [1m[35mECLYPSE[0m | [1m[1m[35mSimulation[0m[1m[0m - [37mSimulation step | step=417[0m
[95m(outer_1 pid=601541)[0m 17:15:08.475 | [32m[1mSUCCESS[0m | [1m[32m[1mEndService[0m[1m[0m - [32m[1mPrediction on image 1826 is correct.[0m
[95m(outer_1 pid=601541)[0m 17:15:08.922 | [31m[1mERROR[0m | [1m[31m[1mEndService[0m[1m[0m - [31m[1mPrediction on image 7459 is incorrect.[0m
[35m(RemoteSimulator pid=601542)[0m 17:15:09.177 | [1m[35mECLYPSE[0m | [1m[1m[35mPlacementManager[0m[1m[0m - [37mPlacement established | app=ImagePrediction | mapping={'EndService': 'outer_1', 'PredictorService': 'outer_2', 'TrainerService': 'outer_4'}[0m
[35m(RemoteSimulator pid=601542)[0m 17:15:09.177 | [1m[35mECLYPSE[0m | [1m[1m[35mSimulation[0m[1m[0m - [37mSimulation step | step=418[0m
[95m(outer_1 pid=601541)[0m 17:15:09.363 | [32m[1mSUCCESS[0m | [1m[32m[1mEndService[0m[1m[0m - [32m[1mPrediction on image 599 is correct.[0m
[95m(outer_1 pid=601541)[0m 17:15:09.817 | [32m[1mSUCCESS[0m | [1m[32m[1mEndService[0m[1m[0m - [32m[1mPrediction on image 6493 is correct.[0m
[35m(RemoteSimulator pid=601542)[0m 17:15:10.178 | [1m[35mECLYPSE[0m | [1m[1m[35mPlacementManager[0m[1m[0m - [37mPlacement established | app=ImagePrediction | mapping={'EndService': 'outer_1', 'PredictorService': 'outer_2', 'TrainerService': 'outer_4'}[0m
[35m(RemoteSimulator pid=601542)[0m 17:15:10.178 | [1m[35mECLYPSE[0m | [1m[1m[35mSimulation[0m[1m[0m - [37mSimulation step | step=419[0m
[95m(outer_1 pid=601541)[0m 17:15:10.259 | [32m[1mSUCCESS[0m | [1m[32m[1mEndService[0m[1m[0m - [32m[1mPrediction on image 9363 is correct.[0m
[95m(outer_1 pid=601541)[0m 17:15:10.684 | [31m[1mERROR[0m | [1m[31m[1mEndService[0m[1m[0m - [31m[1mPrediction on image 4848 is incorrect.[0m
[95m(outer_1 pid=601541)[0m 17:15:11.136 | [32m[1mSUCCESS[0m | [1m[32m[1mEndService[0m[1m[0m - [32m[1mPrediction on image 6256 is correct.[0m
[35m(RemoteSimulator pid=601542)[0m 17:15:11.179 | [1m[35mECLYPSE[0m | [1m[1m[35mPlacementManager[0m[1m[0m - [37mPlacement established | app=ImagePrediction | mapping={'EndService': 'outer_1', 'PredictorService': 'outer_2', 'TrainerService': 'outer_4'}[0m
[35m(RemoteSimulator pid=601542)[0m 17:15:11.180 | [1m[35mECLYPSE[0m | [1m[1m[35mSimulation[0m[1m[0m - [37mSimulation step | step=420[0m
[95m(outer_1 pid=601541)[0m 17:15:11.573 | [31m[1mERROR[0m | [1m[31m[1mEndService[0m[1m[0m - [31m[1mPrediction on image 2387 is incorrect.[0m
[95m(outer_1 pid=601541)[0m 17:15:12.017 | [31m[1mERROR[0m | [1m[31m[1mEndService[0m[1m[0m - [31m[1mPrediction on image 7495 is incorrect.[0m
[35m(RemoteSimulator pid=601542)[0m 17:15:12.181 | [1m[35mECLYPSE[0m | [1m[1m[35mPlacementManager[0m[1m[0m - [37mPlacement established | app=ImagePrediction | mapping={'EndService': 'outer_1', 'PredictorService': 'outer_2', 'TrainerService': 'outer_4'}[0m
[35m(RemoteSimulator pid=601542)[0m 17:15:12.181 | [1m[35mECLYPSE[0m | [1m[1m[35mSimulation[0m[1m[0m - [37mSimulation step | step=421[0m
[95m(outer_1 pid=601541)[0m 17:15:12.488 | [31m[1mERROR[0m | [1m[31m[1mEndService[0m[1m[0m - [31m[1mPrediction on image 3946 is incorrect.[0m
[95m(outer_1 pid=601541)[0m 17:15:12.922 | [32m[1mSUCCESS[0m | [1m[32m[1mEndService[0m[1m[0m - [32m[1mPrediction on image 4252 is correct.[0m
[35m(RemoteSimulator pid=601542)[0m 17:15:13.182 | [1m[35mECLYPSE[0m | [1m[1m[35mPlacementManager[0m[1m[0m - [37mPlacement established | app=ImagePrediction | mapping={'EndService': 'outer_1', 'PredictorService': 'outer_2', 'TrainerService': 'outer_4'}[0m
[35m(RemoteSimulator pid=601542)[0m 17:15:13.182 | [1m[35mECLYPSE[0m | [1m[1m[35mSimulation[0m[1m[0m - [37mSimulation step | step=422[0m
[95m(outer_1 pid=601541)[0m 17:15:13.354 | [32m[1mSUCCESS[0m | [1m[32m[1mEndService[0m[1m[0m - [32m[1mPrediction on image 3828 is correct.[0m
[95m(outer_1 pid=601541)[0m 17:15:13.771 | [32m[1mSUCCESS[0m | [1m[32m[1mEndService[0m[1m[0m - [32m[1mPrediction on image 8401 is correct.[0m
[95m(outer_1 pid=601541)[0m 17:15:14.193 | [31m[1mERROR[0m | [1m[31m[1mEndService[0m[1m[0m - [31m[1mPrediction on image 8286 is incorrect.[0m
[35m(RemoteSimulator pid=601542)[0m 17:15:14.183 | [1m[35mECLYPSE[0m | [1m[1m[35mPlacementManager[0m[1m[0m - [37mPlacement established | app=ImagePrediction | mapping={'EndService': 'outer_1', 'PredictorService': 'outer_2', 'TrainerService': 'outer_4'}[0m
[35m(RemoteSimulator pid=601542)[0m 17:15:14.184 | [1m[35mECLYPSE[0m | [1m[1m[35mSimulation[0m[1m[0m - [37mSimulation step | step=423[0m
[95m(outer_1 pid=601541)[0m 17:15:14.605 | [31m[1mERROR[0m | [1m[31m[1mEndService[0m[1m[0m - [31m[1mPrediction on image 5432 is incorrect.[0m
[95m(outer_1 pid=601541)[0m 17:15:15.035 | [31m[1mERROR[0m | [1m[31m[1mEndService[0m[1m[0m - [31m[1mPrediction on image 9737 is incorrect.[0m
[35m(RemoteSimulator pid=601542)[0m 17:15:15.185 | [1m[35mECLYPSE[0m | [1m[1m[35mPlacementManager[0m[1m[0m - [37mPlacement established | app=ImagePrediction | mapping={'EndService': 'outer_1', 'PredictorService': 'outer_2', 'TrainerService': 'outer_4'}[0m
[35m(RemoteSimulator pid=601542)[0m 17:15:15.185 | [1m[35mECLYPSE[0m | [1m[1m[35mSimulation[0m[1m[0m - [37mSimulation step | step=424[0m
[95m(outer_1 pid=601541)[0m 17:15:15.454 | [31m[1mERROR[0m | [1m[31m[1mEndService[0m[1m[0m - [31m[1mPrediction on image 8050 is incorrect.[0m
[95m(outer_1 pid=601541)[0m 17:15:15.884 | [32m[1mSUCCESS[0m | [1m[32m[1mEndService[0m[1m[0m - [32m[1mPrediction on image 7051 is correct.[0m
[35m(RemoteSimulator pid=601542)[0m 17:15:16.186 | [1m[35mECLYPSE[0m | [1m[1m[35mPlacementManager[0m[1m[0m - [37mPlacement established | app=ImagePrediction | mapping={'EndService': 'outer_1', 'PredictorService': 'outer_2', 'TrainerService': 'outer_4'}[0m
[35m(RemoteSimulator pid=601542)[0m 17:15:16.186 | [1m[35mECLYPSE[0m | [1m[1m[35mSimulation[0m[1m[0m - [37mSimulation step | step=425[0m
[95m(outer_1 pid=601541)[0m 17:15:16.331 | [31m[1mERROR[0m | [1m[31m[1mEndService[0m[1m[0m - [31m[1mPrediction on image 1549 is incorrect.[0m
[95m(outer_1 pid=601541)[0m 17:15:16.744 | [32m[1mSUCCESS[0m | [1m[32m[1mEndService[0m[1m[0m - [32m[1mPrediction on image 6846 is correct.[0m
[95m(outer_1 pid=601541)[0m 17:15:17.172 | [31m[1mERROR[0m | [1m[31m[1mEndService[0m[1m[0m - [31m[1mPrediction on image 7077 is incorrect.[0m
[35m(RemoteSimulator pid=601542)[0m 17:15:17.187 | [1m[35mECLYPSE[0m | [1m[1m[35mPlacementManager[0m[1m[0m - [37mPlacement established | app=ImagePrediction | mapping={'EndService': 'outer_1', 'PredictorService': 'outer_2', 'TrainerService': 'outer_4'}[0m
[35m(RemoteSimulator pid=601542)[0m 17:15:17.188 | [1m[35mECLYPSE[0m | [1m[1m[35mSimulation[0m[1m[0m - [37mSimulation step | step=426[0m
[95m(outer_1 pid=601541)[0m 17:15:17.600 | [31m[1mERROR[0m | [1m[31m[1mEndService[0m[1m[0m - [31m[1mPrediction on image 9898 is incorrect.[0m
[95m(outer_1 pid=601541)[0m 17:15:18.063 | [32m[1mSUCCESS[0m | [1m[32m[1mEndService[0m[1m[0m - [32m[1mPrediction on image 8983 is correct.[0m
[35m(RemoteSimulator pid=601542)[0m 17:15:18.188 | [1m[35mECLYPSE[0m | [1m[1m[35mPlacementManager[0m[1m[0m - [37mPlacement established | app=ImagePrediction | mapping={'EndService': 'outer_1', 'PredictorService': 'outer_2', 'TrainerService': 'outer_4'}[0m
[35m(RemoteSimulator pid=601542)[0m 17:15:18.189 | [1m[35mECLYPSE[0m | [1m[1m[35mSimulation[0m[1m[0m - [37mSimulation step | step=427[0m
[95m(outer_1 pid=601541)[0m 17:15:18.493 | [31m[1mERROR[0m | [1m[31m[1mEndService[0m[1m[0m - [31m[1mPrediction on image 1833 is incorrect.[0m
[95m(outer_1 pid=601541)[0m 17:15:18.916 | [32m[1mSUCCESS[0m | [1m[32m[1mEndService[0m[1m[0m - [32m[1mPrediction on image 8447 is correct.[0m
[35m(RemoteSimulator pid=601542)[0m 17:15:19.190 | [1m[35mECLYPSE[0m | [1m[1m[35mPlacementManager[0m[1m[0m - [37mPlacement established | app=ImagePrediction | mapping={'EndService': 'outer_1', 'PredictorService': 'outer_2', 'TrainerService': 'outer_4'}[0m
[35m(RemoteSimulator pid=601542)[0m 17:15:19.190 | [1m[35mECLYPSE[0m | [1m[1m[35mSimulation[0m[1m[0m - [37mSimulation step | step=428[0m
[95m(outer_1 pid=601541)[0m 17:15:19.356 | [32m[1mSUCCESS[0m | [1m[32m[1mEndService[0m[1m[0m - [32m[1mPrediction on image 3341 is correct.[0m
[95m(outer_1 pid=601541)[0m 17:15:19.782 | [32m[1mSUCCESS[0m | [1m[32m[1mEndService[0m[1m[0m - [32m[1mPrediction on image 811 is correct.[0m
[95m(outer_1 pid=601541)[0m 17:15:20.217 | [31m[1mERROR[0m | [1m[31m[1mEndService[0m[1m[0m - [31m[1mPrediction on image 2852 is incorrect.[0m
[35m(RemoteSimulator pid=601542)[0m 17:15:20.191 | [1m[35mECLYPSE[0m | [1m[1m[35mPlacementManager[0m[1m[0m - [37mPlacement established | app=ImagePrediction | mapping={'EndService': 'outer_1', 'PredictorService': 'outer_2', 'TrainerService': 'outer_4'}[0m
[35m(RemoteSimulator pid=601542)[0m 17:15:20.192 | [1m[35mECLYPSE[0m | [1m[1m[35mSimulation[0m[1m[0m - [37mSimulation step | step=429[0m
[95m(outer_1 pid=601541)[0m 17:15:20.642 | [32m[1mSUCCESS[0m | [1m[32m[1mEndService[0m[1m[0m - [32m[1mPrediction on image 5286 is correct.[0m
[95m(outer_1 pid=601541)[0m 17:15:21.116 | [32m[1mSUCCESS[0m | [1m[32m[1mEndService[0m[1m[0m - [32m[1mPrediction on image 3449 is correct.[0m
[35m(RemoteSimulator pid=601542)[0m 17:15:21.192 | [1m[35mECLYPSE[0m | [1m[1m[35mPlacementManager[0m[1m[0m - [37mPlacement established | app=ImagePrediction | mapping={'EndService': 'outer_1', 'PredictorService': 'outer_2', 'TrainerService': 'outer_4'}[0m
[35m(RemoteSimulator pid=601542)[0m 17:15:21.193 | [1m[35mECLYPSE[0m | [1m[1m[35mSimulation[0m[1m[0m - [37mSimulation step | step=430[0m
[95m(outer_1 pid=601541)[0m 17:15:21.541 | [32m[1mSUCCESS[0m | [1m[32m[1mEndService[0m[1m[0m - [32m[1mPrediction on image 4798 is correct.[0m
[94m(outer_2 pid=601540)[0m 17:15:21.899 | [33m[1mWARNING[0m | [1m[33m[1mPredictorService[0m[1m[0m - [33m[1mModel updated.[0m
[95m(outer_1 pid=601541)[0m 17:15:21.990 | [31m[1mERROR[0m | [1m[31m[1mEndService[0m[1m[0m - [31m[1mPrediction on image 1325 is incorrect.[0m
[95m(outer_1 pid=601541)[0m 17:15:22.189 | [31m[1mERROR[0m | [1m[31m[1mEndService[0m[1m[0m - [31m[1mPrediction on image 1393 is incorrect.[0m
[35m(RemoteSimulator pid=601542)[0m 17:15:22.196 | [1m[35mECLYPSE[0m | [1m[1m[35mPlacementManager[0m[1m[0m - [37mPlacement established | app=ImagePrediction | mapping={'EndService': 'outer_1', 'PredictorService': 'outer_2', 'TrainerService': 'outer_4'}[0m
[35m(RemoteSimulator pid=601542)[0m 17:15:22.196 | [1m[35mECLYPSE[0m | [1m[1m[35mSimulation[0m[1m[0m - [37mSimulation step | step=431[0m
[95m(outer_1 pid=601541)[0m 17:15:22.385 | [32m[1mSUCCESS[0m | [1m[32m[1mEndService[0m[1m[0m - [32m[1mPrediction on image 5256 is correct.[0m
[95m(outer_1 pid=601541)[0m 17:15:22.576 | [32m[1mSUCCESS[0m | [1m[32m[1mEndService[0m[1m[0m - [32m[1mPrediction on image 9859 is correct.[0m
[95m(outer_1 pid=601541)[0m 17:15:22.784 | [32m[1mSUCCESS[0m | [1m[32m[1mEndService[0m[1m[0m - [32m[1mPrediction on image 6377 is correct.[0m
[95m(outer_1 pid=601541)[0m 17:15:22.969 | [31m[1mERROR[0m | [1m[31m[1mEndService[0m[1m[0m - [31m[1mPrediction on image 7525 is incorrect.[0m
[95m(outer_1 pid=601541)[0m 17:15:23.176 | [31m[1mERROR[0m | [1m[31m[1mEndService[0m[1m[0m - [31m[1mPrediction on image 7306 is incorrect.[0m
[35m(RemoteSimulator pid=601542)[0m 17:15:23.197 | [1m[35mECLYPSE[0m | [1m[1m[35mPlacementManager[0m[1m[0m - [37mPlacement established | app=ImagePrediction | mapping={'EndService': 'outer_1', 'PredictorService': 'outer_2', 'TrainerService': 'outer_4'}[0m
[35m(RemoteSimulator pid=601542)[0m 17:15:23.197 | [1m[35mECLYPSE[0m | [1m[1m[35mSimulation[0m[1m[0m - [37mSimulation step | step=432[0m
[95m(outer_1 pid=601541)[0m 17:15:23.369 | [32m[1mSUCCESS[0m | [1m[32m[1mEndService[0m[1m[0m - [32m[1mPrediction on image 5438 is correct.[0m
[95m(outer_1 pid=601541)[0m 17:15:23.554 | [32m[1mSUCCESS[0m | [1m[32m[1mEndService[0m[1m[0m - [32m[1mPrediction on image 230 is correct.[0m
[95m(outer_1 pid=601541)[0m 17:15:23.777 | [31m[1mERROR[0m | [1m[31m[1mEndService[0m[1m[0m - [31m[1mPrediction on image 2035 is incorrect.[0m
[95m(outer_1 pid=601541)[0m 17:15:23.964 | [31m[1mERROR[0m | [1m[31m[1mEndService[0m[1m[0m - [31m[1mPrediction on image 775 is incorrect.[0m
[95m(outer_1 pid=601541)[0m 17:15:24.153 | [32m[1mSUCCESS[0m | [1m[32m[1mEndService[0m[1m[0m - [32m[1mPrediction on image 8237 is correct.[0m
[35m(RemoteSimulator pid=601542)[0m 17:15:24.198 | [1m[35mECLYPSE[0m | [1m[1m[35mPlacementManager[0m[1m[0m - [37mPlacement established | app=ImagePrediction | mapping={'EndService': 'outer_1', 'PredictorService': 'outer_2', 'TrainerService': 'outer_4'}[0m
[35m(RemoteSimulator pid=601542)[0m 17:15:24.199 | [1m[35mECLYPSE[0m | [1m[1m[35mSimulation[0m[1m[0m - [37mSimulation step | step=433[0m
[95m(outer_1 pid=601541)[0m 17:15:24.354 | [31m[1mERROR[0m | [1m[31m[1mEndService[0m[1m[0m - [31m[1mPrediction on image 4944 is incorrect.[0m
[95m(outer_1 pid=601541)[0m 17:15:24.543 | [31m[1mERROR[0m | [1m[31m[1mEndService[0m[1m[0m - [31m[1mPrediction on image 2241 is incorrect.[0m
[95m(outer_1 pid=601541)[0m 17:15:24.748 | [32m[1mSUCCESS[0m | [1m[32m[1mEndService[0m[1m[0m - [32m[1mPrediction on image 5671 is correct.[0m
[95m(outer_1 pid=601541)[0m 17:15:24.942 | [32m[1mSUCCESS[0m | [1m[32m[1mEndService[0m[1m[0m - [32m[1mPrediction on image 9157 is correct.[0m
[95m(outer_1 pid=601541)[0m 17:15:25.135 | [32m[1mSUCCESS[0m | [1m[32m[1mEndService[0m[1m[0m - [32m[1mPrediction on image 1306 is correct.[0m
[35m(RemoteSimulator pid=601542)[0m 17:15:25.199 | [1m[35mECLYPSE[0m | [1m[1m[35mPlacementManager[0m[1m[0m - [37mPlacement established | app=ImagePrediction | mapping={'EndService': 'outer_1', 'PredictorService': 'outer_2', 'TrainerService': 'outer_4'}[0m
[35m(RemoteSimulator pid=601542)[0m 17:15:25.200 | [1m[35mECLYPSE[0m | [1m[1m[35mSimulation[0m[1m[0m - [37mSimulation step | step=434[0m
[95m(outer_1 pid=601541)[0m 17:15:25.324 | [32m[1mSUCCESS[0m | [1m[32m[1mEndService[0m[1m[0m - [32m[1mPrediction on image 6468 is correct.[0m
[95m(outer_1 pid=601541)[0m 17:15:25.514 | [32m[1mSUCCESS[0m | [1m[32m[1mEndService[0m[1m[0m - [32m[1mPrediction on image 9471 is correct.[0m
[95m(outer_1 pid=601541)[0m 17:15:25.700 | [31m[1mERROR[0m | [1m[31m[1mEndService[0m[1m[0m - [31m[1mPrediction on image 8553 is incorrect.[0m
[95m(outer_1 pid=601541)[0m 17:15:25.890 | [32m[1mSUCCESS[0m | [1m[32m[1mEndService[0m[1m[0m - [32m[1mPrediction on image 8626 is correct.[0m
[95m(outer_1 pid=601541)[0m 17:15:26.081 | [32m[1mSUCCESS[0m | [1m[32m[1mEndService[0m[1m[0m - [32m[1mPrediction on image 9363 is correct.[0m
[95m(outer_1 pid=601541)[0m 17:15:26.280 | [31m[1mERROR[0m | [1m[31m[1mEndService[0m[1m[0m - [31m[1mPrediction on image 5382 is incorrect.[0m
[35m(RemoteSimulator pid=601542)[0m 17:15:26.200 | [1m[35mECLYPSE[0m | [1m[1m[35mPlacementManager[0m[1m[0m - [37mPlacement established | app=ImagePrediction | mapping={'EndService': 'outer_1', 'PredictorService': 'outer_2', 'TrainerService': 'outer_4'}[0m
[35m(RemoteSimulator pid=601542)[0m 17:15:26.201 | [1m[35mECLYPSE[0m | [1m[1m[35mSimulation[0m[1m[0m - [37mSimulation step | step=435[0m
[95m(outer_1 pid=601541)[0m 17:15:26.471 | [32m[1mSUCCESS[0m | [1m[32m[1mEndService[0m[1m[0m - [32m[1mPrediction on image 416 is correct.[0m
[95m(outer_1 pid=601541)[0m 17:15:26.673 | [32m[1mSUCCESS[0m | [1m[32m[1mEndService[0m[1m[0m - [32m[1mPrediction on image 786 is correct.[0m
[95m(outer_1 pid=601541)[0m 17:15:26.869 | [32m[1mSUCCESS[0m | [1m[32m[1mEndService[0m[1m[0m - [32m[1mPrediction on image 1487 is correct.[0m
[95m(outer_1 pid=601541)[0m 17:15:27.061 | [32m[1mSUCCESS[0m | [1m[32m[1mEndService[0m[1m[0m - [32m[1mPrediction on image 5145 is correct.[0m
[35m(RemoteSimulator pid=601542)[0m 17:15:27.202 | [1m[35mECLYPSE[0m | [1m[1m[35mPlacementManager[0m[1m[0m - [37mPlacement established | app=ImagePrediction | mapping={'EndService': 'outer_1', 'PredictorService': 'outer_2', 'TrainerService': 'outer_4'}[0m
[35m(RemoteSimulator pid=601542)[0m 17:15:27.203 | [1m[35mECLYPSE[0m | [1m[1m[35mSimulation[0m[1m[0m - [37mSimulation step | step=436[0m
[95m(outer_1 pid=601541)[0m 17:15:27.257 | [31m[1mERROR[0m | [1m[31m[1mEndService[0m[1m[0m - [31m[1mPrediction on image 5998 is incorrect.[0m
[95m(outer_1 pid=601541)[0m 17:15:27.444 | [31m[1mERROR[0m | [1m[31m[1mEndService[0m[1m[0m - [31m[1mPrediction on image 8182 is incorrect.[0m
[95m(outer_1 pid=601541)[0m 17:15:27.633 | [31m[1mERROR[0m | [1m[31m[1mEndService[0m[1m[0m - [31m[1mPrediction on image 9028 is incorrect.[0m
[95m(outer_1 pid=601541)[0m 17:15:28.075 | [32m[1mSUCCESS[0m | [1m[32m[1mEndService[0m[1m[0m - [32m[1mPrediction on image 6116 is correct.[0m
[35m(RemoteSimulator pid=601542)[0m 17:15:28.205 | [1m[35mECLYPSE[0m | [1m[1m[35mPlacementManager[0m[1m[0m - [37mPlacement established | app=ImagePrediction | mapping={'EndService': 'outer_1', 'PredictorService': 'outer_2', 'TrainerService': 'outer_4'}[0m
[35m(RemoteSimulator pid=601542)[0m 17:15:28.206 | [1m[35mECLYPSE[0m | [1m[1m[35mSimulation[0m[1m[0m - [37mSimulation step | step=437[0m
[95m(outer_1 pid=601541)[0m 17:15:28.516 | [31m[1mERROR[0m | [1m[31m[1mEndService[0m[1m[0m - [31m[1mPrediction on image 1105 is incorrect.[0m
[95m(outer_1 pid=601541)[0m 17:15:28.947 | [32m[1mSUCCESS[0m | [1m[32m[1mEndService[0m[1m[0m - [32m[1mPrediction on image 4221 is correct.[0m
[35m(RemoteSimulator pid=601542)[0m 17:15:29.207 | [1m[35mECLYPSE[0m | [1m[1m[35mPlacementManager[0m[1m[0m - [37mPlacement established | app=ImagePrediction | mapping={'EndService': 'outer_1', 'PredictorService': 'outer_2', 'TrainerService': 'outer_4'}[0m
[35m(RemoteSimulator pid=601542)[0m 17:15:29.207 | [1m[35mECLYPSE[0m | [1m[1m[35mSimulation[0m[1m[0m - [37mSimulation step | step=438[0m
[95m(outer_1 pid=601541)[0m 17:15:29.378 | [32m[1mSUCCESS[0m | [1m[32m[1mEndService[0m[1m[0m - [32m[1mPrediction on image 90 is correct.[0m
[95m(outer_1 pid=601541)[0m 17:15:29.801 | [31m[1mERROR[0m | [1m[31m[1mEndService[0m[1m[0m - [31m[1mPrediction on image 4820 is incorrect.[0m
[95m(outer_1 pid=601541)[0m 17:15:30.222 | [32m[1mSUCCESS[0m | [1m[32m[1mEndService[0m[1m[0m - [32m[1mPrediction on image 3639 is correct.[0m
[35m(RemoteSimulator pid=601542)[0m 17:15:30.208 | [1m[35mECLYPSE[0m | [1m[1m[35mPlacementManager[0m[1m[0m - [37mPlacement established | app=ImagePrediction | mapping={'EndService': 'outer_1', 'PredictorService': 'outer_2', 'TrainerService': 'outer_4'}[0m
[35m(RemoteSimulator pid=601542)[0m 17:15:30.208 | [1m[35mECLYPSE[0m | [1m[1m[35mSimulation[0m[1m[0m - [37mSimulation step | step=439[0m
[95m(outer_1 pid=601541)[0m 17:15:30.640 | [32m[1mSUCCESS[0m | [1m[32m[1mEndService[0m[1m[0m - [32m[1mPrediction on image 8479 is correct.[0m
[95m(outer_1 pid=601541)[0m 17:15:31.114 | [31m[1mERROR[0m | [1m[31m[1mEndService[0m[1m[0m - [31m[1mPrediction on image 635 is incorrect.[0m
[35m(RemoteSimulator pid=601542)[0m 17:15:31.209 | [1m[35mECLYPSE[0m | [1m[1m[35mPlacementManager[0m[1m[0m - [37mPlacement established | app=ImagePrediction | mapping={'EndService': 'outer_1', 'PredictorService': 'outer_2', 'TrainerService': 'outer_4'}[0m
[35m(RemoteSimulator pid=601542)[0m 17:15:31.209 | [1m[35mECLYPSE[0m | [1m[1m[35mSimulation[0m[1m[0m - [37mSimulation step | step=440[0m
[95m(outer_1 pid=601541)[0m 17:15:31.551 | [32m[1mSUCCESS[0m | [1m[32m[1mEndService[0m[1m[0m - [32m[1mPrediction on image 7427 is correct.[0m
[95m(outer_1 pid=601541)[0m 17:15:31.999 | [32m[1mSUCCESS[0m | [1m[32m[1mEndService[0m[1m[0m - [32m[1mPrediction on image 1832 is correct.[0m
[35m(RemoteSimulator pid=601542)[0m 17:15:32.210 | [1m[35mECLYPSE[0m | [1m[1m[35mPlacementManager[0m[1m[0m - [37mPlacement established | app=ImagePrediction | mapping={'EndService': 'outer_1', 'PredictorService': 'outer_2', 'TrainerService': 'outer_4'}[0m
[35m(RemoteSimulator pid=601542)[0m 17:15:32.210 | [1m[35mECLYPSE[0m | [1m[1m[35mSimulation[0m[1m[0m - [37mSimulation step | step=441[0m
[95m(outer_1 pid=601541)[0m 17:15:32.419 | [32m[1mSUCCESS[0m | [1m[32m[1mEndService[0m[1m[0m - [32m[1mPrediction on image 7350 is correct.[0m
[95m(outer_1 pid=601541)[0m 17:15:32.856 | [31m[1mERROR[0m | [1m[31m[1mEndService[0m[1m[0m - [31m[1mPrediction on image 7756 is incorrect.[0m
[35m(RemoteSimulator pid=601542)[0m 17:15:33.211 | [1m[35mECLYPSE[0m | [1m[1m[35mPlacementManager[0m[1m[0m - [37mPlacement established | app=ImagePrediction | mapping={'EndService': 'outer_1', 'PredictorService': 'outer_2', 'TrainerService': 'outer_4'}[0m
[35m(RemoteSimulator pid=601542)[0m 17:15:33.212 | [1m[35mECLYPSE[0m | [1m[1m[35mSimulation[0m[1m[0m - [37mSimulation step | step=442[0m
[95m(outer_1 pid=601541)[0m 17:15:33.298 | [31m[1mERROR[0m | [1m[31m[1mEndService[0m[1m[0m - [31m[1mPrediction on image 8017 is incorrect.[0m
[95m(outer_1 pid=601541)[0m 17:15:33.718 | [32m[1mSUCCESS[0m | [1m[32m[1mEndService[0m[1m[0m - [32m[1mPrediction on image 7483 is correct.[0m
[95m(outer_1 pid=601541)[0m 17:15:34.190 | [31m[1mERROR[0m | [1m[31m[1mEndService[0m[1m[0m - [31m[1mPrediction on image 4323 is incorrect.[0m
[35m(RemoteSimulator pid=601542)[0m 17:15:34.213 | [1m[35mECLYPSE[0m | [1m[1m[35mPlacementManager[0m[1m[0m - [37mPlacement established | app=ImagePrediction | mapping={'EndService': 'outer_1', 'PredictorService': 'outer_2', 'TrainerService': 'outer_4'}[0m
[35m(RemoteSimulator pid=601542)[0m 17:15:34.213 | [1m[35mECLYPSE[0m | [1m[1m[35mSimulation[0m[1m[0m - [37mSimulation step | step=443[0m
[95m(outer_1 pid=601541)[0m 17:15:34.613 | [31m[1mERROR[0m | [1m[31m[1mEndService[0m[1m[0m - [31m[1mPrediction on image 4124 is incorrect.[0m
[95m(outer_1 pid=601541)[0m 17:15:35.059 | [31m[1mERROR[0m | [1m[31m[1mEndService[0m[1m[0m - [31m[1mPrediction on image 1741 is incorrect.[0m
[35m(RemoteSimulator pid=601542)[0m 17:15:35.214 | [1m[35mECLYPSE[0m | [1m[1m[35mPlacementManager[0m[1m[0m - [37mPlacement established | app=ImagePrediction | mapping={'EndService': 'outer_1', 'PredictorService': 'outer_2', 'TrainerService': 'outer_4'}[0m
[35m(RemoteSimulator pid=601542)[0m 17:15:35.214 | [1m[35mECLYPSE[0m | [1m[1m[35mSimulation[0m[1m[0m - [37mSimulation step | step=444[0m
[95m(outer_1 pid=601541)[0m 17:15:35.482 | [31m[1mERROR[0m | [1m[31m[1mEndService[0m[1m[0m - [31m[1mPrediction on image 6990 is incorrect.[0m
[95m(outer_1 pid=601541)[0m 17:15:35.926 | [32m[1mSUCCESS[0m | [1m[32m[1mEndService[0m[1m[0m - [32m[1mPrediction on image 9634 is correct.[0m
[35m(RemoteSimulator pid=601542)[0m 17:15:36.215 | [1m[35mECLYPSE[0m | [1m[1m[35mPlacementManager[0m[1m[0m - [37mPlacement established | app=ImagePrediction | mapping={'EndService': 'outer_1', 'PredictorService': 'outer_2', 'TrainerService': 'outer_4'}[0m
[35m(RemoteSimulator pid=601542)[0m 17:15:36.215 | [1m[35mECLYPSE[0m | [1m[1m[35mSimulation[0m[1m[0m - [37mSimulation step | step=445[0m
[95m(outer_1 pid=601541)[0m 17:15:36.384 | [32m[1mSUCCESS[0m | [1m[32m[1mEndService[0m[1m[0m - [32m[1mPrediction on image 4900 is correct.[0m
[95m(outer_1 pid=601541)[0m 17:15:36.807 | [31m[1mERROR[0m | [1m[31m[1mEndService[0m[1m[0m - [31m[1mPrediction on image 4302 is incorrect.[0m
[95m(outer_1 pid=601541)[0m 17:15:37.250 | [31m[1mERROR[0m | [1m[31m[1mEndService[0m[1m[0m - [31m[1mPrediction on image 4682 is incorrect.[0m
[35m(RemoteSimulator pid=601542)[0m 17:15:37.216 | [1m[35mECLYPSE[0m | [1m[1m[35mPlacementManager[0m[1m[0m - [37mPlacement established | app=ImagePrediction | mapping={'EndService': 'outer_1', 'PredictorService': 'outer_2', 'TrainerService': 'outer_4'}[0m
[35m(RemoteSimulator pid=601542)[0m 17:15:37.216 | [1m[35mECLYPSE[0m | [1m[1m[35mSimulation[0m[1m[0m - [37mSimulation step | step=446[0m
[95m(outer_1 pid=601541)[0m 17:15:37.675 | [31m[1mERROR[0m | [1m[31m[1mEndService[0m[1m[0m - [31m[1mPrediction on image 3848 is incorrect.[0m
[95m(outer_1 pid=601541)[0m 17:15:38.120 | [32m[1mSUCCESS[0m | [1m[32m[1mEndService[0m[1m[0m - [32m[1mPrediction on image 3016 is correct.[0m
[35m(RemoteSimulator pid=601542)[0m 17:15:38.217 | [1m[35mECLYPSE[0m | [1m[1m[35mPlacementManager[0m[1m[0m - [37mPlacement established | app=ImagePrediction | mapping={'EndService': 'outer_1', 'PredictorService': 'outer_2', 'TrainerService': 'outer_4'}[0m
[35m(RemoteSimulator pid=601542)[0m 17:15:38.217 | [1m[35mECLYPSE[0m | [1m[1m[35mSimulation[0m[1m[0m - [37mSimulation step | step=447[0m
[95m(outer_1 pid=601541)[0m 17:15:38.555 | [32m[1mSUCCESS[0m | [1m[32m[1mEndService[0m[1m[0m - [32m[1mPrediction on image 5549 is correct.[0m
[95m(outer_1 pid=601541)[0m 17:15:38.999 | [31m[1mERROR[0m | [1m[31m[1mEndService[0m[1m[0m - [31m[1mPrediction on image 4415 is incorrect.[0m
[35m(RemoteSimulator pid=601542)[0m 17:15:39.218 | [1m[35mECLYPSE[0m | [1m[1m[35mPlacementManager[0m[1m[0m - [37mPlacement established | app=ImagePrediction | mapping={'EndService': 'outer_1', 'PredictorService': 'outer_2', 'TrainerService': 'outer_4'}[0m
[35m(RemoteSimulator pid=601542)[0m 17:15:39.219 | [1m[35mECLYPSE[0m | [1m[1m[35mSimulation[0m[1m[0m - [37mSimulation step | step=448[0m
[95m(outer_1 pid=601541)[0m 17:15:39.425 | [32m[1mSUCCESS[0m | [1m[32m[1mEndService[0m[1m[0m - [32m[1mPrediction on image 9989 is correct.[0m
[95m(outer_1 pid=601541)[0m 17:15:39.843 | [32m[1mSUCCESS[0m | [1m[32m[1mEndService[0m[1m[0m - [32m[1mPrediction on image 5732 is correct.[0m
[35m(RemoteSimulator pid=601542)[0m 17:15:40.219 | [1m[35mECLYPSE[0m | [1m[1m[35mPlacementManager[0m[1m[0m - [37mPlacement established | app=ImagePrediction | mapping={'EndService': 'outer_1', 'PredictorService': 'outer_2', 'TrainerService': 'outer_4'}[0m
[35m(RemoteSimulator pid=601542)[0m 17:15:40.220 | [1m[35mECLYPSE[0m | [1m[1m[35mSimulation[0m[1m[0m - [37mSimulation step | step=449[0m
[95m(outer_1 pid=601541)[0m 17:15:40.277 | [32m[1mSUCCESS[0m | [1m[32m[1mEndService[0m[1m[0m - [32m[1mPrediction on image 6312 is correct.[0m
[95m(outer_1 pid=601541)[0m 17:15:40.700 | [31m[1mERROR[0m | [1m[31m[1mEndService[0m[1m[0m - [31m[1mPrediction on image 4660 is incorrect.[0m
[95m(outer_1 pid=601541)[0m 17:15:41.121 | [32m[1mSUCCESS[0m | [1m[32m[1mEndService[0m[1m[0m - [32m[1mPrediction on image 164 is correct.[0m
[35m(RemoteSimulator pid=601542)[0m 17:15:41.220 | [1m[35mECLYPSE[0m | [1m[1m[35mPlacementManager[0m[1m[0m - [37mPlacement established | app=ImagePrediction | mapping={'EndService': 'outer_1', 'PredictorService': 'outer_2', 'TrainerService': 'outer_4'}[0m
[35m(RemoteSimulator pid=601542)[0m 17:15:41.221 | [1m[35mECLYPSE[0m | [1m[1m[35mSimulation[0m[1m[0m - [37mSimulation step | step=450[0m
[95m(outer_1 pid=601541)[0m 17:15:41.551 | [32m[1mSUCCESS[0m | [1m[32m[1mEndService[0m[1m[0m - [32m[1mPrediction on image 8641 is correct.[0m
[95m(outer_1 pid=601541)[0m 17:15:41.975 | [32m[1mSUCCESS[0m | [1m[32m[1mEndService[0m[1m[0m - [32m[1mPrediction on image 459 is correct.[0m
[35m(RemoteSimulator pid=601542)[0m 17:15:42.222 | [1m[35mECLYPSE[0m | [1m[1m[35mPlacementManager[0m[1m[0m - [37mPlacement established | app=ImagePrediction | mapping={'EndService': 'outer_1', 'PredictorService': 'outer_2', 'TrainerService': 'outer_4'}[0m
[35m(RemoteSimulator pid=601542)[0m 17:15:42.222 | [1m[35mECLYPSE[0m | [1m[1m[35mSimulation[0m[1m[0m - [37mSimulation step | step=451[0m
[95m(outer_1 pid=601541)[0m 17:15:42.411 | [32m[1mSUCCESS[0m | [1m[32m[1mEndService[0m[1m[0m - [32m[1mPrediction on image 2335 is correct.[0m
[95m(outer_1 pid=601541)[0m 17:15:42.837 | [31m[1mERROR[0m | [1m[31m[1mEndService[0m[1m[0m - [31m[1mPrediction on image 549 is incorrect.[0m
[35m(RemoteSimulator pid=601542)[0m 17:15:43.224 | [1m[35mECLYPSE[0m | [1m[1m[35mPlacementManager[0m[1m[0m - [37mPlacement established | app=ImagePrediction | mapping={'EndService': 'outer_1', 'PredictorService': 'outer_2', 'TrainerService': 'outer_4'}[0m
[35m(RemoteSimulator pid=601542)[0m 17:15:43.225 | [1m[35mECLYPSE[0m | [1m[1m[35mSimulation[0m[1m[0m - [37mSimulation step | step=452[0m
[95m(outer_1 pid=601541)[0m 17:15:43.310 | [31m[1mERROR[0m | [1m[31m[1mEndService[0m[1m[0m - [31m[1mPrediction on image 4152 is incorrect.[0m
[95m(outer_1 pid=601541)[0m 17:15:43.729 | [31m[1mERROR[0m | [1m[31m[1mEndService[0m[1m[0m - [31m[1mPrediction on image 3556 is incorrect.[0m
[95m(outer_1 pid=601541)[0m 17:15:44.177 | [32m[1mSUCCESS[0m | [1m[32m[1mEndService[0m[1m[0m - [32m[1mPrediction on image 8765 is correct.[0m
[35m(RemoteSimulator pid=601542)[0m 17:15:44.225 | [1m[35mECLYPSE[0m | [1m[1m[35mPlacementManager[0m[1m[0m - [37mPlacement established | app=ImagePrediction | mapping={'EndService': 'outer_1', 'PredictorService': 'outer_2', 'TrainerService': 'outer_4'}[0m
[35m(RemoteSimulator pid=601542)[0m 17:15:44.226 | [1m[35mECLYPSE[0m | [1m[1m[35mSimulation[0m[1m[0m - [37mSimulation step | step=453[0m
[95m(outer_1 pid=601541)[0m 17:15:44.604 | [32m[1mSUCCESS[0m | [1m[32m[1mEndService[0m[1m[0m - [32m[1mPrediction on image 7413 is correct.[0m
[95m(outer_1 pid=601541)[0m 17:15:45.143 | [32m[1mSUCCESS[0m | [1m[32m[1mEndService[0m[1m[0m - [32m[1mPrediction on image 5708 is correct.[0m
[35m(RemoteSimulator pid=601542)[0m 17:15:45.227 | [1m[35mECLYPSE[0m | [1m[1m[35mPlacementManager[0m[1m[0m - [37mPlacement established | app=ImagePrediction | mapping={'EndService': 'outer_1', 'PredictorService': 'outer_2', 'TrainerService': 'outer_4'}[0m
[35m(RemoteSimulator pid=601542)[0m 17:15:45.227 | [1m[35mECLYPSE[0m | [1m[1m[35mSimulation[0m[1m[0m - [37mSimulation step | step=454[0m
[95m(outer_1 pid=601541)[0m 17:15:45.643 | [32m[1mSUCCESS[0m | [1m[32m[1mEndService[0m[1m[0m - [32m[1mPrediction on image 4580 is correct.[0m
[95m(outer_1 pid=601541)[0m 17:15:46.183 | [31m[1mERROR[0m | [1m[31m[1mEndService[0m[1m[0m - [31m[1mPrediction on image 2430 is incorrect.[0m
[35m(RemoteSimulator pid=601542)[0m 17:15:46.228 | [1m[35mECLYPSE[0m | [1m[1m[35mPlacementManager[0m[1m[0m - [37mPlacement established | app=ImagePrediction | mapping={'EndService': 'outer_1', 'PredictorService': 'outer_2', 'TrainerService': 'outer_4'}[0m
[35m(RemoteSimulator pid=601542)[0m 17:15:46.228 | [1m[35mECLYPSE[0m | [1m[1m[35mSimulation[0m[1m[0m - [37mSimulation step | step=455[0m
[95m(outer_1 pid=601541)[0m 17:15:46.724 | [32m[1mSUCCESS[0m | [1m[32m[1mEndService[0m[1m[0m - [32m[1mPrediction on image 1557 is correct.[0m
[35m(RemoteSimulator pid=601542)[0m 17:15:47.230 | [1m[35mECLYPSE[0m | [1m[1m[35mPlacementManager[0m[1m[0m - [37mPlacement established | app=ImagePrediction | mapping={'EndService': 'outer_1', 'PredictorService': 'outer_2', 'TrainerService': 'outer_4'}[0m
[35m(RemoteSimulator pid=601542)[0m 17:15:47.231 | [1m[35mECLYPSE[0m | [1m[1m[35mSimulation[0m[1m[0m - [37mSimulation step | step=456[0m
[95m(outer_1 pid=601541)[0m 17:15:47.333 | [32m[1mSUCCESS[0m | [1m[32m[1mEndService[0m[1m[0m - [32m[1mPrediction on image 8921 is correct.[0m
[95m(outer_1 pid=601541)[0m 17:15:47.940 | [32m[1mSUCCESS[0m | [1m[32m[1mEndService[0m[1m[0m - [32m[1mPrediction on image 6736 is correct.[0m
[35m(RemoteSimulator pid=601542)[0m 17:15:48.232 | [1m[35mECLYPSE[0m | [1m[1m[35mPlacementManager[0m[1m[0m - [37mPlacement established | app=ImagePrediction | mapping={'EndService': 'outer_1', 'PredictorService': 'outer_2', 'TrainerService': 'outer_4'}[0m
[35m(RemoteSimulator pid=601542)[0m 17:15:48.232 | [1m[35mECLYPSE[0m | [1m[1m[35mSimulation[0m[1m[0m - [37mSimulation step | step=457[0m
[95m(outer_1 pid=601541)[0m 17:15:48.559 | [32m[1mSUCCESS[0m | [1m[32m[1mEndService[0m[1m[0m - [32m[1mPrediction on image 8736 is correct.[0m
[95m(outer_1 pid=601541)[0m 17:15:49.226 | [32m[1mSUCCESS[0m | [1m[32m[1mEndService[0m[1m[0m - [32m[1mPrediction on image 9599 is correct.[0m
[35m(RemoteSimulator pid=601542)[0m 17:15:49.235 | [1m[35mECLYPSE[0m | [1m[1m[35mPlacementManager[0m[1m[0m - [37mPlacement established | app=ImagePrediction | mapping={'EndService': 'outer_1', 'PredictorService': 'outer_2', 'TrainerService': 'outer_4'}[0m
[35m(RemoteSimulator pid=601542)[0m 17:15:49.236 | [1m[35mECLYPSE[0m | [1m[1m[35mSimulation[0m[1m[0m - [37mSimulation step | step=458[0m
[95m(outer_1 pid=601541)[0m 17:15:49.886 | [32m[1mSUCCESS[0m | [1m[32m[1mEndService[0m[1m[0m - [32m[1mPrediction on image 3557 is correct.[0m
[35m(RemoteSimulator pid=601542)[0m 17:15:50.237 | [1m[35mECLYPSE[0m | [1m[1m[35mPlacementManager[0m[1m[0m - [37mPlacement established | app=ImagePrediction | mapping={'EndService': 'outer_1', 'PredictorService': 'outer_2', 'TrainerService': 'outer_4'}[0m
[35m(RemoteSimulator pid=601542)[0m 17:15:50.237 | [1m[35mECLYPSE[0m | [1m[1m[35mSimulation[0m[1m[0m - [37mSimulation step | step=459[0m
[95m(outer_1 pid=601541)[0m 17:15:50.579 | [31m[1mERROR[0m | [1m[31m[1mEndService[0m[1m[0m - [31m[1mPrediction on image 1015 is incorrect.[0m
[35m(RemoteSimulator pid=601542)[0m 17:15:51.238 | [1m[35mECLYPSE[0m | [1m[1m[35mPlacementManager[0m[1m[0m - [37mPlacement established | app=ImagePrediction | mapping={'EndService': 'outer_1', 'PredictorService': 'outer_2', 'TrainerService': 'outer_4'}[0m
[35m(RemoteSimulator pid=601542)[0m 17:15:51.238 | [1m[35mECLYPSE[0m | [1m[1m[35mSimulation[0m[1m[0m - [37mSimulation step | step=460[0m
[95m(outer_1 pid=601541)[0m 17:15:51.317 | [31m[1mERROR[0m | [1m[31m[1mEndService[0m[1m[0m - [31m[1mPrediction on image 5338 is incorrect.[0m
[95m(outer_1 pid=601541)[0m 17:15:52.080 | [31m[1mERROR[0m | [1m[31m[1mEndService[0m[1m[0m - [31m[1mPrediction on image 8290 is incorrect.[0m
[35m(RemoteSimulator pid=601542)[0m 17:15:52.239 | [1m[35mECLYPSE[0m | [1m[1m[35mPlacementManager[0m[1m[0m - [37mPlacement established | app=ImagePrediction | mapping={'EndService': 'outer_1', 'PredictorService': 'outer_2', 'TrainerService': 'outer_4'}[0m
[35m(RemoteSimulator pid=601542)[0m 17:15:52.239 | [1m[35mECLYPSE[0m | [1m[1m[35mSimulation[0m[1m[0m - [37mSimulation step | step=461[0m
[95m(outer_1 pid=601541)[0m 17:15:52.851 | [31m[1mERROR[0m | [1m[31m[1mEndService[0m[1m[0m - [31m[1mPrediction on image 2516 is incorrect.[0m
[35m(RemoteSimulator pid=601542)[0m 17:15:53.240 | [1m[35mECLYPSE[0m | [1m[1m[35mPlacementManager[0m[1m[0m - [37mPlacement established | app=ImagePrediction | mapping={'EndService': 'outer_1', 'PredictorService': 'outer_2', 'TrainerService': 'outer_4'}[0m
[35m(RemoteSimulator pid=601542)[0m 17:15:53.240 | [1m[35mECLYPSE[0m | [1m[1m[35mSimulation[0m[1m[0m - [37mSimulation step | step=462[0m
[95m(outer_1 pid=601541)[0m 17:15:53.659 | [32m[1mSUCCESS[0m | [1m[32m[1mEndService[0m[1m[0m - [32m[1mPrediction on image 56 is correct.[0m
[35m(RemoteSimulator pid=601542)[0m 17:15:54.241 | [1m[35mECLYPSE[0m | [1m[1m[35mPlacementManager[0m[1m[0m - [37mPlacement established | app=ImagePrediction | mapping={'EndService': 'outer_1', 'PredictorService': 'outer_2', 'TrainerService': 'outer_4'}[0m
[35m(RemoteSimulator pid=601542)[0m 17:15:54.241 | [1m[35mECLYPSE[0m | [1m[1m[35mSimulation[0m[1m[0m - [37mSimulation step | step=463[0m
[95m(outer_1 pid=601541)[0m 17:15:54.516 | [32m[1mSUCCESS[0m | [1m[32m[1mEndService[0m[1m[0m - [32m[1mPrediction on image 742 is correct.[0m
[35m(RemoteSimulator pid=601542)[0m 17:15:55.242 | [1m[35mECLYPSE[0m | [1m[1m[35mPlacementManager[0m[1m[0m - [37mPlacement established | app=ImagePrediction | mapping={'EndService': 'outer_1', 'PredictorService': 'outer_2', 'TrainerService': 'outer_4'}[0m
[35m(RemoteSimulator pid=601542)[0m 17:15:55.242 | [1m[35mECLYPSE[0m | [1m[1m[35mSimulation[0m[1m[0m - [37mSimulation step | step=464[0m
[95m(outer_1 pid=601541)[0m 17:15:55.403 | [32m[1mSUCCESS[0m | [1m[32m[1mEndService[0m[1m[0m - [32m[1mPrediction on image 5746 is correct.[0m
[35m(RemoteSimulator pid=601542)[0m 17:15:56.243 | [1m[35mECLYPSE[0m | [1m[1m[35mPlacementManager[0m[1m[0m - [37mPlacement established | app=ImagePrediction | mapping={'EndService': 'outer_1', 'PredictorService': 'outer_2', 'TrainerService': 'outer_4'}[0m
[35m(RemoteSimulator pid=601542)[0m 17:15:56.244 | [1m[35mECLYPSE[0m | [1m[1m[35mSimulation[0m[1m[0m - [37mSimulation step | step=465[0m
[95m(outer_1 pid=601541)[0m 17:15:56.309 | [32m[1mSUCCESS[0m | [1m[32m[1mEndService[0m[1m[0m - [32m[1mPrediction on image 227 is correct.[0m
[95m(outer_1 pid=601541)[0m 17:15:57.276 | [32m[1mSUCCESS[0m | [1m[32m[1mEndService[0m[1m[0m - [32m[1mPrediction on image 1536 is correct.[0m
[35m(RemoteSimulator pid=601542)[0m 17:15:57.244 | [1m[35mECLYPSE[0m | [1m[1m[35mPlacementManager[0m[1m[0m - [37mPlacement established | app=ImagePrediction | mapping={'EndService': 'outer_1', 'PredictorService': 'outer_2', 'TrainerService': 'outer_4'}[0m
[35m(RemoteSimulator pid=601542)[0m 17:15:57.245 | [1m[35mECLYPSE[0m | [1m[1m[35mSimulation[0m[1m[0m - [37mSimulation step | step=466[0m
[95m(outer_1 pid=601541)[0m 17:15:58.253 | [32m[1mSUCCESS[0m | [1m[32m[1mEndService[0m[1m[0m - [32m[1mPrediction on image 6380 is correct.[0m
[35m(RemoteSimulator pid=601542)[0m 17:15:58.246 | [1m[35mECLYPSE[0m | [1m[1m[35mPlacementManager[0m[1m[0m - [37mPlacement established | app=ImagePrediction | mapping={'EndService': 'outer_1', 'PredictorService': 'outer_2', 'TrainerService': 'outer_4'}[0m
[35m(RemoteSimulator pid=601542)[0m 17:15:58.246 | [1m[35mECLYPSE[0m | [1m[1m[35mSimulation[0m[1m[0m - [37mSimulation step | step=467[0m
[95m(outer_1 pid=601541)[0m 17:15:59.270 | [32m[1mSUCCESS[0m | [1m[32m[1mEndService[0m[1m[0m - [32m[1mPrediction on image 7484 is correct.[0m
[35m(RemoteSimulator pid=601542)[0m 17:15:59.247 | [1m[35mECLYPSE[0m | [1m[1m[35mPlacementManager[0m[1m[0m - [37mPlacement established | app=ImagePrediction | mapping={'EndService': 'outer_1', 'PredictorService': 'outer_2', 'TrainerService': 'outer_4'}[0m
[35m(RemoteSimulator pid=601542)[0m 17:15:59.247 | [1m[35mECLYPSE[0m | [1m[1m[35mSimulation[0m[1m[0m - [37mSimulation step | step=468[0m
[95m(outer_1 pid=601541)[0m 17:16:00.322 | [32m[1mSUCCESS[0m | [1m[32m[1mEndService[0m[1m[0m - [32m[1mPrediction on image 3508 is correct.[0m
[35m(RemoteSimulator pid=601542)[0m 17:16:00.248 | [1m[35mECLYPSE[0m | [1m[1m[35mPlacementManager[0m[1m[0m - [37mPlacement established | app=ImagePrediction | mapping={'EndService': 'outer_1', 'PredictorService': 'outer_2', 'TrainerService': 'outer_4'}[0m
[35m(RemoteSimulator pid=601542)[0m 17:16:00.248 | [1m[35mECLYPSE[0m | [1m[1m[35mSimulation[0m[1m[0m - [37mSimulation step | step=469[0m
[35m(RemoteSimulator pid=601542)[0m 17:16:01.249 | [1m[35mECLYPSE[0m | [1m[1m[35mPlacementManager[0m[1m[0m - [37mPlacement established | app=ImagePrediction | mapping={'EndService': 'outer_1', 'PredictorService': 'outer_2', 'TrainerService': 'outer_4'}[0m
[35m(RemoteSimulator pid=601542)[0m 17:16:01.250 | [1m[35mECLYPSE[0m | [1m[1m[35mSimulation[0m[1m[0m - [37mSimulation step | step=470[0m
[95m(outer_1 pid=601541)[0m 17:16:01.415 | [32m[1mSUCCESS[0m | [1m[32m[1mEndService[0m[1m[0m - [32m[1mPrediction on image 1048 is correct.[0m
[35m(RemoteSimulator pid=601542)[0m 17:16:02.251 | [1m[35mECLYPSE[0m | [1m[1m[35mPlacementManager[0m[1m[0m - [37mPlacement established | app=ImagePrediction | mapping={'EndService': 'outer_1', 'PredictorService': 'outer_2', 'TrainerService': 'outer_4'}[0m
[35m(RemoteSimulator pid=601542)[0m 17:16:02.251 | [1m[35mECLYPSE[0m | [1m[1m[35mSimulation[0m[1m[0m - [37mSimulation step | step=471[0m
[95m(outer_1 pid=601541)[0m 17:16:02.541 | [32m[1mSUCCESS[0m | [1m[32m[1mEndService[0m[1m[0m - [32m[1mPrediction on image 4947 is correct.[0m
[35m(RemoteSimulator pid=601542)[0m 17:16:03.252 | [1m[35mECLYPSE[0m | [1m[1m[35mPlacementManager[0m[1m[0m - [37mPlacement established | app=ImagePrediction | mapping={'EndService': 'outer_1', 'PredictorService': 'outer_2', 'TrainerService': 'outer_4'}[0m
[35m(RemoteSimulator pid=601542)[0m 17:16:03.253 | [1m[35mECLYPSE[0m | [1m[1m[35mSimulation[0m[1m[0m - [37mSimulation step | step=472[0m
[95m(outer_1 pid=601541)[0m 17:16:03.732 | [32m[1mSUCCESS[0m | [1m[32m[1mEndService[0m[1m[0m - [32m[1mPrediction on image 3637 is correct.[0m
[35m(RemoteSimulator pid=601542)[0m 17:16:04.253 | [1m[35mECLYPSE[0m | [1m[1m[35mPlacementManager[0m[1m[0m - [37mPlacement established | app=ImagePrediction | mapping={'EndService': 'outer_1', 'PredictorService': 'outer_2', 'TrainerService': 'outer_4'}[0m
[35m(RemoteSimulator pid=601542)[0m 17:16:04.254 | [1m[35mECLYPSE[0m | [1m[1m[35mSimulation[0m[1m[0m - [37mSimulation step | step=473[0m
[95m(outer_1 pid=601541)[0m 17:16:04.945 | [32m[1mSUCCESS[0m | [1m[32m[1mEndService[0m[1m[0m - [32m[1mPrediction on image 1614 is correct.[0m
[35m(RemoteSimulator pid=601542)[0m 17:16:05.255 | [1m[35mECLYPSE[0m | [1m[1m[35mPlacementManager[0m[1m[0m - [37mPlacement established | app=ImagePrediction | mapping={'EndService': 'outer_1', 'PredictorService': 'outer_2', 'TrainerService': 'outer_4'}[0m
[35m(RemoteSimulator pid=601542)[0m 17:16:05.255 | [1m[35mECLYPSE[0m | [1m[1m[35mSimulation[0m[1m[0m - [37mSimulation step | step=474[0m
[95m(outer_1 pid=601541)[0m 17:16:06.189 | [31m[1mERROR[0m | [1m[31m[1mEndService[0m[1m[0m - [31m[1mPrediction on image 952 is incorrect.[0m
[35m(RemoteSimulator pid=601542)[0m 17:16:06.256 | [1m[35mECLYPSE[0m | [1m[1m[35mPlacementManager[0m[1m[0m - [37mPlacement established | app=ImagePrediction | mapping={'EndService': 'outer_1', 'PredictorService': 'outer_2', 'TrainerService': 'outer_4'}[0m
[35m(RemoteSimulator pid=601542)[0m 17:16:06.257 | [1m[35mECLYPSE[0m | [1m[1m[35mSimulation[0m[1m[0m - [37mSimulation step | step=475[0m
[95m(outer_1 pid=601541)[0m 17:16:07.261 | [33m[1mWARNING[0m | [1m[33m[1mEndService[0m[1m[0m - [33m[1mNo images were processed[0m
[35m(RemoteSimulator pid=601542)[0m 17:16:07.257 | [1m[35mECLYPSE[0m | [1m[1m[35mPlacementManager[0m[1m[0m - [37mPlacement established | app=ImagePrediction | mapping={'EndService': 'outer_1', 'PredictorService': 'outer_2', 'TrainerService': 'outer_4'}[0m
[35m(RemoteSimulator pid=601542)[0m 17:16:07.258 | [1m[35mECLYPSE[0m | [1m[1m[35mSimulation[0m[1m[0m - [37mSimulation step | step=476[0m
[95m(outer_1 pid=601541)[0m 17:16:07.522 | [32m[1mSUCCESS[0m | [1m[32m[1mEndService[0m[1m[0m - [32m[1mPrediction on image 2727 is correct.[0m
[35m(RemoteSimulator pid=601542)[0m 17:16:08.259 | [1m[35mECLYPSE[0m | [1m[1m[35mPlacementManager[0m[1m[0m - [37mPlacement established | app=ImagePrediction | mapping={'EndService': 'outer_1', 'PredictorService': 'outer_2', 'TrainerService': 'outer_4'}[0m
[35m(RemoteSimulator pid=601542)[0m 17:16:08.259 | [1m[35mECLYPSE[0m | [1m[1m[35mSimulation[0m[1m[0m - [37mSimulation step | step=477[0m
[95m(outer_1 pid=601541)[0m 17:16:08.876 | [31m[1mERROR[0m | [1m[31m[1mEndService[0m[1m[0m - [31m[1mPrediction on image 2544 is incorrect.[0m
[35m(RemoteSimulator pid=601542)[0m 17:16:09.260 | [1m[35mECLYPSE[0m | [1m[1m[35mPlacementManager[0m[1m[0m - [37mPlacement established | app=ImagePrediction | mapping={'EndService': 'outer_1', 'PredictorService': 'outer_2', 'TrainerService': 'outer_4'}[0m
[35m(RemoteSimulator pid=601542)[0m 17:16:09.261 | [1m[35mECLYPSE[0m | [1m[1m[35mSimulation[0m[1m[0m - [37mSimulation step | step=478[0m
[95m(outer_1 pid=601541)[0m 17:16:10.259 | [32m[1mSUCCESS[0m | [1m[32m[1mEndService[0m[1m[0m - [32m[1mPrediction on image 6152 is correct.[0m
[35m(RemoteSimulator pid=601542)[0m 17:16:10.263 | [1m[35mECLYPSE[0m | [1m[1m[35mPlacementManager[0m[1m[0m - [37mPlacement established | app=ImagePrediction | mapping={'EndService': 'outer_1', 'PredictorService': 'outer_2', 'TrainerService': 'outer_4'}[0m
[35m(RemoteSimulator pid=601542)[0m 17:16:10.264 | [1m[35mECLYPSE[0m | [1m[1m[35mSimulation[0m[1m[0m - [37mSimulation step | step=479[0m
[95m(outer_1 pid=601541)[0m 17:16:11.269 | [33m[1mWARNING[0m | [1m[33m[1mEndService[0m[1m[0m - [33m[1mNo images were processed[0m
[35m(RemoteSimulator pid=601542)[0m 17:16:11.265 | [1m[35mECLYPSE[0m | [1m[1m[35mPlacementManager[0m[1m[0m - [37mPlacement established | app=ImagePrediction | mapping={'EndService': 'outer_1', 'PredictorService': 'outer_2', 'TrainerService': 'outer_4'}[0m
[35m(RemoteSimulator pid=601542)[0m 17:16:11.266 | [1m[35mECLYPSE[0m | [1m[1m[35mSimulation[0m[1m[0m - [37mSimulation step | step=480[0m
[95m(outer_1 pid=601541)[0m 17:16:11.711 | [32m[1mSUCCESS[0m | [1m[32m[1mEndService[0m[1m[0m - [32m[1mPrediction on image 4229 is correct.[0m
[35m(RemoteSimulator pid=601542)[0m 17:16:12.267 | [1m[35mECLYPSE[0m | [1m[1m[35mPlacementManager[0m[1m[0m - [37mPlacement established | app=ImagePrediction | mapping={'EndService': 'outer_1', 'PredictorService': 'outer_2', 'TrainerService': 'outer_4'}[0m
[35m(RemoteSimulator pid=601542)[0m 17:16:12.267 | [1m[35mECLYPSE[0m | [1m[1m[35mSimulation[0m[1m[0m - [37mSimulation step | step=481[0m
[95m(outer_1 pid=601541)[0m 17:16:13.217 | [32m[1mSUCCESS[0m | [1m[32m[1mEndService[0m[1m[0m - [32m[1mPrediction on image 7648 is correct.[0m
[35m(RemoteSimulator pid=601542)[0m 17:16:13.268 | [1m[35mECLYPSE[0m | [1m[1m[35mPlacementManager[0m[1m[0m - [37mPlacement established | app=ImagePrediction | mapping={'EndService': 'outer_1', 'PredictorService': 'outer_2', 'TrainerService': 'outer_4'}[0m
[35m(RemoteSimulator pid=601542)[0m 17:16:13.268 | [1m[35mECLYPSE[0m | [1m[1m[35mSimulation[0m[1m[0m - [37mSimulation step | step=482[0m
[95m(outer_1 pid=601541)[0m 17:16:14.273 | [33m[1mWARNING[0m | [1m[33m[1mEndService[0m[1m[0m - [33m[1mNo images were processed[0m
[35m(RemoteSimulator pid=601542)[0m 17:16:14.269 | [1m[35mECLYPSE[0m | [1m[1m[35mPlacementManager[0m[1m[0m - [37mPlacement established | app=ImagePrediction | mapping={'EndService': 'outer_1', 'PredictorService': 'outer_2', 'TrainerService': 'outer_4'}[0m
[35m(RemoteSimulator pid=601542)[0m 17:16:14.269 | [1m[35mECLYPSE[0m | [1m[1m[35mSimulation[0m[1m[0m - [37mSimulation step | step=483[0m
[95m(outer_1 pid=601541)[0m 17:16:14.753 | [32m[1mSUCCESS[0m | [1m[32m[1mEndService[0m[1m[0m - [32m[1mPrediction on image 1193 is correct.[0m
[35m(RemoteSimulator pid=601542)[0m 17:16:15.270 | [1m[35mECLYPSE[0m | [1m[1m[35mPlacementManager[0m[1m[0m - [37mPlacement established | app=ImagePrediction | mapping={'EndService': 'outer_1', 'PredictorService': 'outer_2', 'TrainerService': 'outer_4'}[0m
[35m(RemoteSimulator pid=601542)[0m 17:16:15.270 | [1m[35mECLYPSE[0m | [1m[1m[35mSimulation[0m[1m[0m - [37mSimulation step | step=484[0m
[95m(outer_1 pid=601541)[0m 17:16:16.275 | [33m[1mWARNING[0m | [1m[33m[1mEndService[0m[1m[0m - [33m[1mNo images were processed[0m
[35m(RemoteSimulator pid=601542)[0m 17:16:16.272 | [1m[35mECLYPSE[0m | [1m[1m[35mPlacementManager[0m[1m[0m - [37mPlacement established | app=ImagePrediction | mapping={'EndService': 'outer_1', 'PredictorService': 'outer_2', 'TrainerService': 'outer_4'}[0m
[35m(RemoteSimulator pid=601542)[0m 17:16:16.272 | [1m[35mECLYPSE[0m | [1m[1m[35mSimulation[0m[1m[0m - [37mSimulation step | step=485[0m
[95m(outer_1 pid=601541)[0m 17:16:16.335 | [32m[1mSUCCESS[0m | [1m[32m[1mEndService[0m[1m[0m - [32m[1mPrediction on image 7501 is correct.[0m
[35m(RemoteSimulator pid=601542)[0m 17:16:17.273 | [1m[35mECLYPSE[0m | [1m[1m[35mPlacementManager[0m[1m[0m - [37mPlacement established | app=ImagePrediction | mapping={'EndService': 'outer_1', 'PredictorService': 'outer_2', 'TrainerService': 'outer_4'}[0m
[35m(RemoteSimulator pid=601542)[0m 17:16:17.273 | [1m[35mECLYPSE[0m | [1m[1m[35mSimulation[0m[1m[0m - [37mSimulation step | step=486[0m
[95m(outer_1 pid=601541)[0m 17:16:17.967 | [31m[1mERROR[0m | [1m[31m[1mEndService[0m[1m[0m - [31m[1mPrediction on image 5800 is incorrect.[0m
[35m(RemoteSimulator pid=601542)[0m 17:16:18.275 | [1m[35mECLYPSE[0m | [1m[1m[35mPlacementManager[0m[1m[0m - [37mPlacement established | app=ImagePrediction | mapping={'EndService': 'outer_1', 'PredictorService': 'outer_2', 'TrainerService': 'outer_4'}[0m
[35m(RemoteSimulator pid=601542)[0m 17:16:18.275 | [1m[35mECLYPSE[0m | [1m[1m[35mSimulation[0m[1m[0m - [37mSimulation step | step=487[0m
[95m(outer_1 pid=601541)[0m 17:16:19.279 | [33m[1mWARNING[0m | [1m[33m[1mEndService[0m[1m[0m - [33m[1mNo images were processed[0m
[35m(RemoteSimulator pid=601542)[0m 17:16:19.276 | [1m[35mECLYPSE[0m | [1m[1m[35mPlacementManager[0m[1m[0m - [37mPlacement established | app=ImagePrediction | mapping={'EndService': 'outer_1', 'PredictorService': 'outer_2', 'TrainerService': 'outer_4'}[0m
[35m(RemoteSimulator pid=601542)[0m 17:16:19.277 | [1m[35mECLYPSE[0m | [1m[1m[35mSimulation[0m[1m[0m - [37mSimulation step | step=488[0m
[95m(outer_1 pid=601541)[0m 17:16:19.645 | [31m[1mERROR[0m | [1m[31m[1mEndService[0m[1m[0m - [31m[1mPrediction on image 8044 is incorrect.[0m
[35m(RemoteSimulator pid=601542)[0m 17:16:20.278 | [1m[35mECLYPSE[0m | [1m[1m[35mPlacementManager[0m[1m[0m - [37mPlacement established | app=ImagePrediction | mapping={'EndService': 'outer_1', 'PredictorService': 'outer_2', 'TrainerService': 'outer_4'}[0m
[35m(RemoteSimulator pid=601542)[0m 17:16:20.278 | [1m[35mECLYPSE[0m | [1m[1m[35mSimulation[0m[1m[0m - [37mSimulation step | step=489[0m
[95m(outer_1 pid=601541)[0m 17:16:21.283 | [33m[1mWARNING[0m | [1m[33m[1mEndService[0m[1m[0m - [33m[1mNo images were processed[0m
[35m(RemoteSimulator pid=601542)[0m 17:16:21.279 | [1m[35mECLYPSE[0m | [1m[1m[35mPlacementManager[0m[1m[0m - [37mPlacement established | app=ImagePrediction | mapping={'EndService': 'outer_1', 'PredictorService': 'outer_2', 'TrainerService': 'outer_4'}[0m
[35m(RemoteSimulator pid=601542)[0m 17:16:21.279 | [1m[35mECLYPSE[0m | [1m[1m[35mSimulation[0m[1m[0m - [37mSimulation step | step=490[0m
[95m(outer_1 pid=601541)[0m 17:16:21.414 | [31m[1mERROR[0m | [1m[31m[1mEndService[0m[1m[0m - [31m[1mPrediction on image 5067 is incorrect.[0m
[35m(RemoteSimulator pid=601542)[0m 17:16:22.281 | [1m[35mECLYPSE[0m | [1m[1m[35mPlacementManager[0m[1m[0m - [37mPlacement established | app=ImagePrediction | mapping={'EndService': 'outer_1', 'PredictorService': 'outer_2', 'TrainerService': 'outer_4'}[0m
[35m(RemoteSimulator pid=601542)[0m 17:16:22.281 | [1m[35mECLYPSE[0m | [1m[1m[35mSimulation[0m[1m[0m - [37mSimulation step | step=491[0m
[95m(outer_1 pid=601541)[0m 17:16:23.219 | [31m[1mERROR[0m | [1m[31m[1mEndService[0m[1m[0m - [31m[1mPrediction on image 6057 is incorrect.[0m
[35m(RemoteSimulator pid=601542)[0m 17:16:23.282 | [1m[35mECLYPSE[0m | [1m[1m[35mPlacementManager[0m[1m[0m - [37mPlacement established | app=ImagePrediction | mapping={'EndService': 'outer_1', 'PredictorService': 'outer_2', 'TrainerService': 'outer_4'}[0m
[35m(RemoteSimulator pid=601542)[0m 17:16:23.282 | [1m[35mECLYPSE[0m | [1m[1m[35mSimulation[0m[1m[0m - [37mSimulation step | step=492[0m
[95m(outer_1 pid=601541)[0m 17:16:24.286 | [33m[1mWARNING[0m | [1m[33m[1mEndService[0m[1m[0m - [33m[1mNo images were processed[0m
[35m(RemoteSimulator pid=601542)[0m 17:16:24.283 | [1m[35mECLYPSE[0m | [1m[1m[35mPlacementManager[0m[1m[0m - [37mPlacement established | app=ImagePrediction | mapping={'EndService': 'outer_1', 'PredictorService': 'outer_2', 'TrainerService': 'outer_4'}[0m
[35m(RemoteSimulator pid=601542)[0m 17:16:24.283 | [1m[35mECLYPSE[0m | [1m[1m[35mSimulation[0m[1m[0m - [37mSimulation step | step=493[0m
[95m(outer_1 pid=601541)[0m 17:16:25.101 | [32m[1mSUCCESS[0m | [1m[32m[1mEndService[0m[1m[0m - [32m[1mPrediction on image 2095 is correct.[0m
[35m(RemoteSimulator pid=601542)[0m 17:16:25.284 | [1m[35mECLYPSE[0m | [1m[1m[35mPlacementManager[0m[1m[0m - [37mPlacement established | app=ImagePrediction | mapping={'EndService': 'outer_1', 'PredictorService': 'outer_2', 'TrainerService': 'outer_4'}[0m
[35m(RemoteSimulator pid=601542)[0m 17:16:25.285 | [1m[35mECLYPSE[0m | [1m[1m[35mSimulation[0m[1m[0m - [37mSimulation step | step=494[0m
[95m(outer_1 pid=601541)[0m 17:16:26.290 | [33m[1mWARNING[0m | [1m[33m[1mEndService[0m[1m[0m - [33m[1mNo images were processed[0m
[35m(RemoteSimulator pid=601542)[0m 17:16:26.286 | [1m[35mECLYPSE[0m | [1m[1m[35mPlacementManager[0m[1m[0m - [37mPlacement established | app=ImagePrediction | mapping={'EndService': 'outer_1', 'PredictorService': 'outer_2', 'TrainerService': 'outer_4'}[0m
[35m(RemoteSimulator pid=601542)[0m 17:16:26.286 | [1m[35mECLYPSE[0m | [1m[1m[35mSimulation[0m[1m[0m - [37mSimulation step | step=495[0m
[95m(outer_1 pid=601541)[0m 17:16:27.039 | [31m[1mERROR[0m | [1m[31m[1mEndService[0m[1m[0m - [31m[1mPrediction on image 6087 is incorrect.[0m
[35m(RemoteSimulator pid=601542)[0m 17:16:27.287 | [1m[35mECLYPSE[0m | [1m[1m[35mPlacementManager[0m[1m[0m - [37mPlacement established | app=ImagePrediction | mapping={'EndService': 'outer_1', 'PredictorService': 'outer_2', 'TrainerService': 'outer_4'}[0m
[35m(RemoteSimulator pid=601542)[0m 17:16:27.288 | [1m[35mECLYPSE[0m | [1m[1m[35mSimulation[0m[1m[0m - [37mSimulation step | step=496[0m
[95m(outer_1 pid=601541)[0m 17:16:28.292 | [33m[1mWARNING[0m | [1m[33m[1mEndService[0m[1m[0m - [33m[1mNo images were processed[0m
[35m(RemoteSimulator pid=601542)[0m 17:16:28.289 | [1m[35mECLYPSE[0m | [1m[1m[35mPlacementManager[0m[1m[0m - [37mPlacement established | app=ImagePrediction | mapping={'EndService': 'outer_1', 'PredictorService': 'outer_2', 'TrainerService': 'outer_4'}[0m
[35m(RemoteSimulator pid=601542)[0m 17:16:28.289 | [1m[35mECLYPSE[0m | [1m[1m[35mSimulation[0m[1m[0m - [37mSimulation step | step=497[0m
[95m(outer_1 pid=601541)[0m 17:16:29.027 | [31m[1mERROR[0m | [1m[31m[1mEndService[0m[1m[0m - [31m[1mPrediction on image 1613 is incorrect.[0m
[35m(RemoteSimulator pid=601542)[0m 17:16:29.290 | [1m[35mECLYPSE[0m | [1m[1m[35mPlacementManager[0m[1m[0m - [37mPlacement established | app=ImagePrediction | mapping={'EndService': 'outer_1', 'PredictorService': 'outer_2', 'TrainerService': 'outer_4'}[0m
[35m(RemoteSimulator pid=601542)[0m 17:16:29.290 | [1m[35mECLYPSE[0m | [1m[1m[35mSimulation[0m[1m[0m - [37mSimulation step | step=498[0m
[95m(outer_1 pid=601541)[0m 17:16:30.297 | [33m[1mWARNING[0m | [1m[33m[1mEndService[0m[1m[0m - [33m[1mNo images were processed[0m
[35m(RemoteSimulator pid=601542)[0m 17:16:30.291 | [1m[35mECLYPSE[0m | [1m[1m[35mPlacementManager[0m[1m[0m - [37mPlacement established | app=ImagePrediction | mapping={'EndService': 'outer_1', 'PredictorService': 'outer_2', 'TrainerService': 'outer_4'}[0m
[35m(RemoteSimulator pid=601542)[0m 17:16:30.292 | [1m[35mECLYPSE[0m | [1m[1m[35mSimulation[0m[1m[0m - [37mSimulation step | step=499[0m
[95m(outer_1 pid=601541)[0m 17:16:31.085 | [32m[1mSUCCESS[0m | [1m[32m[1mEndService[0m[1m[0m - [32m[1mPrediction on image 97 is correct.[0m
[35m(RemoteSimulator pid=601542)[0m 17:16:31.293 | [1m[35mECLYPSE[0m | [1m[1m[35mPlacementManager[0m[1m[0m - [37mPlacement established | app=ImagePrediction | mapping={'EndService': 'outer_1', 'PredictorService': 'outer_2', 'TrainerService': 'outer_4'}[0m
[35m(RemoteSimulator pid=601542)[0m 17:16:31.294 | [1m[35mECLYPSE[0m | [1m[1m[35mSimulation[0m[1m[0m - [37mSimulation step | step=500[0m
[95m(outer_1 pid=601541)[0m 17:16:32.299 | [33m[1mWARNING[0m | [1m[33m[1mEndService[0m[1m[0m - [33m[1mNo images were processed[0m
[35m(RemoteSimulator pid=601542)[0m 17:16:32.294 | [1m[35mECLYPSE[0m | [1m[1m[35mPlacementManager[0m[1m[0m - [37mPlacement established | app=ImagePrediction | mapping={'EndService': 'outer_1', 'PredictorService': 'outer_2', 'TrainerService': 'outer_4'}[0m
[35m(RemoteSimulator pid=601542)[0m 17:16:32.295 | [1m[35mECLYPSE[0m | [1m[1m[35mSimulation[0m[1m[0m - [37mSimulation step | step=501[0m
[95m(outer_1 pid=601541)[0m 17:16:33.206 | [32m[1mSUCCESS[0m | [1m[32m[1mEndService[0m[1m[0m - [32m[1mPrediction on image 6739 is correct.[0m
[35m(RemoteSimulator pid=601542)[0m 17:16:33.296 | [1m[35mECLYPSE[0m | [1m[1m[35mPlacementManager[0m[1m[0m - [37mPlacement established | app=ImagePrediction | mapping={'EndService': 'outer_1', 'PredictorService': 'outer_2', 'TrainerService': 'outer_4'}[0m
[35m(RemoteSimulator pid=601542)[0m 17:16:33.296 | [1m[35mECLYPSE[0m | [1m[1m[35mSimulation[0m[1m[0m - [37mSimulation step | step=502[0m
[95m(outer_1 pid=601541)[0m 17:16:34.300 | [33m[1mWARNING[0m | [1m[33m[1mEndService[0m[1m[0m - [33m[1mNo images were processed[0m
[35m(RemoteSimulator pid=601542)[0m 17:16:34.297 | [1m[35mECLYPSE[0m | [1m[1m[35mPlacementManager[0m[1m[0m - [37mPlacement established | app=ImagePrediction | mapping={'EndService': 'outer_1', 'PredictorService': 'outer_2', 'TrainerService': 'outer_4'}[0m
[35m(RemoteSimulator pid=601542)[0m 17:16:34.298 | [1m[35mECLYPSE[0m | [1m[1m[35mSimulation[0m[1m[0m - [37mSimulation step | step=503[0m
[95m(outer_1 pid=601541)[0m 17:16:35.303 | [33m[1mWARNING[0m | [1m[33m[1mEndService[0m[1m[0m - [33m[1mNo images were processed[0m
[35m(RemoteSimulator pid=601542)[0m 17:16:35.299 | [1m[35mECLYPSE[0m | [1m[1m[35mPlacementManager[0m[1m[0m - [37mPlacement established | app=ImagePrediction | mapping={'EndService': 'outer_1', 'PredictorService': 'outer_2', 'TrainerService': 'outer_4'}[0m
[35m(RemoteSimulator pid=601542)[0m 17:16:35.299 | [1m[35mECLYPSE[0m | [1m[1m[35mSimulation[0m[1m[0m - [37mSimulation step | step=504[0m
[95m(outer_1 pid=601541)[0m 17:16:35.412 | [31m[1mERROR[0m | [1m[31m[1mEndService[0m[1m[0m - [31m[1mPrediction on image 5608 is incorrect.[0m
[35m(RemoteSimulator pid=601542)[0m 17:16:36.300 | [1m[35mECLYPSE[0m | [1m[1m[35mPlacementManager[0m[1m[0m - [37mPlacement established | app=ImagePrediction | mapping={'EndService': 'outer_1', 'PredictorService': 'outer_2', 'TrainerService': 'outer_4'}[0m
[35m(RemoteSimulator pid=601542)[0m 17:16:36.301 | [1m[35mECLYPSE[0m | [1m[1m[35mSimulation[0m[1m[0m - [37mSimulation step | step=505[0m
[95m(outer_1 pid=601541)[0m 17:16:37.305 | [33m[1mWARNING[0m | [1m[33m[1mEndService[0m[1m[0m - [33m[1mNo images were processed[0m
[35m(RemoteSimulator pid=601542)[0m 17:16:37.302 | [1m[35mECLYPSE[0m | [1m[1m[35mPlacementManager[0m[1m[0m - [37mPlacement established | app=ImagePrediction | mapping={'EndService': 'outer_1', 'PredictorService': 'outer_2', 'TrainerService': 'outer_4'}[0m
[35m(RemoteSimulator pid=601542)[0m 17:16:37.303 | [1m[35mECLYPSE[0m | [1m[1m[35mSimulation[0m[1m[0m - [37mSimulation step | step=506[0m
[95m(outer_1 pid=601541)[0m 17:16:37.663 | [32m[1mSUCCESS[0m | [1m[32m[1mEndService[0m[1m[0m - [32m[1mPrediction on image 4948 is correct.[0m
[35m(RemoteSimulator pid=601542)[0m 17:16:38.303 | [1m[35mECLYPSE[0m | [1m[1m[35mPlacementManager[0m[1m[0m - [37mPlacement established | app=ImagePrediction | mapping={'EndService': 'outer_1', 'PredictorService': 'outer_2', 'TrainerService': 'outer_4'}[0m
[35m(RemoteSimulator pid=601542)[0m 17:16:38.304 | [1m[35mECLYPSE[0m | [1m[1m[35mSimulation[0m[1m[0m - [37mSimulation step | step=507[0m
[95m(outer_1 pid=601541)[0m 17:16:39.308 | [33m[1mWARNING[0m | [1m[33m[1mEndService[0m[1m[0m - [33m[1mNo images were processed[0m
[35m(RemoteSimulator pid=601542)[0m 17:16:39.305 | [1m[35mECLYPSE[0m | [1m[1m[35mPlacementManager[0m[1m[0m - [37mPlacement established | app=ImagePrediction | mapping={'EndService': 'outer_1', 'PredictorService': 'outer_2', 'TrainerService': 'outer_4'}[0m
[35m(RemoteSimulator pid=601542)[0m 17:16:39.305 | [1m[35mECLYPSE[0m | [1m[1m[35mSimulation[0m[1m[0m - [37mSimulation step | step=508[0m
[95m(outer_1 pid=601541)[0m 17:16:39.978 | [31m[1mERROR[0m | [1m[31m[1mEndService[0m[1m[0m - [31m[1mPrediction on image 5266 is incorrect.[0m
[35m(RemoteSimulator pid=601542)[0m 17:16:40.306 | [1m[35mECLYPSE[0m | [1m[1m[35mPlacementManager[0m[1m[0m - [37mPlacement established | app=ImagePrediction | mapping={'EndService': 'outer_1', 'PredictorService': 'outer_2', 'TrainerService': 'outer_4'}[0m
[35m(RemoteSimulator pid=601542)[0m 17:16:40.307 | [1m[35mECLYPSE[0m | [1m[1m[35mSimulation[0m[1m[0m - [37mSimulation step | step=509[0m
[95m(outer_1 pid=601541)[0m 17:16:41.312 | [33m[1mWARNING[0m | [1m[33m[1mEndService[0m[1m[0m - [33m[1mNo images were processed[0m
[35m(RemoteSimulator pid=601542)[0m 17:16:41.308 | [1m[35mECLYPSE[0m | [1m[1m[35mPlacementManager[0m[1m[0m - [37mPlacement established | app=ImagePrediction | mapping={'EndService': 'outer_1', 'PredictorService': 'outer_2', 'TrainerService': 'outer_4'}[0m
[35m(RemoteSimulator pid=601542)[0m 17:16:41.308 | [1m[35mECLYPSE[0m | [1m[1m[35mSimulation[0m[1m[0m - [37mSimulation step | step=510[0m
[95m(outer_1 pid=601541)[0m 17:16:42.316 | [33m[1mWARNING[0m | [1m[33m[1mEndService[0m[1m[0m - [33m[1mNo images were processed[0m
[35m(RemoteSimulator pid=601542)[0m 17:16:42.311 | [1m[35mECLYPSE[0m | [1m[1m[35mPlacementManager[0m[1m[0m - [37mPlacement established | app=ImagePrediction | mapping={'EndService': 'outer_1', 'PredictorService': 'outer_2', 'TrainerService': 'outer_4'}[0m
[35m(RemoteSimulator pid=601542)[0m 17:16:42.312 | [1m[35mECLYPSE[0m | [1m[1m[35mSimulation[0m[1m[0m - [37mSimulation step | step=511[0m
[95m(outer_1 pid=601541)[0m 17:16:42.360 | [31m[1mERROR[0m | [1m[31m[1mEndService[0m[1m[0m - [31m[1mPrediction on image 1269 is incorrect.[0m
[35m(RemoteSimulator pid=601542)[0m 17:16:43.313 | [1m[35mECLYPSE[0m | [1m[1m[35mPlacementManager[0m[1m[0m - [37mPlacement established | app=ImagePrediction | mapping={'EndService': 'outer_1', 'PredictorService': 'outer_2', 'TrainerService': 'outer_4'}[0m
[35m(RemoteSimulator pid=601542)[0m 17:16:43.313 | [1m[35mECLYPSE[0m | [1m[1m[35mSimulation[0m[1m[0m - [37mSimulation step | step=512[0m
[95m(outer_1 pid=601541)[0m 17:16:44.317 | [33m[1mWARNING[0m | [1m[33m[1mEndService[0m[1m[0m - [33m[1mNo images were processed[0m
[35m(RemoteSimulator pid=601542)[0m 17:16:44.314 | [1m[35mECLYPSE[0m | [1m[1m[35mPlacementManager[0m[1m[0m - [37mPlacement established | app=ImagePrediction | mapping={'EndService': 'outer_1', 'PredictorService': 'outer_2', 'TrainerService': 'outer_4'}[0m
[35m(RemoteSimulator pid=601542)[0m 17:16:44.314 | [1m[35mECLYPSE[0m | [1m[1m[35mSimulation[0m[1m[0m - [37mSimulation step | step=513[0m
[95m(outer_1 pid=601541)[0m 17:16:44.784 | [32m[1mSUCCESS[0m | [1m[32m[1mEndService[0m[1m[0m - [32m[1mPrediction on image 9760 is correct.[0m
[35m(RemoteSimulator pid=601542)[0m 17:16:45.315 | [1m[35mECLYPSE[0m | [1m[1m[35mPlacementManager[0m[1m[0m - [37mPlacement established | app=ImagePrediction | mapping={'EndService': 'outer_1', 'PredictorService': 'outer_2', 'TrainerService': 'outer_4'}[0m
[35m(RemoteSimulator pid=601542)[0m 17:16:45.315 | [1m[35mECLYPSE[0m | [1m[1m[35mSimulation[0m[1m[0m - [37mSimulation step | step=514[0m
[95m(outer_1 pid=601541)[0m 17:16:46.319 | [33m[1mWARNING[0m | [1m[33m[1mEndService[0m[1m[0m - [33m[1mNo images were processed[0m
[35m(RemoteSimulator pid=601542)[0m 17:16:46.316 | [1m[35mECLYPSE[0m | [1m[1m[35mPlacementManager[0m[1m[0m - [37mPlacement established | app=ImagePrediction | mapping={'EndService': 'outer_1', 'PredictorService': 'outer_2', 'TrainerService': 'outer_4'}[0m
[35m(RemoteSimulator pid=601542)[0m 17:16:46.317 | [1m[35mECLYPSE[0m | [1m[1m[35mSimulation[0m[1m[0m - [37mSimulation step | step=515[0m
[95m(outer_1 pid=601541)[0m 17:16:47.293 | [31m[1mERROR[0m | [1m[31m[1mEndService[0m[1m[0m - [31m[1mPrediction on image 4478 is incorrect.[0m
[35m(RemoteSimulator pid=601542)[0m 17:16:47.318 | [1m[35mECLYPSE[0m | [1m[1m[35mPlacementManager[0m[1m[0m - [37mPlacement established | app=ImagePrediction | mapping={'EndService': 'outer_1', 'PredictorService': 'outer_2', 'TrainerService': 'outer_4'}[0m
[35m(RemoteSimulator pid=601542)[0m 17:16:47.318 | [1m[35mECLYPSE[0m | [1m[1m[35mSimulation[0m[1m[0m - [37mSimulation step | step=516[0m
[95m(outer_1 pid=601541)[0m 17:16:48.322 | [33m[1mWARNING[0m | [1m[33m[1mEndService[0m[1m[0m - [33m[1mNo images were processed[0m
[35m(RemoteSimulator pid=601542)[0m 17:16:48.319 | [1m[35mECLYPSE[0m | [1m[1m[35mPlacementManager[0m[1m[0m - [37mPlacement established | app=ImagePrediction | mapping={'EndService': 'outer_1', 'PredictorService': 'outer_2', 'TrainerService': 'outer_4'}[0m
[35m(RemoteSimulator pid=601542)[0m 17:16:48.319 | [1m[35mECLYPSE[0m | [1m[1m[35mSimulation[0m[1m[0m - [37mSimulation step | step=517[0m
[95m(outer_1 pid=601541)[0m 17:16:49.324 | [33m[1mWARNING[0m | [1m[33m[1mEndService[0m[1m[0m - [33m[1mNo images were processed[0m
[35m(RemoteSimulator pid=601542)[0m 17:16:49.320 | [1m[35mECLYPSE[0m | [1m[1m[35mPlacementManager[0m[1m[0m - [37mPlacement established | app=ImagePrediction | mapping={'EndService': 'outer_1', 'PredictorService': 'outer_2', 'TrainerService': 'outer_4'}[0m
[35m(RemoteSimulator pid=601542)[0m 17:16:49.320 | [1m[35mECLYPSE[0m | [1m[1m[35mSimulation[0m[1m[0m - [37mSimulation step | step=518[0m
[95m(outer_1 pid=601541)[0m 17:16:49.877 | [32m[1mSUCCESS[0m | [1m[32m[1mEndService[0m[1m[0m - [32m[1mPrediction on image 4937 is correct.[0m
[35m(RemoteSimulator pid=601542)[0m 17:16:50.321 | [1m[35mECLYPSE[0m | [1m[1m[35mPlacementManager[0m[1m[0m - [37mPlacement established | app=ImagePrediction | mapping={'EndService': 'outer_1', 'PredictorService': 'outer_2', 'TrainerService': 'outer_4'}[0m
[35m(RemoteSimulator pid=601542)[0m 17:16:50.321 | [1m[35mECLYPSE[0m | [1m[1m[35mSimulation[0m[1m[0m - [37mSimulation step | step=519[0m
[35m(RemoteSimulator pid=601542)[0m 17:16:51.322 | [1m[35mECLYPSE[0m | [1m[1m[35mPlacementManager[0m[1m[0m - [37mPlacement established | app=ImagePrediction | mapping={'EndService': 'outer_1', 'PredictorService': 'outer_2', 'TrainerService': 'outer_4'}[0m
[35m(RemoteSimulator pid=601542)[0m 17:16:51.323 | [1m[35mECLYPSE[0m | [1m[1m[35mSimulation[0m[1m[0m - [37mSimulation step | step=520[0m
[95m(outer_1 pid=601541)[0m 17:16:51.327 | [33m[1mWARNING[0m | [1m[33m[1mEndService[0m[1m[0m - [33m[1mNo images were processed[0m
[95m(outer_1 pid=601541)[0m 17:16:52.328 | [33m[1mWARNING[0m | [1m[33m[1mEndService[0m[1m[0m - [33m[1mNo images were processed[0m
[35m(RemoteSimulator pid=601542)[0m 17:16:52.324 | [1m[35mECLYPSE[0m | [1m[1m[35mPlacementManager[0m[1m[0m - [37mPlacement established | app=ImagePrediction | mapping={'EndService': 'outer_1', 'PredictorService': 'outer_2', 'TrainerService': 'outer_4'}[0m
[35m(RemoteSimulator pid=601542)[0m 17:16:52.324 | [1m[35mECLYPSE[0m | [1m[1m[35mSimulation[0m[1m[0m - [37mSimulation step | step=521[0m
[95m(outer_1 pid=601541)[0m 17:16:52.537 | [32m[1mSUCCESS[0m | [1m[32m[1mEndService[0m[1m[0m - [32m[1mPrediction on image 1430 is correct.[0m
[35m(RemoteSimulator pid=601542)[0m 17:16:53.325 | [1m[35mECLYPSE[0m | [1m[1m[35mPlacementManager[0m[1m[0m - [37mPlacement established | app=ImagePrediction | mapping={'EndService': 'outer_1', 'PredictorService': 'outer_2', 'TrainerService': 'outer_4'}[0m
[35m(RemoteSimulator pid=601542)[0m 17:16:53.325 | [1m[35mECLYPSE[0m | [1m[1m[35mSimulation[0m[1m[0m - [37mSimulation step | step=522[0m
[95m(outer_1 pid=601541)[0m 17:16:54.330 | [33m[1mWARNING[0m | [1m[33m[1mEndService[0m[1m[0m - [33m[1mNo images were processed[0m
[35m(RemoteSimulator pid=601542)[0m 17:16:54.327 | [1m[35mECLYPSE[0m | [1m[1m[35mPlacementManager[0m[1m[0m - [37mPlacement established | app=ImagePrediction | mapping={'EndService': 'outer_1', 'PredictorService': 'outer_2', 'TrainerService': 'outer_4'}[0m
[35m(RemoteSimulator pid=601542)[0m 17:16:54.327 | [1m[35mECLYPSE[0m | [1m[1m[35mSimulation[0m[1m[0m - [37mSimulation step | step=523[0m
[95m(outer_1 pid=601541)[0m 17:16:55.267 | [32m[1mSUCCESS[0m | [1m[32m[1mEndService[0m[1m[0m - [32m[1mPrediction on image 6066 is correct.[0m
[35m(RemoteSimulator pid=601542)[0m 17:16:55.328 | [1m[35mECLYPSE[0m | [1m[1m[35mPlacementManager[0m[1m[0m - [37mPlacement established | app=ImagePrediction | mapping={'EndService': 'outer_1', 'PredictorService': 'outer_2', 'TrainerService': 'outer_4'}[0m
[35m(RemoteSimulator pid=601542)[0m 17:16:55.328 | [1m[35mECLYPSE[0m | [1m[1m[35mSimulation[0m[1m[0m - [37mSimulation step | step=524[0m
[95m(outer_1 pid=601541)[0m 17:16:56.334 | [33m[1mWARNING[0m | [1m[33m[1mEndService[0m[1m[0m - [33m[1mNo images were processed[0m
[35m(RemoteSimulator pid=601542)[0m 17:16:56.329 | [1m[35mECLYPSE[0m | [1m[1m[35mPlacementManager[0m[1m[0m - [37mPlacement established | app=ImagePrediction | mapping={'EndService': 'outer_1', 'PredictorService': 'outer_2', 'TrainerService': 'outer_4'}[0m
[35m(RemoteSimulator pid=601542)[0m 17:16:56.330 | [1m[35mECLYPSE[0m | [1m[1m[35mSimulation[0m[1m[0m - [37mSimulation step | step=525[0m
[95m(outer_1 pid=601541)[0m 17:16:57.335 | [33m[1mWARNING[0m | [1m[33m[1mEndService[0m[1m[0m - [33m[1mNo images were processed[0m
[35m(RemoteSimulator pid=601542)[0m 17:16:57.331 | [1m[35mECLYPSE[0m | [1m[1m[35mPlacementManager[0m[1m[0m - [37mPlacement established | app=ImagePrediction | mapping={'EndService': 'outer_1', 'PredictorService': 'outer_2', 'TrainerService': 'outer_4'}[0m
[35m(RemoteSimulator pid=601542)[0m 17:16:57.331 | [1m[35mECLYPSE[0m | [1m[1m[35mSimulation[0m[1m[0m - [37mSimulation step | step=526[0m
[95m(outer_1 pid=601541)[0m 17:16:58.074 | [32m[1mSUCCESS[0m | [1m[32m[1mEndService[0m[1m[0m - [32m[1mPrediction on image 1633 is correct.[0m
[35m(RemoteSimulator pid=601542)[0m 17:16:58.332 | [1m[35mECLYPSE[0m | [1m[1m[35mPlacementManager[0m[1m[0m - [37mPlacement established | app=ImagePrediction | mapping={'EndService': 'outer_1', 'PredictorService': 'outer_2', 'TrainerService': 'outer_4'}[0m
[35m(RemoteSimulator pid=601542)[0m 17:16:58.332 | [1m[35mECLYPSE[0m | [1m[1m[35mSimulation[0m[1m[0m - [37mSimulation step | step=527[0m
[95m(outer_1 pid=601541)[0m 17:16:59.338 | [33m[1mWARNING[0m | [1m[33m[1mEndService[0m[1m[0m - [33m[1mNo images were processed[0m
[35m(RemoteSimulator pid=601542)[0m 17:16:59.333 | [1m[35mECLYPSE[0m | [1m[1m[35mPlacementManager[0m[1m[0m - [37mPlacement established | app=ImagePrediction | mapping={'EndService': 'outer_1', 'PredictorService': 'outer_2', 'TrainerService': 'outer_4'}[0m
[35m(RemoteSimulator pid=601542)[0m 17:16:59.334 | [1m[35mECLYPSE[0m | [1m[1m[35mSimulation[0m[1m[0m - [37mSimulation step | step=528[0m
[95m(outer_1 pid=601541)[0m 17:17:00.338 | [33m[1mWARNING[0m | [1m[33m[1mEndService[0m[1m[0m - [33m[1mNo images were processed[0m
[35m(RemoteSimulator pid=601542)[0m 17:17:00.335 | [1m[35mECLYPSE[0m | [1m[1m[35mPlacementManager[0m[1m[0m - [37mPlacement established | app=ImagePrediction | mapping={'EndService': 'outer_1', 'PredictorService': 'outer_2', 'TrainerService': 'outer_4'}[0m
[35m(RemoteSimulator pid=601542)[0m 17:17:00.335 | [1m[35mECLYPSE[0m | [1m[1m[35mSimulation[0m[1m[0m - [37mSimulation step | step=529[0m
[95m(outer_1 pid=601541)[0m 17:17:00.980 | [32m[1mSUCCESS[0m | [1m[32m[1mEndService[0m[1m[0m - [32m[1mPrediction on image 6037 is correct.[0m
[35m(RemoteSimulator pid=601542)[0m 17:17:01.336 | [1m[35mECLYPSE[0m | [1m[1m[35mPlacementManager[0m[1m[0m - [37mPlacement established | app=ImagePrediction | mapping={'EndService': 'outer_1', 'PredictorService': 'outer_2', 'TrainerService': 'outer_4'}[0m
[35m(RemoteSimulator pid=601542)[0m 17:17:01.336 | [1m[35mECLYPSE[0m | [1m[1m[35mSimulation[0m[1m[0m - [37mSimulation step | step=530[0m
[95m(outer_1 pid=601541)[0m 17:17:02.340 | [33m[1mWARNING[0m | [1m[33m[1mEndService[0m[1m[0m - [33m[1mNo images were processed[0m
[35m(RemoteSimulator pid=601542)[0m 17:17:02.337 | [1m[35mECLYPSE[0m | [1m[1m[35mPlacementManager[0m[1m[0m - [37mPlacement established | app=ImagePrediction | mapping={'EndService': 'outer_1', 'PredictorService': 'outer_2', 'TrainerService': 'outer_4'}[0m
[35m(RemoteSimulator pid=601542)[0m 17:17:02.338 | [1m[35mECLYPSE[0m | [1m[1m[35mSimulation[0m[1m[0m - [37mSimulation step | step=531[0m
[94m(outer_2 pid=601540)[0m 17:17:03.265 | [33m[1mWARNING[0m | [1m[33m[1mPredictorService[0m[1m[0m - [33m[1mModel updated.[0m
[95m(outer_1 pid=601541)[0m 17:17:03.342 | [33m[1mWARNING[0m | [1m[33m[1mEndService[0m[1m[0m - [33m[1mNo images were processed[0m
[35m(RemoteSimulator pid=601542)[0m 17:17:03.339 | [1m[35mECLYPSE[0m | [1m[1m[35mPlacementManager[0m[1m[0m - [37mPlacement established | app=ImagePrediction | mapping={'EndService': 'outer_1', 'PredictorService': 'outer_2', 'TrainerService': 'outer_4'}[0m
[35m(RemoteSimulator pid=601542)[0m 17:17:03.339 | [1m[35mECLYPSE[0m | [1m[1m[35mSimulation[0m[1m[0m - [37mSimulation step | step=532[0m
[95m(outer_1 pid=601541)[0m 17:17:03.991 | [31m[1mERROR[0m | [1m[31m[1mEndService[0m[1m[0m - [31m[1mPrediction on image 5494 is incorrect.[0m
[35m(RemoteSimulator pid=601542)[0m 17:17:04.340 | [1m[35mECLYPSE[0m | [1m[1m[35mPlacementManager[0m[1m[0m - [37mPlacement established | app=ImagePrediction | mapping={'EndService': 'outer_1', 'PredictorService': 'outer_2', 'TrainerService': 'outer_4'}[0m
[35m(RemoteSimulator pid=601542)[0m 17:17:04.341 | [1m[35mECLYPSE[0m | [1m[1m[35mSimulation[0m[1m[0m - [37mSimulation step | step=533[0m
[95m(outer_1 pid=601541)[0m 17:17:05.345 | [33m[1mWARNING[0m | [1m[33m[1mEndService[0m[1m[0m - [33m[1mNo images were processed[0m
[35m(RemoteSimulator pid=601542)[0m 17:17:05.342 | [1m[35mECLYPSE[0m | [1m[1m[35mPlacementManager[0m[1m[0m - [37mPlacement established | app=ImagePrediction | mapping={'EndService': 'outer_1', 'PredictorService': 'outer_2', 'TrainerService': 'outer_4'}[0m
[35m(RemoteSimulator pid=601542)[0m 17:17:05.342 | [1m[35mECLYPSE[0m | [1m[1m[35mSimulation[0m[1m[0m - [37mSimulation step | step=534[0m
[95m(outer_1 pid=601541)[0m 17:17:05.492 | [32m[1mSUCCESS[0m | [1m[32m[1mEndService[0m[1m[0m - [32m[1mPrediction on image 9644 is correct.[0m
[35m(RemoteSimulator pid=601542)[0m 17:17:06.343 | [1m[35mECLYPSE[0m | [1m[1m[35mPlacementManager[0m[1m[0m - [37mPlacement established | app=ImagePrediction | mapping={'EndService': 'outer_1', 'PredictorService': 'outer_2', 'TrainerService': 'outer_4'}[0m
[35m(RemoteSimulator pid=601542)[0m 17:17:06.344 | [1m[35mECLYPSE[0m | [1m[1m[35mSimulation[0m[1m[0m - [37mSimulation step | step=535[0m
[95m(outer_1 pid=601541)[0m 17:17:07.004 | [32m[1mSUCCESS[0m | [1m[32m[1mEndService[0m[1m[0m - [32m[1mPrediction on image 9565 is correct.[0m
[35m(RemoteSimulator pid=601542)[0m 17:17:07.345 | [1m[35mECLYPSE[0m | [1m[1m[35mPlacementManager[0m[1m[0m - [37mPlacement established | app=ImagePrediction | mapping={'EndService': 'outer_1', 'PredictorService': 'outer_2', 'TrainerService': 'outer_4'}[0m
[35m(RemoteSimulator pid=601542)[0m 17:17:07.345 | [1m[35mECLYPSE[0m | [1m[1m[35mSimulation[0m[1m[0m - [37mSimulation step | step=536[0m
[95m(outer_1 pid=601541)[0m 17:17:08.350 | [33m[1mWARNING[0m | [1m[33m[1mEndService[0m[1m[0m - [33m[1mNo images were processed[0m
[35m(RemoteSimulator pid=601542)[0m 17:17:08.346 | [1m[35mECLYPSE[0m | [1m[1m[35mPlacementManager[0m[1m[0m - [37mPlacement established | app=ImagePrediction | mapping={'EndService': 'outer_1', 'PredictorService': 'outer_2', 'TrainerService': 'outer_4'}[0m
[35m(RemoteSimulator pid=601542)[0m 17:17:08.346 | [1m[35mECLYPSE[0m | [1m[1m[35mSimulation[0m[1m[0m - [37mSimulation step | step=537[0m
[35m(RemoteSimulator pid=601542)[0m 17:17:09.347 | [1m[35mECLYPSE[0m | [1m[1m[35mPlacementManager[0m[1m[0m - [37mPlacement established | app=ImagePrediction | mapping={'EndService': 'outer_1', 'PredictorService': 'outer_2', 'TrainerService': 'outer_4'}[0m
[35m(RemoteSimulator pid=601542)[0m 17:17:09.348 | [1m[35mECLYPSE[0m | [1m[1m[35mSimulation[0m[1m[0m - [37mSimulation step | step=538[0m
[95m(outer_1 pid=601541)[0m 17:17:09.352 | [33m[1mWARNING[0m | [1m[33m[1mEndService[0m[1m[0m - [33m[1mNo images were processed[0m
[95m(outer_1 pid=601541)[0m 17:17:10.122 | [31m[1mERROR[0m | [1m[31m[1mEndService[0m[1m[0m - [31m[1mPrediction on image 7403 is incorrect.[0m
[35m(RemoteSimulator pid=601542)[0m 17:17:10.348 | [1m[35mECLYPSE[0m | [1m[1m[35mPlacementManager[0m[1m[0m - [37mPlacement established | app=ImagePrediction | mapping={'EndService': 'outer_1', 'PredictorService': 'outer_2', 'TrainerService': 'outer_4'}[0m
[35m(RemoteSimulator pid=601542)[0m 17:17:10.349 | [1m[35mECLYPSE[0m | [1m[1m[35mSimulation[0m[1m[0m - [37mSimulation step | step=539[0m
[95m(outer_1 pid=601541)[0m 17:17:11.356 | [33m[1mWARNING[0m | [1m[33m[1mEndService[0m[1m[0m - [33m[1mNo images were processed[0m
[35m(RemoteSimulator pid=601542)[0m 17:17:11.350 | [1m[35mECLYPSE[0m | [1m[1m[35mPlacementManager[0m[1m[0m - [37mPlacement established | app=ImagePrediction | mapping={'EndService': 'outer_1', 'PredictorService': 'outer_2', 'TrainerService': 'outer_4'}[0m
[35m(RemoteSimulator pid=601542)[0m 17:17:11.350 | [1m[35mECLYPSE[0m | [1m[1m[35mSimulation[0m[1m[0m - [37mSimulation step | step=540[0m
[95m(outer_1 pid=601541)[0m 17:17:12.356 | [33m[1mWARNING[0m | [1m[33m[1mEndService[0m[1m[0m - [33m[1mNo images were processed[0m
[35m(RemoteSimulator pid=601542)[0m 17:17:12.351 | [1m[35mECLYPSE[0m | [1m[1m[35mPlacementManager[0m[1m[0m - [37mPlacement established | app=ImagePrediction | mapping={'EndService': 'outer_1', 'PredictorService': 'outer_2', 'TrainerService': 'outer_4'}[0m
[35m(RemoteSimulator pid=601542)[0m 17:17:12.352 | [1m[35mECLYPSE[0m | [1m[1m[35mSimulation[0m[1m[0m - [37mSimulation step | step=541[0m
[95m(outer_1 pid=601541)[0m 17:17:13.332 | [32m[1mSUCCESS[0m | [1m[32m[1mEndService[0m[1m[0m - [32m[1mPrediction on image 7655 is correct.[0m
[35m(RemoteSimulator pid=601542)[0m 17:17:13.352 | [1m[35mECLYPSE[0m | [1m[1m[35mPlacementManager[0m[1m[0m - [37mPlacement established | app=ImagePrediction | mapping={'EndService': 'outer_1', 'PredictorService': 'outer_2', 'TrainerService': 'outer_4'}[0m
[35m(RemoteSimulator pid=601542)[0m 17:17:13.353 | [1m[35mECLYPSE[0m | [1m[1m[35mSimulation[0m[1m[0m - [37mSimulation step | step=542[0m
[95m(outer_1 pid=601541)[0m 17:17:14.358 | [33m[1mWARNING[0m | [1m[33m[1mEndService[0m[1m[0m - [33m[1mNo images were processed[0m
[35m(RemoteSimulator pid=601542)[0m 17:17:14.353 | [1m[35mECLYPSE[0m | [1m[1m[35mPlacementManager[0m[1m[0m - [37mPlacement established | app=ImagePrediction | mapping={'EndService': 'outer_1', 'PredictorService': 'outer_2', 'TrainerService': 'outer_4'}[0m
[35m(RemoteSimulator pid=601542)[0m 17:17:14.354 | [1m[35mECLYPSE[0m | [1m[1m[35mSimulation[0m[1m[0m - [37mSimulation step | step=543[0m
[95m(outer_1 pid=601541)[0m 17:17:15.358 | [33m[1mWARNING[0m | [1m[33m[1mEndService[0m[1m[0m - [33m[1mNo images were processed[0m
[35m(RemoteSimulator pid=601542)[0m 17:17:15.355 | [1m[35mECLYPSE[0m | [1m[1m[35mPlacementManager[0m[1m[0m - [37mPlacement established | app=ImagePrediction | mapping={'EndService': 'outer_1', 'PredictorService': 'outer_2', 'TrainerService': 'outer_4'}[0m
[35m(RemoteSimulator pid=601542)[0m 17:17:15.355 | [1m[35mECLYPSE[0m | [1m[1m[35mSimulation[0m[1m[0m - [37mSimulation step | step=544[0m
[95m(outer_1 pid=601541)[0m 17:17:16.360 | [33m[1mWARNING[0m | [1m[33m[1mEndService[0m[1m[0m - [33m[1mNo images were processed[0m
[35m(RemoteSimulator pid=601542)[0m 17:17:16.357 | [1m[35mECLYPSE[0m | [1m[1m[35mPlacementManager[0m[1m[0m - [37mPlacement established | app=ImagePrediction | mapping={'EndService': 'outer_1', 'PredictorService': 'outer_2', 'TrainerService': 'outer_4'}[0m
[35m(RemoteSimulator pid=601542)[0m 17:17:16.357 | [1m[35mECLYPSE[0m | [1m[1m[35mSimulation[0m[1m[0m - [37mSimulation step | step=545[0m
[95m(outer_1 pid=601541)[0m 17:17:16.630 | [32m[1mSUCCESS[0m | [1m[32m[1mEndService[0m[1m[0m - [32m[1mPrediction on image 3243 is correct.[0m
[35m(RemoteSimulator pid=601542)[0m 17:17:17.358 | [1m[35mECLYPSE[0m | [1m[1m[35mPlacementManager[0m[1m[0m - [37mPlacement established | app=ImagePrediction | mapping={'EndService': 'outer_1', 'PredictorService': 'outer_2', 'TrainerService': 'outer_4'}[0m
[35m(RemoteSimulator pid=601542)[0m 17:17:17.358 | [1m[35mECLYPSE[0m | [1m[1m[35mSimulation[0m[1m[0m - [37mSimulation step | step=546[0m
[95m(outer_1 pid=601541)[0m 17:17:18.363 | [33m[1mWARNING[0m | [1m[33m[1mEndService[0m[1m[0m - [33m[1mNo images were processed[0m
[35m(RemoteSimulator pid=601542)[0m 17:17:18.359 | [1m[35mECLYPSE[0m | [1m[1m[35mPlacementManager[0m[1m[0m - [37mPlacement established | app=ImagePrediction | mapping={'EndService': 'outer_1', 'PredictorService': 'outer_2', 'TrainerService': 'outer_4'}[0m
[35m(RemoteSimulator pid=601542)[0m 17:17:18.359 | [1m[35mECLYPSE[0m | [1m[1m[35mSimulation[0m[1m[0m - [37mSimulation step | step=547[0m
[95m(outer_1 pid=601541)[0m 17:17:19.364 | [33m[1mWARNING[0m | [1m[33m[1mEndService[0m[1m[0m - [33m[1mNo images were processed[0m
[35m(RemoteSimulator pid=601542)[0m 17:17:19.360 | [1m[35mECLYPSE[0m | [1m[1m[35mPlacementManager[0m[1m[0m - [37mPlacement established | app=ImagePrediction | mapping={'EndService': 'outer_1', 'PredictorService': 'outer_2', 'TrainerService': 'outer_4'}[0m
[35m(RemoteSimulator pid=601542)[0m 17:17:19.361 | [1m[35mECLYPSE[0m | [1m[1m[35mSimulation[0m[1m[0m - [37mSimulation step | step=548[0m
[95m(outer_1 pid=601541)[0m 17:17:19.999 | [32m[1mSUCCESS[0m | [1m[32m[1mEndService[0m[1m[0m - [32m[1mPrediction on image 9328 is correct.[0m
[35m(RemoteSimulator pid=601542)[0m 17:17:20.362 | [1m[35mECLYPSE[0m | [1m[1m[35mPlacementManager[0m[1m[0m - [37mPlacement established | app=ImagePrediction | mapping={'EndService': 'outer_1', 'PredictorService': 'outer_2', 'TrainerService': 'outer_4'}[0m
[35m(RemoteSimulator pid=601542)[0m 17:17:20.362 | [1m[35mECLYPSE[0m | [1m[1m[35mSimulation[0m[1m[0m - [37mSimulation step | step=549[0m
[95m(outer_1 pid=601541)[0m 17:17:21.367 | [33m[1mWARNING[0m | [1m[33m[1mEndService[0m[1m[0m - [33m[1mNo images were processed[0m
[35m(RemoteSimulator pid=601542)[0m 17:17:21.363 | [1m[35mECLYPSE[0m | [1m[1m[35mPlacementManager[0m[1m[0m - [37mPlacement established | app=ImagePrediction | mapping={'EndService': 'outer_1', 'PredictorService': 'outer_2', 'TrainerService': 'outer_4'}[0m
[35m(RemoteSimulator pid=601542)[0m 17:17:21.363 | [1m[35mECLYPSE[0m | [1m[1m[35mSimulation[0m[1m[0m - [37mSimulation step | step=550[0m
[95m(outer_1 pid=601541)[0m 17:17:22.368 | [33m[1mWARNING[0m | [1m[33m[1mEndService[0m[1m[0m - [33m[1mNo images were processed[0m
[35m(RemoteSimulator pid=601542)[0m 17:17:22.364 | [1m[35mECLYPSE[0m | [1m[1m[35mPlacementManager[0m[1m[0m - [37mPlacement established | app=ImagePrediction | mapping={'EndService': 'outer_1', 'PredictorService': 'outer_2', 'TrainerService': 'outer_4'}[0m
[35m(RemoteSimulator pid=601542)[0m 17:17:22.365 | [1m[35mECLYPSE[0m | [1m[1m[35mSimulation[0m[1m[0m - [37mSimulation step | step=551[0m
[95m(outer_1 pid=601541)[0m 17:17:23.369 | [33m[1mWARNING[0m | [1m[33m[1mEndService[0m[1m[0m - [33m[1mNo images were processed[0m
[35m(RemoteSimulator pid=601542)[0m 17:17:23.366 | [1m[35mECLYPSE[0m | [1m[1m[35mPlacementManager[0m[1m[0m - [37mPlacement established | app=ImagePrediction | mapping={'EndService': 'outer_1', 'PredictorService': 'outer_2', 'TrainerService': 'outer_4'}[0m
[35m(RemoteSimulator pid=601542)[0m 17:17:23.366 | [1m[35mECLYPSE[0m | [1m[1m[35mSimulation[0m[1m[0m - [37mSimulation step | step=552[0m
[95m(outer_1 pid=601541)[0m 17:17:23.441 | [32m[1mSUCCESS[0m | [1m[32m[1mEndService[0m[1m[0m - [32m[1mPrediction on image 21 is correct.[0m
[35m(RemoteSimulator pid=601542)[0m 17:17:24.367 | [1m[35mECLYPSE[0m | [1m[1m[35mPlacementManager[0m[1m[0m - [37mPlacement established | app=ImagePrediction | mapping={'EndService': 'outer_1', 'PredictorService': 'outer_2', 'TrainerService': 'outer_4'}[0m
[35m(RemoteSimulator pid=601542)[0m 17:17:24.367 | [1m[35mECLYPSE[0m | [1m[1m[35mSimulation[0m[1m[0m - [37mSimulation step | step=553[0m
[95m(outer_1 pid=601541)[0m 17:17:25.372 | [33m[1mWARNING[0m | [1m[33m[1mEndService[0m[1m[0m - [33m[1mNo images were processed[0m
[35m(RemoteSimulator pid=601542)[0m 17:17:25.368 | [1m[35mECLYPSE[0m | [1m[1m[35mPlacementManager[0m[1m[0m - [37mPlacement established | app=ImagePrediction | mapping={'EndService': 'outer_1', 'PredictorService': 'outer_2', 'TrainerService': 'outer_4'}[0m
[35m(RemoteSimulator pid=601542)[0m 17:17:25.369 | [1m[35mECLYPSE[0m | [1m[1m[35mSimulation[0m[1m[0m - [37mSimulation step | step=554[0m
[95m(outer_1 pid=601541)[0m 17:17:26.374 | [33m[1mWARNING[0m | [1m[33m[1mEndService[0m[1m[0m - [33m[1mNo images were processed[0m
[35m(RemoteSimulator pid=601542)[0m 17:17:26.370 | [1m[35mECLYPSE[0m | [1m[1m[35mPlacementManager[0m[1m[0m - [37mPlacement established | app=ImagePrediction | mapping={'EndService': 'outer_1', 'PredictorService': 'outer_2', 'TrainerService': 'outer_4'}[0m
[35m(RemoteSimulator pid=601542)[0m 17:17:26.370 | [1m[35mECLYPSE[0m | [1m[1m[35mSimulation[0m[1m[0m - [37mSimulation step | step=555[0m
[95m(outer_1 pid=601541)[0m 17:17:26.955 | [31m[1mERROR[0m | [1m[31m[1mEndService[0m[1m[0m - [31m[1mPrediction on image 66 is incorrect.[0m
[35m(RemoteSimulator pid=601542)[0m 17:17:27.371 | [1m[35mECLYPSE[0m | [1m[1m[35mPlacementManager[0m[1m[0m - [37mPlacement established | app=ImagePrediction | mapping={'EndService': 'outer_1', 'PredictorService': 'outer_2', 'TrainerService': 'outer_4'}[0m
[35m(RemoteSimulator pid=601542)[0m 17:17:27.371 | [1m[35mECLYPSE[0m | [1m[1m[35mSimulation[0m[1m[0m - [37mSimulation step | step=556[0m
[95m(outer_1 pid=601541)[0m 17:17:28.376 | [33m[1mWARNING[0m | [1m[33m[1mEndService[0m[1m[0m - [33m[1mNo images were processed[0m
[35m(RemoteSimulator pid=601542)[0m 17:17:28.372 | [1m[35mECLYPSE[0m | [1m[1m[35mPlacementManager[0m[1m[0m - [37mPlacement established | app=ImagePrediction | mapping={'EndService': 'outer_1', 'PredictorService': 'outer_2', 'TrainerService': 'outer_4'}[0m
[35m(RemoteSimulator pid=601542)[0m 17:17:28.372 | [1m[35mECLYPSE[0m | [1m[1m[35mSimulation[0m[1m[0m - [37mSimulation step | step=557[0m
[95m(outer_1 pid=601541)[0m 17:17:29.377 | [33m[1mWARNING[0m | [1m[33m[1mEndService[0m[1m[0m - [33m[1mNo images were processed[0m
[35m(RemoteSimulator pid=601542)[0m 17:17:29.373 | [1m[35mECLYPSE[0m | [1m[1m[35mPlacementManager[0m[1m[0m - [37mPlacement established | app=ImagePrediction | mapping={'EndService': 'outer_1', 'PredictorService': 'outer_2', 'TrainerService': 'outer_4'}[0m
[35m(RemoteSimulator pid=601542)[0m 17:17:29.374 | [1m[35mECLYPSE[0m | [1m[1m[35mSimulation[0m[1m[0m - [37mSimulation step | step=558[0m
[95m(outer_1 pid=601541)[0m 17:17:30.379 | [33m[1mWARNING[0m | [1m[33m[1mEndService[0m[1m[0m - [33m[1mNo images were processed[0m
[35m(RemoteSimulator pid=601542)[0m 17:17:30.375 | [1m[35mECLYPSE[0m | [1m[1m[35mPlacementManager[0m[1m[0m - [37mPlacement established | app=ImagePrediction | mapping={'EndService': 'outer_1', 'PredictorService': 'outer_2', 'TrainerService': 'outer_4'}[0m
[35m(RemoteSimulator pid=601542)[0m 17:17:30.375 | [1m[35mECLYPSE[0m | [1m[1m[35mSimulation[0m[1m[0m - [37mSimulation step | step=559[0m
[95m(outer_1 pid=601541)[0m 17:17:30.592 | [32m[1mSUCCESS[0m | [1m[32m[1mEndService[0m[1m[0m - [32m[1mPrediction on image 2643 is correct.[0m
[35m(RemoteSimulator pid=601542)[0m 17:17:31.376 | [1m[35mECLYPSE[0m | [1m[1m[35mPlacementManager[0m[1m[0m - [37mPlacement established | app=ImagePrediction | mapping={'EndService': 'outer_1', 'PredictorService': 'outer_2', 'TrainerService': 'outer_4'}[0m
[35m(RemoteSimulator pid=601542)[0m 17:17:31.376 | [1m[35mECLYPSE[0m | [1m[1m[35mSimulation[0m[1m[0m - [37mSimulation step | step=560[0m
[95m(outer_1 pid=601541)[0m 17:17:32.381 | [33m[1mWARNING[0m | [1m[33m[1mEndService[0m[1m[0m - [33m[1mNo images were processed[0m
[35m(RemoteSimulator pid=601542)[0m 17:17:32.377 | [1m[35mECLYPSE[0m | [1m[1m[35mPlacementManager[0m[1m[0m - [37mPlacement established | app=ImagePrediction | mapping={'EndService': 'outer_1', 'PredictorService': 'outer_2', 'TrainerService': 'outer_4'}[0m
[35m(RemoteSimulator pid=601542)[0m 17:17:32.377 | [1m[35mECLYPSE[0m | [1m[1m[35mSimulation[0m[1m[0m - [37mSimulation step | step=561[0m
[95m(outer_1 pid=601541)[0m 17:17:33.383 | [33m[1mWARNING[0m | [1m[33m[1mEndService[0m[1m[0m - [33m[1mNo images were processed[0m
[35m(RemoteSimulator pid=601542)[0m 17:17:33.379 | [1m[35mECLYPSE[0m | [1m[1m[35mPlacementManager[0m[1m[0m - [37mPlacement established | app=ImagePrediction | mapping={'EndService': 'outer_1', 'PredictorService': 'outer_2', 'TrainerService': 'outer_4'}[0m
[35m(RemoteSimulator pid=601542)[0m 17:17:33.379 | [1m[35mECLYPSE[0m | [1m[1m[35mSimulation[0m[1m[0m - [37mSimulation step | step=562[0m
[95m(outer_1 pid=601541)[0m 17:17:34.258 | [31m[1mERROR[0m | [1m[31m[1mEndService[0m[1m[0m - [31m[1mPrediction on image 9180 is incorrect.[0m
[35m(RemoteSimulator pid=601542)[0m 17:17:34.380 | [1m[35mECLYPSE[0m | [1m[1m[35mPlacementManager[0m[1m[0m - [37mPlacement established | app=ImagePrediction | mapping={'EndService': 'outer_1', 'PredictorService': 'outer_2', 'TrainerService': 'outer_4'}[0m
[35m(RemoteSimulator pid=601542)[0m 17:17:34.380 | [1m[35mECLYPSE[0m | [1m[1m[35mSimulation[0m[1m[0m - [37mSimulation step | step=563[0m
[95m(outer_1 pid=601541)[0m 17:17:35.385 | [33m[1mWARNING[0m | [1m[33m[1mEndService[0m[1m[0m - [33m[1mNo images were processed[0m
[35m(RemoteSimulator pid=601542)[0m 17:17:35.381 | [1m[35mECLYPSE[0m | [1m[1m[35mPlacementManager[0m[1m[0m - [37mPlacement established | app=ImagePrediction | mapping={'EndService': 'outer_1', 'PredictorService': 'outer_2', 'TrainerService': 'outer_4'}[0m
[35m(RemoteSimulator pid=601542)[0m 17:17:35.381 | [1m[35mECLYPSE[0m | [1m[1m[35mSimulation[0m[1m[0m - [37mSimulation step | step=564[0m
[95m(outer_1 pid=601541)[0m 17:17:36.387 | [33m[1mWARNING[0m | [1m[33m[1mEndService[0m[1m[0m - [33m[1mNo images were processed[0m
[35m(RemoteSimulator pid=601542)[0m 17:17:36.382 | [1m[35mECLYPSE[0m | [1m[1m[35mPlacementManager[0m[1m[0m - [37mPlacement established | app=ImagePrediction | mapping={'EndService': 'outer_1', 'PredictorService': 'outer_2', 'TrainerService': 'outer_4'}[0m
[35m(RemoteSimulator pid=601542)[0m 17:17:36.383 | [1m[35mECLYPSE[0m | [1m[1m[35mSimulation[0m[1m[0m - [37mSimulation step | step=565[0m
[95m(outer_1 pid=601541)[0m 17:17:37.387 | [33m[1mWARNING[0m | [1m[33m[1mEndService[0m[1m[0m - [33m[1mNo images were processed[0m
[35m(RemoteSimulator pid=601542)[0m 17:17:37.384 | [1m[35mECLYPSE[0m | [1m[1m[35mPlacementManager[0m[1m[0m - [37mPlacement established | app=ImagePrediction | mapping={'EndService': 'outer_1', 'PredictorService': 'outer_2', 'TrainerService': 'outer_4'}[0m
[35m(RemoteSimulator pid=601542)[0m 17:17:37.384 | [1m[35mECLYPSE[0m | [1m[1m[35mSimulation[0m[1m[0m - [37mSimulation step | step=566[0m
[95m(outer_1 pid=601541)[0m 17:17:38.059 | [32m[1mSUCCESS[0m | [1m[32m[1mEndService[0m[1m[0m - [32m[1mPrediction on image 17 is correct.[0m
[35m(RemoteSimulator pid=601542)[0m 17:17:38.385 | [1m[35mECLYPSE[0m | [1m[1m[35mPlacementManager[0m[1m[0m - [37mPlacement established | app=ImagePrediction | mapping={'EndService': 'outer_1', 'PredictorService': 'outer_2', 'TrainerService': 'outer_4'}[0m
[35m(RemoteSimulator pid=601542)[0m 17:17:38.385 | [1m[35mECLYPSE[0m | [1m[1m[35mSimulation[0m[1m[0m - [37mSimulation step | step=567[0m
[95m(outer_1 pid=601541)[0m 17:17:39.389 | [33m[1mWARNING[0m | [1m[33m[1mEndService[0m[1m[0m - [33m[1mNo images were processed[0m
[35m(RemoteSimulator pid=601542)[0m 17:17:39.386 | [1m[35mECLYPSE[0m | [1m[1m[35mPlacementManager[0m[1m[0m - [37mPlacement established | app=ImagePrediction | mapping={'EndService': 'outer_1', 'PredictorService': 'outer_2', 'TrainerService': 'outer_4'}[0m
[35m(RemoteSimulator pid=601542)[0m 17:17:39.386 | [1m[35mECLYPSE[0m | [1m[1m[35mSimulation[0m[1m[0m - [37mSimulation step | step=568[0m
[95m(outer_1 pid=601541)[0m 17:17:40.390 | [33m[1mWARNING[0m | [1m[33m[1mEndService[0m[1m[0m - [33m[1mNo images were processed[0m
[35m(RemoteSimulator pid=601542)[0m 17:17:40.387 | [1m[35mECLYPSE[0m | [1m[1m[35mPlacementManager[0m[1m[0m - [37mPlacement established | app=ImagePrediction | mapping={'EndService': 'outer_1', 'PredictorService': 'outer_2', 'TrainerService': 'outer_4'}[0m
[35m(RemoteSimulator pid=601542)[0m 17:17:40.387 | [1m[35mECLYPSE[0m | [1m[1m[35mSimulation[0m[1m[0m - [37mSimulation step | step=569[0m
[95m(outer_1 pid=601541)[0m 17:17:41.393 | [33m[1mWARNING[0m | [1m[33m[1mEndService[0m[1m[0m - [33m[1mNo images were processed[0m
[35m(RemoteSimulator pid=601542)[0m 17:17:41.389 | [1m[35mECLYPSE[0m | [1m[1m[35mPlacementManager[0m[1m[0m - [37mPlacement established | app=ImagePrediction | mapping={'EndService': 'outer_1', 'PredictorService': 'outer_2', 'TrainerService': 'outer_4'}[0m
[35m(RemoteSimulator pid=601542)[0m 17:17:41.389 | [1m[35mECLYPSE[0m | [1m[1m[35mSimulation[0m[1m[0m - [37mSimulation step | step=570[0m
[95m(outer_1 pid=601541)[0m 17:17:41.915 | [31m[1mERROR[0m | [1m[31m[1mEndService[0m[1m[0m - [31m[1mPrediction on image 2990 is incorrect.[0m
[35m(RemoteSimulator pid=601542)[0m 17:17:42.390 | [1m[35mECLYPSE[0m | [1m[1m[35mPlacementManager[0m[1m[0m - [37mPlacement established | app=ImagePrediction | mapping={'EndService': 'outer_1', 'PredictorService': 'outer_2', 'TrainerService': 'outer_4'}[0m
[35m(RemoteSimulator pid=601542)[0m 17:17:42.390 | [1m[35mECLYPSE[0m | [1m[1m[35mSimulation[0m[1m[0m - [37mSimulation step | step=571[0m
[95m(outer_1 pid=601541)[0m 17:17:43.395 | [33m[1mWARNING[0m | [1m[33m[1mEndService[0m[1m[0m - [33m[1mNo images were processed[0m
[35m(RemoteSimulator pid=601542)[0m 17:17:43.391 | [1m[35mECLYPSE[0m | [1m[1m[35mPlacementManager[0m[1m[0m - [37mPlacement established | app=ImagePrediction | mapping={'EndService': 'outer_1', 'PredictorService': 'outer_2', 'TrainerService': 'outer_4'}[0m
[35m(RemoteSimulator pid=601542)[0m 17:17:43.391 | [1m[35mECLYPSE[0m | [1m[1m[35mSimulation[0m[1m[0m - [37mSimulation step | step=572[0m
[95m(outer_1 pid=601541)[0m 17:17:44.397 | [33m[1mWARNING[0m | [1m[33m[1mEndService[0m[1m[0m - [33m[1mNo images were processed[0m
[35m(RemoteSimulator pid=601542)[0m 17:17:44.392 | [1m[35mECLYPSE[0m | [1m[1m[35mPlacementManager[0m[1m[0m - [37mPlacement established | app=ImagePrediction | mapping={'EndService': 'outer_1', 'PredictorService': 'outer_2', 'TrainerService': 'outer_4'}[0m
[35m(RemoteSimulator pid=601542)[0m 17:17:44.393 | [1m[35mECLYPSE[0m | [1m[1m[35mSimulation[0m[1m[0m - [37mSimulation step | step=573[0m
[95m(outer_1 pid=601541)[0m 17:17:45.398 | [33m[1mWARNING[0m | [1m[33m[1mEndService[0m[1m[0m - [33m[1mNo images were processed[0m
[35m(RemoteSimulator pid=601542)[0m 17:17:45.394 | [1m[35mECLYPSE[0m | [1m[1m[35mPlacementManager[0m[1m[0m - [37mPlacement established | app=ImagePrediction | mapping={'EndService': 'outer_1', 'PredictorService': 'outer_2', 'TrainerService': 'outer_4'}[0m
[35m(RemoteSimulator pid=601542)[0m 17:17:45.394 | [1m[35mECLYPSE[0m | [1m[1m[35mSimulation[0m[1m[0m - [37mSimulation step | step=574[0m
[95m(outer_1 pid=601541)[0m 17:17:45.851 | [31m[1mERROR[0m | [1m[31m[1mEndService[0m[1m[0m - [31m[1mPrediction on image 307 is incorrect.[0m
[35m(RemoteSimulator pid=601542)[0m 17:17:46.395 | [1m[35mECLYPSE[0m | [1m[1m[35mPlacementManager[0m[1m[0m - [37mPlacement established | app=ImagePrediction | mapping={'EndService': 'outer_1', 'PredictorService': 'outer_2', 'TrainerService': 'outer_4'}[0m
[35m(RemoteSimulator pid=601542)[0m 17:17:46.395 | [1m[35mECLYPSE[0m | [1m[1m[35mSimulation[0m[1m[0m - [37mSimulation step | step=575[0m
[95m(outer_1 pid=601541)[0m 17:17:47.400 | [33m[1mWARNING[0m | [1m[33m[1mEndService[0m[1m[0m - [33m[1mNo images were processed[0m
[35m(RemoteSimulator pid=601542)[0m 17:17:47.396 | [1m[35mECLYPSE[0m | [1m[1m[35mPlacementManager[0m[1m[0m - [37mPlacement established | app=ImagePrediction | mapping={'EndService': 'outer_1', 'PredictorService': 'outer_2', 'TrainerService': 'outer_4'}[0m
[35m(RemoteSimulator pid=601542)[0m 17:17:47.396 | [1m[35mECLYPSE[0m | [1m[1m[35mSimulation[0m[1m[0m - [37mSimulation step | step=576[0m
[95m(outer_1 pid=601541)[0m 17:17:48.400 | [33m[1mWARNING[0m | [1m[33m[1mEndService[0m[1m[0m - [33m[1mNo images were processed[0m
[35m(RemoteSimulator pid=601542)[0m 17:17:48.397 | [1m[35mECLYPSE[0m | [1m[1m[35mPlacementManager[0m[1m[0m - [37mPlacement established | app=ImagePrediction | mapping={'EndService': 'outer_1', 'PredictorService': 'outer_2', 'TrainerService': 'outer_4'}[0m
[35m(RemoteSimulator pid=601542)[0m 17:17:48.398 | [1m[35mECLYPSE[0m | [1m[1m[35mSimulation[0m[1m[0m - [37mSimulation step | step=577[0m
[95m(outer_1 pid=601541)[0m 17:17:49.403 | [33m[1mWARNING[0m | [1m[33m[1mEndService[0m[1m[0m - [33m[1mNo images were processed[0m
[35m(RemoteSimulator pid=601542)[0m 17:17:49.399 | [1m[35mECLYPSE[0m | [1m[1m[35mPlacementManager[0m[1m[0m - [37mPlacement established | app=ImagePrediction | mapping={'EndService': 'outer_1', 'PredictorService': 'outer_2', 'TrainerService': 'outer_4'}[0m
[35m(RemoteSimulator pid=601542)[0m 17:17:49.399 | [1m[35mECLYPSE[0m | [1m[1m[35mSimulation[0m[1m[0m - [37mSimulation step | step=578[0m
[95m(outer_1 pid=601541)[0m 17:17:49.877 | [32m[1mSUCCESS[0m | [1m[32m[1mEndService[0m[1m[0m - [32m[1mPrediction on image 5684 is correct.[0m
[35m(RemoteSimulator pid=601542)[0m 17:17:50.400 | [1m[35mECLYPSE[0m | [1m[1m[35mPlacementManager[0m[1m[0m - [37mPlacement established | app=ImagePrediction | mapping={'EndService': 'outer_1', 'PredictorService': 'outer_2', 'TrainerService': 'outer_4'}[0m
[35m(RemoteSimulator pid=601542)[0m 17:17:50.400 | [1m[35mECLYPSE[0m | [1m[1m[35mSimulation[0m[1m[0m - [37mSimulation step | step=579[0m
[95m(outer_1 pid=601541)[0m 17:17:51.405 | [33m[1mWARNING[0m | [1m[33m[1mEndService[0m[1m[0m - [33m[1mNo images were processed[0m
[35m(RemoteSimulator pid=601542)[0m 17:17:51.401 | [1m[35mECLYPSE[0m | [1m[1m[35mPlacementManager[0m[1m[0m - [37mPlacement established | app=ImagePrediction | mapping={'EndService': 'outer_1', 'PredictorService': 'outer_2', 'TrainerService': 'outer_4'}[0m
[35m(RemoteSimulator pid=601542)[0m 17:17:51.401 | [1m[35mECLYPSE[0m | [1m[1m[35mSimulation[0m[1m[0m - [37mSimulation step | step=580[0m
[95m(outer_1 pid=601541)[0m 17:17:52.407 | [33m[1mWARNING[0m | [1m[33m[1mEndService[0m[1m[0m - [33m[1mNo images were processed[0m
[35m(RemoteSimulator pid=601542)[0m 17:17:52.402 | [1m[35mECLYPSE[0m | [1m[1m[35mPlacementManager[0m[1m[0m - [37mPlacement established | app=ImagePrediction | mapping={'EndService': 'outer_1', 'PredictorService': 'outer_2', 'TrainerService': 'outer_4'}[0m
[35m(RemoteSimulator pid=601542)[0m 17:17:52.403 | [1m[35mECLYPSE[0m | [1m[1m[35mSimulation[0m[1m[0m - [37mSimulation step | step=581[0m
[95m(outer_1 pid=601541)[0m 17:17:53.408 | [33m[1mWARNING[0m | [1m[33m[1mEndService[0m[1m[0m - [33m[1mNo images were processed[0m
[35m(RemoteSimulator pid=601542)[0m 17:17:53.404 | [1m[35mECLYPSE[0m | [1m[1m[35mPlacementManager[0m[1m[0m - [37mPlacement established | app=ImagePrediction | mapping={'EndService': 'outer_1', 'PredictorService': 'outer_2', 'TrainerService': 'outer_4'}[0m
[35m(RemoteSimulator pid=601542)[0m 17:17:53.404 | [1m[35mECLYPSE[0m | [1m[1m[35mSimulation[0m[1m[0m - [37mSimulation step | step=582[0m
[95m(outer_1 pid=601541)[0m 17:17:54.007 | [31m[1mERROR[0m | [1m[31m[1mEndService[0m[1m[0m - [31m[1mPrediction on image 7018 is incorrect.[0m
[35m(RemoteSimulator pid=601542)[0m 17:17:54.405 | [1m[35mECLYPSE[0m | [1m[1m[35mPlacementManager[0m[1m[0m - [37mPlacement established | app=ImagePrediction | mapping={'EndService': 'outer_1', 'PredictorService': 'outer_2', 'TrainerService': 'outer_4'}[0m
[35m(RemoteSimulator pid=601542)[0m 17:17:54.405 | [1m[35mECLYPSE[0m | [1m[1m[35mSimulation[0m[1m[0m - [37mSimulation step | step=583[0m
[95m(outer_1 pid=601541)[0m 17:17:55.409 | [33m[1mWARNING[0m | [1m[33m[1mEndService[0m[1m[0m - [33m[1mNo images were processed[0m
[35m(RemoteSimulator pid=601542)[0m 17:17:55.406 | [1m[35mECLYPSE[0m | [1m[1m[35mPlacementManager[0m[1m[0m - [37mPlacement established | app=ImagePrediction | mapping={'EndService': 'outer_1', 'PredictorService': 'outer_2', 'TrainerService': 'outer_4'}[0m
[35m(RemoteSimulator pid=601542)[0m 17:17:55.406 | [1m[35mECLYPSE[0m | [1m[1m[35mSimulation[0m[1m[0m - [37mSimulation step | step=584[0m
[95m(outer_1 pid=601541)[0m 17:17:56.411 | [33m[1mWARNING[0m | [1m[33m[1mEndService[0m[1m[0m - [33m[1mNo images were processed[0m
[35m(RemoteSimulator pid=601542)[0m 17:17:56.407 | [1m[35mECLYPSE[0m | [1m[1m[35mPlacementManager[0m[1m[0m - [37mPlacement established | app=ImagePrediction | mapping={'EndService': 'outer_1', 'PredictorService': 'outer_2', 'TrainerService': 'outer_4'}[0m
[35m(RemoteSimulator pid=601542)[0m 17:17:56.408 | [1m[35mECLYPSE[0m | [1m[1m[35mSimulation[0m[1m[0m - [37mSimulation step | step=585[0m
[95m(outer_1 pid=601541)[0m 17:17:57.413 | [33m[1mWARNING[0m | [1m[33m[1mEndService[0m[1m[0m - [33m[1mNo images were processed[0m
[35m(RemoteSimulator pid=601542)[0m 17:17:57.409 | [1m[35mECLYPSE[0m | [1m[1m[35mPlacementManager[0m[1m[0m - [37mPlacement established | app=ImagePrediction | mapping={'EndService': 'outer_1', 'PredictorService': 'outer_2', 'TrainerService': 'outer_4'}[0m
[35m(RemoteSimulator pid=601542)[0m 17:17:57.409 | [1m[35mECLYPSE[0m | [1m[1m[35mSimulation[0m[1m[0m - [37mSimulation step | step=586[0m
[95m(outer_1 pid=601541)[0m 17:17:58.210 | [32m[1mSUCCESS[0m | [1m[32m[1mEndService[0m[1m[0m - [32m[1mPrediction on image 1371 is correct.[0m
[35m(RemoteSimulator pid=601542)[0m 17:17:58.410 | [1m[35mECLYPSE[0m | [1m[1m[35mPlacementManager[0m[1m[0m - [37mPlacement established | app=ImagePrediction | mapping={'EndService': 'outer_1', 'PredictorService': 'outer_2', 'TrainerService': 'outer_4'}[0m
[35m(RemoteSimulator pid=601542)[0m 17:17:58.410 | [1m[35mECLYPSE[0m | [1m[1m[35mSimulation[0m[1m[0m - [37mSimulation step | step=587[0m
[95m(outer_1 pid=601541)[0m 17:17:59.415 | [33m[1mWARNING[0m | [1m[33m[1mEndService[0m[1m[0m - [33m[1mNo images were processed[0m
[35m(RemoteSimulator pid=601542)[0m 17:17:59.411 | [1m[35mECLYPSE[0m | [1m[1m[35mPlacementManager[0m[1m[0m - [37mPlacement established | app=ImagePrediction | mapping={'EndService': 'outer_1', 'PredictorService': 'outer_2', 'TrainerService': 'outer_4'}[0m
[35m(RemoteSimulator pid=601542)[0m 17:17:59.411 | [1m[35mECLYPSE[0m | [1m[1m[35mSimulation[0m[1m[0m - [37mSimulation step | step=588[0m
[35m(RemoteSimulator pid=601542)[0m 17:18:00.412 | [1m[35mECLYPSE[0m | [1m[1m[35mPlacementManager[0m[1m[0m - [37mPlacement established | app=ImagePrediction | mapping={'EndService': 'outer_1', 'PredictorService': 'outer_2', 'TrainerService': 'outer_4'}[0m
[35m(RemoteSimulator pid=601542)[0m 17:18:00.412 | [1m[35mECLYPSE[0m | [1m[1m[35mSimulation[0m[1m[0m - [37mSimulation step | step=589[0m
[95m(outer_1 pid=601541)[0m 17:18:00.415 | [33m[1mWARNING[0m | [1m[33m[1mEndService[0m[1m[0m - [33m[1mNo images were processed[0m
[95m(outer_1 pid=601541)[0m 17:18:01.418 | [33m[1mWARNING[0m | [1m[33m[1mEndService[0m[1m[0m - [33m[1mNo images were processed[0m
[35m(RemoteSimulator pid=601542)[0m 17:18:01.414 | [1m[35mECLYPSE[0m | [1m[1m[35mPlacementManager[0m[1m[0m - [37mPlacement established | app=ImagePrediction | mapping={'EndService': 'outer_1', 'PredictorService': 'outer_2', 'TrainerService': 'outer_4'}[0m
[35m(RemoteSimulator pid=601542)[0m 17:18:01.414 | [1m[35mECLYPSE[0m | [1m[1m[35mSimulation[0m[1m[0m - [37mSimulation step | step=590[0m
[95m(outer_1 pid=601541)[0m 17:18:02.418 | [33m[1mWARNING[0m | [1m[33m[1mEndService[0m[1m[0m - [33m[1mNo images were processed[0m
[35m(RemoteSimulator pid=601542)[0m 17:18:02.415 | [1m[35mECLYPSE[0m | [1m[1m[35mPlacementManager[0m[1m[0m - [37mPlacement established | app=ImagePrediction | mapping={'EndService': 'outer_1', 'PredictorService': 'outer_2', 'TrainerService': 'outer_4'}[0m
[35m(RemoteSimulator pid=601542)[0m 17:18:02.415 | [1m[35mECLYPSE[0m | [1m[1m[35mSimulation[0m[1m[0m - [37mSimulation step | step=591[0m
[95m(outer_1 pid=601541)[0m 17:18:02.491 | [31m[1mERROR[0m | [1m[31m[1mEndService[0m[1m[0m - [31m[1mPrediction on image 4829 is incorrect.[0m
[35m(RemoteSimulator pid=601542)[0m 17:18:03.417 | [1m[35mECLYPSE[0m | [1m[1m[35mPlacementManager[0m[1m[0m - [37mPlacement established | app=ImagePrediction | mapping={'EndService': 'outer_1', 'PredictorService': 'outer_2', 'TrainerService': 'outer_4'}[0m
[35m(RemoteSimulator pid=601542)[0m 17:18:03.417 | [1m[35mECLYPSE[0m | [1m[1m[35mSimulation[0m[1m[0m - [37mSimulation step | step=592[0m
[95m(outer_1 pid=601541)[0m 17:18:04.422 | [33m[1mWARNING[0m | [1m[33m[1mEndService[0m[1m[0m - [33m[1mNo images were processed[0m
[35m(RemoteSimulator pid=601542)[0m 17:18:04.418 | [1m[35mECLYPSE[0m | [1m[1m[35mPlacementManager[0m[1m[0m - [37mPlacement established | app=ImagePrediction | mapping={'EndService': 'outer_1', 'PredictorService': 'outer_2', 'TrainerService': 'outer_4'}[0m
[35m(RemoteSimulator pid=601542)[0m 17:18:04.418 | [1m[35mECLYPSE[0m | [1m[1m[35mSimulation[0m[1m[0m - [37mSimulation step | step=593[0m
[95m(outer_1 pid=601541)[0m 17:18:05.423 | [33m[1mWARNING[0m | [1m[33m[1mEndService[0m[1m[0m - [33m[1mNo images were processed[0m
[35m(RemoteSimulator pid=601542)[0m 17:18:05.420 | [1m[35mECLYPSE[0m | [1m[1m[35mPlacementManager[0m[1m[0m - [37mPlacement established | app=ImagePrediction | mapping={'EndService': 'outer_1', 'PredictorService': 'outer_2', 'TrainerService': 'outer_4'}[0m
[35m(RemoteSimulator pid=601542)[0m 17:18:05.420 | [1m[35mECLYPSE[0m | [1m[1m[35mSimulation[0m[1m[0m - [37mSimulation step | step=594[0m
[95m(outer_1 pid=601541)[0m 17:18:06.424 | [33m[1mWARNING[0m | [1m[33m[1mEndService[0m[1m[0m - [33m[1mNo images were processed[0m
[35m(RemoteSimulator pid=601542)[0m 17:18:06.421 | [1m[35mECLYPSE[0m | [1m[1m[35mPlacementManager[0m[1m[0m - [37mPlacement established | app=ImagePrediction | mapping={'EndService': 'outer_1', 'PredictorService': 'outer_2', 'TrainerService': 'outer_4'}[0m
[35m(RemoteSimulator pid=601542)[0m 17:18:06.421 | [1m[35mECLYPSE[0m | [1m[1m[35mSimulation[0m[1m[0m - [37mSimulation step | step=595[0m
[95m(outer_1 pid=601541)[0m 17:18:06.821 | [32m[1mSUCCESS[0m | [1m[32m[1mEndService[0m[1m[0m - [32m[1mPrediction on image 1340 is correct.[0m
[35m(RemoteSimulator pid=601542)[0m 17:18:07.422 | [1m[35mECLYPSE[0m | [1m[1m[35mPlacementManager[0m[1m[0m - [37mPlacement established | app=ImagePrediction | mapping={'EndService': 'outer_1', 'PredictorService': 'outer_2', 'TrainerService': 'outer_4'}[0m
[35m(RemoteSimulator pid=601542)[0m 17:18:07.422 | [1m[35mECLYPSE[0m | [1m[1m[35mSimulation[0m[1m[0m - [37mSimulation step | step=596[0m
[95m(outer_1 pid=601541)[0m 17:18:08.426 | [33m[1mWARNING[0m | [1m[33m[1mEndService[0m[1m[0m - [33m[1mNo images were processed[0m
[35m(RemoteSimulator pid=601542)[0m 17:18:08.423 | [1m[35mECLYPSE[0m | [1m[1m[35mPlacementManager[0m[1m[0m - [37mPlacement established | app=ImagePrediction | mapping={'EndService': 'outer_1', 'PredictorService': 'outer_2', 'TrainerService': 'outer_4'}[0m
[35m(RemoteSimulator pid=601542)[0m 17:18:08.424 | [1m[35mECLYPSE[0m | [1m[1m[35mSimulation[0m[1m[0m - [37mSimulation step | step=597[0m
[95m(outer_1 pid=601541)[0m 17:18:09.428 | [33m[1mWARNING[0m | [1m[33m[1mEndService[0m[1m[0m - [33m[1mNo images were processed[0m
[35m(RemoteSimulator pid=601542)[0m 17:18:09.425 | [1m[35mECLYPSE[0m | [1m[1m[35mPlacementManager[0m[1m[0m - [37mPlacement established | app=ImagePrediction | mapping={'EndService': 'outer_1', 'PredictorService': 'outer_2', 'TrainerService': 'outer_4'}[0m
[35m(RemoteSimulator pid=601542)[0m 17:18:09.425 | [1m[35mECLYPSE[0m | [1m[1m[35mSimulation[0m[1m[0m - [37mSimulation step | step=598[0m
[95m(outer_1 pid=601541)[0m 17:18:10.430 | [33m[1mWARNING[0m | [1m[33m[1mEndService[0m[1m[0m - [33m[1mNo images were processed[0m
[35m(RemoteSimulator pid=601542)[0m 17:18:10.426 | [1m[35mECLYPSE[0m | [1m[1m[35mPlacementManager[0m[1m[0m - [37mPlacement established | app=ImagePrediction | mapping={'EndService': 'outer_1', 'PredictorService': 'outer_2', 'TrainerService': 'outer_4'}[0m
[35m(RemoteSimulator pid=601542)[0m 17:18:10.427 | [1m[35mECLYPSE[0m | [1m[1m[35mSimulation[0m[1m[0m - [37mSimulation step | step=599[0m
[95m(outer_1 pid=601541)[0m 17:18:11.288 | [32m[1mSUCCESS[0m | [1m[32m[1mEndService[0m[1m[0m - [32m[1mPrediction on image 6553 is correct.[0m
[35m(RemoteSimulator pid=601542)[0m 17:18:11.427 | [1m[35mECLYPSE[0m | [1m[1m[35mPlacementManager[0m[1m[0m - [37mPlacement established | app=ImagePrediction | mapping={'EndService': 'outer_1', 'PredictorService': 'outer_2', 'TrainerService': 'outer_4'}[0m
[35m(RemoteSimulator pid=601542)[0m 17:18:11.428 | [1m[35mECLYPSE[0m | [1m[1m[35mSimulation[0m[1m[0m - [37mSimulation step | step=600[0m

Done. Elapsed: 602.7s (10.0 min)
17:18:11.883 | [1m[35mECLYPSE[0m | [1m[1m[35mSimulation[0m[1m[0m - [37mSimulation finished.[0m
[95m(outer_1 pid=601541)[0m Task was destroyed but it is pending!
[95m(outer_1 pid=601541)[0m task: <Task cancelling name='task-EndService' coro=<Service.run() running at /home/franz/Projects/UniWienCS/10/P2/sw/eclypse_wrk/eclypse/eclypse/remote/service/service.py:105> wait_for=<_GatheringFuture finished exception=CancelledError()>>
[95m(outer_1 pid=601541)[0m _GatheringFuture exception was never retrieved
[95m(outer_1 pid=601541)[0m future: <_GatheringFuture finished exception=CancelledError()>
[95m(outer_1 pid=601541)[0m asyncio.exceptions.CancelledError
[36m(outer_4 pid=601543)[0m /home/franz/Projects/UniWienCS/10/P2/sw/eclypse_wrk/.venv/lib/python3.12/site-packages/torch/nn/modules/dropout.py:176: UserWarning: dropout2d: Received a 2-D input to dropout2d, which is deprecated and will result in an error in a future release. To retain the behavior and silence this warning, please use dropout instead. Note that dropout2d exists to provide channel-wise dropout on inputs with 2 spatial dimensions, a channel dimension, and an optional batch dimension (i.e. 3D or 4D inputs).
[36m(outer_4 pid=601543)[0m   return F.dropout2d(input, self.p, self.training, self.inplace)
