17:08:06.957 | ECLYPSE | outer_0 - Node outer_0 created.
17:08:07.008 | ECLYPSE | outer_1 - Node outer_1 created.
17:08:07.010 | ECLYPSE | outer_2 - Node outer_2 created.
17:08:07.024 | ECLYPSE | outer_4 - Node outer_4 created.
17:08:07.041 | ECLYPSE | outer_3 - Node outer_3 created.
17:08:07.049 | ECLYPSE | center - Node center created.
17:08:09.222 | ECLYPSE | Simulation - Simulation configuration | infrastructure=IPInfr | path=results/uc3-20260708_170801 | remote=True | step_every_ms=1000 | max_steps=600 | seed=2 | report_format=csv | report_backend=pandas | log_level=ECLYPSE | log_to_file=True | include_default_metrics=False
17:08:09.222 | ECLYPSE | Simulation - Simulation started.
17:08:09.228 | WARNING | IPInfr - Node "outer_0" violated | assets=cpu,ram
17:08:09.230 | WARNING | PlacementManager - Resetting placement | app=ImagePrediction
17:08:09.230 | ECLYPSE | Simulation - Simulation step | step=1
17:08:10.231 | WARNING | IPInfr - Node "outer_0" violated | assets=ram,storage
17:08:10.232 | WARNING | PlacementManager - Resetting placement | app=ImagePrediction
17:08:10.232 | ECLYPSE | Simulation - Simulation step | step=2
17:08:13.099 | INFO | PredictorService - PredictorService deployed. Loading model...
17:08:13.106 | INFO | PredictorService - Model loaded successfully.
17:08:13.141 | INFO | EndService - EndService deployed. Loading dataset...
17:08:13.150 | INFO | EndService - Dataset loaded successfully.
17:08:13.449 | INFO | TrainerService - TrainerService deployed. Loading model...
17:08:13.503 | INFO | TrainerService - Training started.
17:08:13.632 | ECLYPSE | PlacementManager - Placement established | app=ImagePrediction | mapping={'EndService': 'outer_1', 'PredictorService': 'outer_2', 'TrainerService': 'outer_4'}
17:08:13.632 | ECLYPSE | Simulation - Simulation step | step=3
17:08:13.635 | WARNING | EndService - No images were processed
17:08:14.028 | ERROR | EndService - Prediction on image 9106 is incorrect.
17:08:14.484 | ERROR | EndService - Prediction on image 5339 is incorrect.
17:08:14.633 | ECLYPSE | PlacementManager - Placement established | app=ImagePrediction | mapping={'EndService': 'outer_1', 'PredictorService': 'outer_2', 'TrainerService': 'outer_4'}
17:08:14.633 | ECLYPSE | Simulation - Simulation step | step=4
17:08:14.896 | ERROR | EndService - Prediction on image 3726 is incorrect.
17:08:15.310 | ERROR | EndService - Prediction on image 994 is incorrect.
17:08:15.634 | ECLYPSE | PlacementManager - Placement established | app=ImagePrediction | mapping={'EndService': 'outer_1', 'PredictorService': 'outer_2', 'TrainerService': 'outer_4'}
17:08:15.635 | ECLYPSE | Simulation - Simulation step | step=5
17:08:15.751 | ERROR | EndService - Prediction on image 5304 is incorrect.
17:08:16.167 | ERROR | EndService - Prediction on image 5990 is incorrect.
17:08:16.585 | ERROR | EndService - Prediction on image 3266 is incorrect.
17:08:16.636 | ECLYPSE | PlacementManager - Placement established | app=ImagePrediction | mapping={'EndService': 'outer_1', 'PredictorService': 'outer_2', 'TrainerService': 'outer_4'}
17:08:16.636 | ECLYPSE | Simulation - Simulation step | step=6
17:08:17.019 | ERROR | EndService - Prediction on image 5290 is incorrect.
17:08:17.432 | ERROR | EndService - Prediction on image 9299 is incorrect.
17:08:17.637 | ECLYPSE | PlacementManager - Placement established | app=ImagePrediction | mapping={'EndService': 'outer_1', 'PredictorService': 'outer_2', 'TrainerService': 'outer_4'}
17:08:17.637 | ECLYPSE | Simulation - Simulation step | step=7
17:08:17.880 | ERROR | EndService - Prediction on image 9437 is incorrect.
17:08:18.310 | ERROR | EndService - Prediction on image 2185 is incorrect.
17:08:18.638 | ECLYPSE | PlacementManager - Placement established | app=ImagePrediction | mapping={'EndService': 'outer_1', 'PredictorService': 'outer_2', 'TrainerService': 'outer_4'}
17:08:18.639 | ECLYPSE | Simulation - Simulation step | step=8
17:08:18.738 | ERROR | EndService - Prediction on image 1703 is incorrect.
17:08:19.148 | ERROR | EndService - Prediction on image 7902 is incorrect.
17:08:19.570 | SUCCESS | EndService - Prediction on image 209 is correct.
17:08:19.639 | ECLYPSE | PlacementManager - Placement established | app=ImagePrediction | mapping={'EndService': 'outer_1', 'PredictorService': 'outer_2', 'TrainerService': 'outer_4'}
17:08:19.640 | ECLYPSE | Simulation - Simulation step | step=9
17:08:20.000 | SUCCESS | EndService - Prediction on image 2940 is correct.
17:08:20.415 | ERROR | EndService - Prediction on image 8783 is incorrect.
17:08:20.641 | ECLYPSE | PlacementManager - Placement established | app=ImagePrediction | mapping={'EndService': 'outer_1', 'PredictorService': 'outer_2', 'TrainerService': 'outer_4'}
17:08:20.641 | ECLYPSE | Simulation - Simulation step | step=10
17:08:20.841 | ERROR | EndService - Prediction on image 877 is incorrect.
17:08:21.264 | ERROR | EndService - Prediction on image 4726 is incorrect.
17:08:21.642 | ECLYPSE | PlacementManager - Placement established | app=ImagePrediction | mapping={'EndService': 'outer_1', 'PredictorService': 'outer_2', 'TrainerService': 'outer_4'}
17:08:21.642 | ECLYPSE | Simulation - Simulation step | step=11
17:08:21.698 | ERROR | EndService - Prediction on image 7653 is incorrect.
17:08:22.114 | ERROR | EndService - Prediction on image 6419 is incorrect.
17:08:22.543 | ERROR | EndService - Prediction on image 5791 is incorrect.
17:08:22.643 | ECLYPSE | PlacementManager - Placement established | app=ImagePrediction | mapping={'EndService': 'outer_1', 'PredictorService': 'outer_2', 'TrainerService': 'outer_4'}
17:08:22.643 | ECLYPSE | Simulation - Simulation step | step=12
17:08:22.964 | ERROR | EndService - Prediction on image 7947 is incorrect.
17:08:23.381 | ERROR | EndService - Prediction on image 740 is incorrect.
17:08:23.644 | ECLYPSE | PlacementManager - Placement established | app=ImagePrediction | mapping={'EndService': 'outer_1', 'PredictorService': 'outer_2', 'TrainerService': 'outer_4'}
17:08:23.645 | ECLYPSE | Simulation - Simulation step | step=13
17:08:23.810 | ERROR | EndService - Prediction on image 6054 is incorrect.
17:08:24.249 | ERROR | EndService - Prediction on image 6990 is incorrect.
17:08:24.646 | ECLYPSE | PlacementManager - Placement established | app=ImagePrediction | mapping={'EndService': 'outer_1', 'PredictorService': 'outer_2', 'TrainerService': 'outer_4'}
17:08:24.646 | ECLYPSE | Simulation - Simulation step | step=14
17:08:24.667 | SUCCESS | EndService - Prediction on image 6658 is correct.
17:08:25.080 | ERROR | EndService - Prediction on image 2489 is incorrect.
17:08:25.524 | ERROR | EndService - Prediction on image 6339 is incorrect.
17:08:25.647 | ECLYPSE | PlacementManager - Placement established | app=ImagePrediction | mapping={'EndService': 'outer_1', 'PredictorService': 'outer_2', 'TrainerService': 'outer_4'}
17:08:25.648 | ECLYPSE | Simulation - Simulation step | step=15
17:08:25.944 | SUCCESS | EndService - Prediction on image 5645 is correct.
17:08:26.370 | ERROR | EndService - Prediction on image 7845 is incorrect.
17:08:26.648 | ECLYPSE | PlacementManager - Placement established | app=ImagePrediction | mapping={'EndService': 'outer_1', 'PredictorService': 'outer_2', 'TrainerService': 'outer_4'}
17:08:26.649 | ECLYPSE | Simulation - Simulation step | step=16
17:08:26.794 | SUCCESS | EndService - Prediction on image 6281 is correct.
17:08:27.229 | ERROR | EndService - Prediction on image 4060 is incorrect.
17:08:27.650 | ECLYPSE | PlacementManager - Placement established | app=ImagePrediction | mapping={'EndService': 'outer_1', 'PredictorService': 'outer_2', 'TrainerService': 'outer_4'}
17:08:27.650 | ECLYPSE | Simulation - Simulation step | step=17
17:08:27.667 | ERROR | EndService - Prediction on image 5773 is incorrect.
17:08:28.080 | ERROR | EndService - Prediction on image 3713 is incorrect.
17:08:28.533 | ERROR | EndService - Prediction on image 1146 is incorrect.
17:08:28.651 | ECLYPSE | PlacementManager - Placement established | app=ImagePrediction | mapping={'EndService': 'outer_1', 'PredictorService': 'outer_2', 'TrainerService': 'outer_4'}
17:08:28.651 | ECLYPSE | Simulation - Simulation step | step=18
17:08:28.957 | ERROR | EndService - Prediction on image 8034 is incorrect.
17:08:29.410 | SUCCESS | EndService - Prediction on image 9272 is correct.
17:08:29.652 | ECLYPSE | PlacementManager - Placement established | app=ImagePrediction | mapping={'EndService': 'outer_1', 'PredictorService': 'outer_2', 'TrainerService': 'outer_4'}
17:08:29.653 | ECLYPSE | Simulation - Simulation step | step=19
17:08:29.866 | ERROR | EndService - Prediction on image 5976 is incorrect.
17:08:30.293 | ERROR | EndService - Prediction on image 1534 is incorrect.
17:08:30.654 | ECLYPSE | PlacementManager - Placement established | app=ImagePrediction | mapping={'EndService': 'outer_1', 'PredictorService': 'outer_2', 'TrainerService': 'outer_4'}
17:08:30.654 | ECLYPSE | Simulation - Simulation step | step=20
17:08:30.733 | ERROR | EndService - Prediction on image 236 is incorrect.
17:08:31.149 | ERROR | EndService - Prediction on image 5889 is incorrect.
17:08:31.587 | ERROR | EndService - Prediction on image 8357 is incorrect.
17:08:31.655 | ECLYPSE | PlacementManager - Placement established | app=ImagePrediction | mapping={'EndService': 'outer_1', 'PredictorService': 'outer_2', 'TrainerService': 'outer_4'}
17:08:31.656 | ECLYPSE | Simulation - Simulation step | step=21
17:08:32.003 | ERROR | EndService - Prediction on image 8111 is incorrect.
17:08:32.456 | ERROR | EndService - Prediction on image 114 is incorrect.
17:08:32.656 | ECLYPSE | PlacementManager - Placement established | app=ImagePrediction | mapping={'EndService': 'outer_1', 'PredictorService': 'outer_2', 'TrainerService': 'outer_4'}
17:08:32.657 | ECLYPSE | Simulation - Simulation step | step=22
17:08:32.905 | ERROR | EndService - Prediction on image 2218 is incorrect.
17:08:33.328 | ERROR | EndService - Prediction on image 3957 is incorrect.
17:08:33.658 | ECLYPSE | PlacementManager - Placement established | app=ImagePrediction | mapping={'EndService': 'outer_1', 'PredictorService': 'outer_2', 'TrainerService': 'outer_4'}
17:08:33.658 | ECLYPSE | Simulation - Simulation step | step=23
17:08:33.760 | ERROR | EndService - Prediction on image 3677 is incorrect.
17:08:34.182 | ERROR | EndService - Prediction on image 6882 is incorrect.
17:08:34.616 | ERROR | EndService - Prediction on image 5245 is incorrect.
17:08:34.659 | ECLYPSE | PlacementManager - Placement established | app=ImagePrediction | mapping={'EndService': 'outer_1', 'PredictorService': 'outer_2', 'TrainerService': 'outer_4'}
17:08:34.660 | ECLYPSE | Simulation - Simulation step | step=24
17:08:35.060 | ERROR | EndService - Prediction on image 3752 is incorrect.
17:08:35.494 | ERROR | EndService - Prediction on image 7431 is incorrect.
17:08:35.661 | ECLYPSE | PlacementManager - Placement established | app=ImagePrediction | mapping={'EndService': 'outer_1', 'PredictorService': 'outer_2', 'TrainerService': 'outer_4'}
17:08:35.661 | ECLYPSE | Simulation - Simulation step | step=25
17:08:35.922 | ERROR | EndService - Prediction on image 9568 is incorrect.
17:08:36.336 | ERROR | EndService - Prediction on image 1025 is incorrect.
17:08:36.662 | ECLYPSE | PlacementManager - Placement established | app=ImagePrediction | mapping={'EndService': 'outer_1', 'PredictorService': 'outer_2', 'TrainerService': 'outer_4'}
17:08:36.662 | ECLYPSE | Simulation - Simulation step | step=26
17:08:36.765 | ERROR | EndService - Prediction on image 2056 is incorrect.
17:08:37.183 | ERROR | EndService - Prediction on image 2515 is incorrect.
17:08:37.601 | ERROR | EndService - Prediction on image 8659 is incorrect.
17:08:37.663 | ECLYPSE | PlacementManager - Placement established | app=ImagePrediction | mapping={'EndService': 'outer_1', 'PredictorService': 'outer_2', 'TrainerService': 'outer_4'}
17:08:37.663 | ECLYPSE | Simulation - Simulation step | step=27
17:08:38.025 | ERROR | EndService - Prediction on image 2164 is incorrect.
17:08:38.455 | ERROR | EndService - Prediction on image 8379 is incorrect.
17:08:38.664 | ECLYPSE | PlacementManager - Placement established | app=ImagePrediction | mapping={'EndService': 'outer_1', 'PredictorService': 'outer_2', 'TrainerService': 'outer_4'}
17:08:38.665 | ECLYPSE | Simulation - Simulation step | step=28
17:08:38.874 | ERROR | EndService - Prediction on image 4159 is incorrect.
17:08:39.295 | ERROR | EndService - Prediction on image 157 is incorrect.
17:08:39.666 | ECLYPSE | PlacementManager - Placement established | app=ImagePrediction | mapping={'EndService': 'outer_1', 'PredictorService': 'outer_2', 'TrainerService': 'outer_4'}
17:08:39.666 | ECLYPSE | Simulation - Simulation step | step=29
17:08:39.702 | ERROR | EndService - Prediction on image 4785 is incorrect.
17:08:40.120 | SUCCESS | EndService - Prediction on image 3168 is correct.
17:08:40.561 | ERROR | EndService - Prediction on image 7638 is incorrect.
17:08:40.667 | ECLYPSE | PlacementManager - Placement established | app=ImagePrediction | mapping={'EndService': 'outer_1', 'PredictorService': 'outer_2', 'TrainerService': 'outer_4'}
17:08:40.668 | ECLYPSE | Simulation - Simulation step | step=30
17:08:40.985 | ERROR | EndService - Prediction on image 4635 is incorrect.
17:08:41.425 | ERROR | EndService - Prediction on image 4123 is incorrect.
17:08:41.668 | ECLYPSE | PlacementManager - Placement established | app=ImagePrediction | mapping={'EndService': 'outer_1', 'PredictorService': 'outer_2', 'TrainerService': 'outer_4'}
17:08:41.668 | ECLYPSE | Simulation - Simulation step | step=31
17:08:41.855 | ERROR | EndService - Prediction on image 2162 is incorrect.
17:08:42.276 | ERROR | EndService - Prediction on image 5533 is incorrect.
17:08:42.669 | ECLYPSE | PlacementManager - Placement established | app=ImagePrediction | mapping={'EndService': 'outer_1', 'PredictorService': 'outer_2', 'TrainerService': 'outer_4'}
17:08:42.670 | ECLYPSE | Simulation - Simulation step | step=32
17:08:42.715 | ERROR | EndService - Prediction on image 262 is incorrect.
17:08:43.128 | ERROR | EndService - Prediction on image 5171 is incorrect.
17:08:43.571 | ERROR | EndService - Prediction on image 3956 is incorrect.
17:08:43.670 | ECLYPSE | PlacementManager - Placement established | app=ImagePrediction | mapping={'EndService': 'outer_1', 'PredictorService': 'outer_2', 'TrainerService': 'outer_4'}
17:08:43.671 | ECLYPSE | Simulation - Simulation step | step=33
17:08:43.993 | ERROR | EndService - Prediction on image 151 is incorrect.
17:08:44.421 | ERROR | EndService - Prediction on image 5823 is incorrect.
17:08:44.672 | ECLYPSE | PlacementManager - Placement established | app=ImagePrediction | mapping={'EndService': 'outer_1', 'PredictorService': 'outer_2', 'TrainerService': 'outer_4'}
17:08:44.672 | ECLYPSE | Simulation - Simulation step | step=34
17:08:44.861 | ERROR | EndService - Prediction on image 8037 is incorrect.
17:08:45.292 | ERROR | EndService - Prediction on image 2509 is incorrect.
17:08:45.673 | ECLYPSE | PlacementManager - Placement established | app=ImagePrediction | mapping={'EndService': 'outer_1', 'PredictorService': 'outer_2', 'TrainerService': 'outer_4'}
17:08:45.673 | ECLYPSE | Simulation - Simulation step | step=35
17:08:45.714 | ERROR | EndService - Prediction on image 3272 is incorrect.
17:08:46.131 | ERROR | EndService - Prediction on image 6361 is incorrect.
17:08:46.582 | ERROR | EndService - Prediction on image 7990 is incorrect.
17:08:46.674 | ECLYPSE | PlacementManager - Placement established | app=ImagePrediction | mapping={'EndService': 'outer_1', 'PredictorService': 'outer_2', 'TrainerService': 'outer_4'}
17:08:46.675 | ECLYPSE | Simulation - Simulation step | step=36
17:08:46.997 | ERROR | EndService - Prediction on image 1006 is incorrect.
17:08:47.433 | ERROR | EndService - Prediction on image 3642 is incorrect.
17:08:47.675 | ECLYPSE | PlacementManager - Placement established | app=ImagePrediction | mapping={'EndService': 'outer_1', 'PredictorService': 'outer_2', 'TrainerService': 'outer_4'}
17:08:47.676 | ECLYPSE | Simulation - Simulation step | step=37
17:08:47.863 | ERROR | EndService - Prediction on image 3837 is incorrect.
17:08:48.290 | ERROR | EndService - Prediction on image 2365 is incorrect.
17:08:48.676 | ECLYPSE | PlacementManager - Placement established | app=ImagePrediction | mapping={'EndService': 'outer_1', 'PredictorService': 'outer_2', 'TrainerService': 'outer_4'}
17:08:48.677 | ECLYPSE | Simulation - Simulation step | step=38
17:08:48.745 | ERROR | EndService - Prediction on image 2375 is incorrect.
17:08:49.165 | ERROR | EndService - Prediction on image 1806 is incorrect.
17:08:49.591 | ERROR | EndService - Prediction on image 2785 is incorrect.
17:08:49.677 | ECLYPSE | PlacementManager - Placement established | app=ImagePrediction | mapping={'EndService': 'outer_1', 'PredictorService': 'outer_2', 'TrainerService': 'outer_4'}
17:08:49.678 | ECLYPSE | Simulation - Simulation step | step=39
17:08:50.013 | SUCCESS | EndService - Prediction on image 6655 is correct.
17:08:50.450 | ERROR | EndService - Prediction on image 8331 is incorrect.
17:08:50.680 | ECLYPSE | PlacementManager - Placement established | app=ImagePrediction | mapping={'EndService': 'outer_1', 'PredictorService': 'outer_2', 'TrainerService': 'outer_4'}
17:08:50.681 | ECLYPSE | Simulation - Simulation step | step=40
17:08:50.893 | ERROR | EndService - Prediction on image 366 is incorrect.
17:08:51.314 | ERROR | EndService - Prediction on image 3825 is incorrect.
17:08:51.681 | ECLYPSE | PlacementManager - Placement established | app=ImagePrediction | mapping={'EndService': 'outer_1', 'PredictorService': 'outer_2', 'TrainerService': 'outer_4'}
17:08:51.682 | ECLYPSE | Simulation - Simulation step | step=41
17:08:51.746 | ERROR | EndService - Prediction on image 9841 is incorrect.
17:08:52.163 | ERROR | EndService - Prediction on image 8990 is incorrect.
17:08:52.597 | SUCCESS | EndService - Prediction on image 7007 is correct.
17:08:52.683 | ECLYPSE | PlacementManager - Placement established | app=ImagePrediction | mapping={'EndService': 'outer_1', 'PredictorService': 'outer_2', 'TrainerService': 'outer_4'}
17:08:52.683 | ECLYPSE | Simulation - Simulation step | step=42
17:08:53.011 | SUCCESS | EndService - Prediction on image 3006 is correct.
17:08:53.449 | ERROR | EndService - Prediction on image 2344 is incorrect.
17:08:53.684 | ECLYPSE | PlacementManager - Placement established | app=ImagePrediction | mapping={'EndService': 'outer_1', 'PredictorService': 'outer_2', 'TrainerService': 'outer_4'}
17:08:53.684 | ECLYPSE | Simulation - Simulation step | step=43
17:08:53.887 | ERROR | EndService - Prediction on image 7737 is incorrect.
17:08:54.301 | ERROR | EndService - Prediction on image 638 is incorrect.
17:08:54.685 | ECLYPSE | PlacementManager - Placement established | app=ImagePrediction | mapping={'EndService': 'outer_1', 'PredictorService': 'outer_2', 'TrainerService': 'outer_4'}
17:08:54.685 | ECLYPSE | Simulation - Simulation step | step=44
17:08:54.739 | ERROR | EndService - Prediction on image 9939 is incorrect.
17:08:55.160 | ERROR | EndService - Prediction on image 4602 is incorrect.
17:08:55.582 | ERROR | EndService - Prediction on image 2197 is incorrect.
17:08:55.686 | ECLYPSE | PlacementManager - Placement established | app=ImagePrediction | mapping={'EndService': 'outer_1', 'PredictorService': 'outer_2', 'TrainerService': 'outer_4'}
17:08:55.687 | ECLYPSE | Simulation - Simulation step | step=45
17:08:56.005 | ERROR | EndService - Prediction on image 1480 is incorrect.
17:08:56.428 | ERROR | EndService - Prediction on image 587 is incorrect.
17:08:56.687 | ECLYPSE | PlacementManager - Placement established | app=ImagePrediction | mapping={'EndService': 'outer_1', 'PredictorService': 'outer_2', 'TrainerService': 'outer_4'}
17:08:56.688 | ECLYPSE | Simulation - Simulation step | step=46
17:08:56.865 | ERROR | EndService - Prediction on image 4597 is incorrect.
17:08:57.320 | ERROR | EndService - Prediction on image 9339 is incorrect.
17:08:57.689 | ECLYPSE | PlacementManager - Placement established | app=ImagePrediction | mapping={'EndService': 'outer_1', 'PredictorService': 'outer_2', 'TrainerService': 'outer_4'}
17:08:57.689 | ECLYPSE | Simulation - Simulation step | step=47
17:08:57.733 | ERROR | EndService - Prediction on image 8727 is incorrect.
17:08:58.151 | ERROR | EndService - Prediction on image 9360 is incorrect.
17:08:58.595 | ERROR | EndService - Prediction on image 9264 is incorrect.
17:08:58.690 | ECLYPSE | PlacementManager - Placement established | app=ImagePrediction | mapping={'EndService': 'outer_1', 'PredictorService': 'outer_2', 'TrainerService': 'outer_4'}
17:08:58.690 | ECLYPSE | Simulation - Simulation step | step=48
17:08:59.012 | SUCCESS | EndService - Prediction on image 8409 is correct.
17:08:59.451 | ERROR | EndService - Prediction on image 3741 is incorrect.
17:08:59.692 | ECLYPSE | PlacementManager - Placement established | app=ImagePrediction | mapping={'EndService': 'outer_1', 'PredictorService': 'outer_2', 'TrainerService': 'outer_4'}
17:08:59.692 | ECLYPSE | Simulation - Simulation step | step=49
17:08:59.883 | ERROR | EndService - Prediction on image 8650 is incorrect.
17:09:00.299 | ERROR | EndService - Prediction on image 1497 is incorrect.
17:09:00.693 | ECLYPSE | PlacementManager - Placement established | app=ImagePrediction | mapping={'EndService': 'outer_1', 'PredictorService': 'outer_2', 'TrainerService': 'outer_4'}
17:09:00.694 | ECLYPSE | Simulation - Simulation step | step=50
17:09:00.722 | ERROR | EndService - Prediction on image 5054 is incorrect.
17:09:01.131 | ERROR | EndService - Prediction on image 817 is incorrect.
17:09:01.544 | ERROR | EndService - Prediction on image 9284 is incorrect.
17:09:01.694 | ECLYPSE | PlacementManager - Placement established | app=ImagePrediction | mapping={'EndService': 'outer_1', 'PredictorService': 'outer_2', 'TrainerService': 'outer_4'}
17:09:01.695 | ECLYPSE | Simulation - Simulation step | step=51
17:09:01.988 | ERROR | EndService - Prediction on image 9722 is incorrect.
17:09:02.442 | ERROR | EndService - Prediction on image 3703 is incorrect.
17:09:02.696 | ECLYPSE | PlacementManager - Placement established | app=ImagePrediction | mapping={'EndService': 'outer_1', 'PredictorService': 'outer_2', 'TrainerService': 'outer_4'}
17:09:02.696 | ECLYPSE | Simulation - Simulation step | step=52
17:09:02.859 | ERROR | EndService - Prediction on image 8333 is incorrect.
17:09:03.276 | ERROR | EndService - Prediction on image 5900 is incorrect.
17:09:03.694 | ERROR | EndService - Prediction on image 2001 is incorrect.
17:09:03.697 | ECLYPSE | PlacementManager - Placement established | app=ImagePrediction | mapping={'EndService': 'outer_1', 'PredictorService': 'outer_2', 'TrainerService': 'outer_4'}
17:09:03.697 | ECLYPSE | Simulation - Simulation step | step=53
17:09:04.112 | ERROR | EndService - Prediction on image 8565 is incorrect.
17:09:04.542 | ERROR | EndService - Prediction on image 2354 is incorrect.
17:09:04.698 | ECLYPSE | PlacementManager - Placement established | app=ImagePrediction | mapping={'EndService': 'outer_1', 'PredictorService': 'outer_2', 'TrainerService': 'outer_4'}
17:09:04.699 | ECLYPSE | Simulation - Simulation step | step=54
17:09:04.982 | ERROR | EndService - Prediction on image 1153 is incorrect.
17:09:05.404 | ERROR | EndService - Prediction on image 6719 is incorrect.
17:09:05.700 | ECLYPSE | PlacementManager - Placement established | app=ImagePrediction | mapping={'EndService': 'outer_1', 'PredictorService': 'outer_2', 'TrainerService': 'outer_4'}
17:09:05.700 | ECLYPSE | Simulation - Simulation step | step=55
17:09:05.834 | ERROR | EndService - Prediction on image 405 is incorrect.
17:09:06.263 | ERROR | EndService - Prediction on image 9233 is incorrect.
17:09:06.695 | ERROR | EndService - Prediction on image 652 is incorrect.
17:09:06.702 | ECLYPSE | PlacementManager - Placement established | app=ImagePrediction | mapping={'EndService': 'outer_1', 'PredictorService': 'outer_2', 'TrainerService': 'outer_4'}
17:09:06.704 | ECLYPSE | Simulation - Simulation step | step=56
17:09:07.118 | ERROR | EndService - Prediction on image 7261 is incorrect.
17:09:07.564 | ERROR | EndService - Prediction on image 4196 is incorrect.
17:09:07.704 | ECLYPSE | PlacementManager - Placement established | app=ImagePrediction | mapping={'EndService': 'outer_1', 'PredictorService': 'outer_2', 'TrainerService': 'outer_4'}
17:09:07.705 | ECLYPSE | Simulation - Simulation step | step=57
17:09:07.994 | ERROR | EndService - Prediction on image 2397 is incorrect.
17:09:08.412 | ERROR | EndService - Prediction on image 5815 is incorrect.
17:09:08.706 | ECLYPSE | PlacementManager - Placement established | app=ImagePrediction | mapping={'EndService': 'outer_1', 'PredictorService': 'outer_2', 'TrainerService': 'outer_4'}
17:09:08.706 | ECLYPSE | Simulation - Simulation step | step=58
17:09:08.839 | ERROR | EndService - Prediction on image 9066 is incorrect.
17:09:09.277 | ERROR | EndService - Prediction on image 1548 is incorrect.
17:09:09.704 | ERROR | EndService - Prediction on image 5779 is incorrect.
17:09:09.707 | ECLYPSE | PlacementManager - Placement established | app=ImagePrediction | mapping={'EndService': 'outer_1', 'PredictorService': 'outer_2', 'TrainerService': 'outer_4'}
17:09:09.708 | ECLYPSE | Simulation - Simulation step | step=59
17:09:10.126 | ERROR | EndService - Prediction on image 3092 is incorrect.
17:09:10.554 | ERROR | EndService - Prediction on image 5236 is incorrect.
17:09:10.709 | ECLYPSE | PlacementManager - Placement established | app=ImagePrediction | mapping={'EndService': 'outer_1', 'PredictorService': 'outer_2', 'TrainerService': 'outer_4'}
17:09:10.709 | ECLYPSE | Simulation - Simulation step | step=60
17:09:10.980 | ERROR | EndService - Prediction on image 5532 is incorrect.
17:09:11.395 | ERROR | EndService - Prediction on image 9115 is incorrect.
17:09:11.710 | ECLYPSE | PlacementManager - Placement established | app=ImagePrediction | mapping={'EndService': 'outer_1', 'PredictorService': 'outer_2', 'TrainerService': 'outer_4'}
17:09:11.710 | ECLYPSE | Simulation - Simulation step | step=61
17:09:11.834 | ERROR | EndService - Prediction on image 2240 is incorrect.
17:09:12.249 | ERROR | EndService - Prediction on image 8709 is incorrect.
17:09:12.691 | ERROR | EndService - Prediction on image 5140 is incorrect.
17:09:12.711 | ECLYPSE | PlacementManager - Placement established | app=ImagePrediction | mapping={'EndService': 'outer_1', 'PredictorService': 'outer_2', 'TrainerService': 'outer_4'}
17:09:12.712 | ECLYPSE | Simulation - Simulation step | step=62
17:09:13.106 | ERROR | EndService - Prediction on image 8156 is incorrect.
17:09:13.546 | ERROR | EndService - Prediction on image 6474 is incorrect.
17:09:13.712 | ECLYPSE | PlacementManager - Placement established | app=ImagePrediction | mapping={'EndService': 'outer_1', 'PredictorService': 'outer_2', 'TrainerService': 'outer_4'}
17:09:13.713 | ECLYPSE | Simulation - Simulation step | step=63
17:09:13.971 | ERROR | EndService - Prediction on image 9045 is incorrect.
17:09:14.390 | ERROR | EndService - Prediction on image 3019 is incorrect.
17:09:14.714 | ECLYPSE | PlacementManager - Placement established | app=ImagePrediction | mapping={'EndService': 'outer_1', 'PredictorService': 'outer_2', 'TrainerService': 'outer_4'}
17:09:14.714 | ECLYPSE | Simulation - Simulation step | step=64
17:09:14.829 | ERROR | EndService - Prediction on image 3657 is incorrect.
17:09:15.247 | ERROR | EndService - Prediction on image 1052 is incorrect.
17:09:15.700 | ERROR | EndService - Prediction on image 7001 is incorrect.
17:09:15.715 | ECLYPSE | PlacementManager - Placement established | app=ImagePrediction | mapping={'EndService': 'outer_1', 'PredictorService': 'outer_2', 'TrainerService': 'outer_4'}
17:09:15.715 | ECLYPSE | Simulation - Simulation step | step=65
17:09:16.128 | ERROR | EndService - Prediction on image 2763 is incorrect.
17:09:16.542 | ERROR | EndService - Prediction on image 4220 is incorrect.
17:09:16.716 | ECLYPSE | PlacementManager - Placement established | app=ImagePrediction | mapping={'EndService': 'outer_1', 'PredictorService': 'outer_2', 'TrainerService': 'outer_4'}
17:09:16.717 | ECLYPSE | Simulation - Simulation step | step=66
17:09:16.966 | ERROR | EndService - Prediction on image 6110 is incorrect.
17:09:17.383 | SUCCESS | EndService - Prediction on image 8537 is correct.
17:09:17.718 | ECLYPSE | PlacementManager - Placement established | app=ImagePrediction | mapping={'EndService': 'outer_1', 'PredictorService': 'outer_2', 'TrainerService': 'outer_4'}
17:09:17.718 | ECLYPSE | Simulation - Simulation step | step=67
17:09:17.811 | ERROR | EndService - Prediction on image 5535 is incorrect.
17:09:18.231 | ERROR | EndService - Prediction on image 4593 is incorrect.
17:09:18.659 | ERROR | EndService - Prediction on image 3421 is incorrect.
17:09:18.719 | ECLYPSE | PlacementManager - Placement established | app=ImagePrediction | mapping={'EndService': 'outer_1', 'PredictorService': 'outer_2', 'TrainerService': 'outer_4'}
17:09:18.719 | ECLYPSE | Simulation - Simulation step | step=68
17:09:19.082 | ERROR | EndService - Prediction on image 8570 is incorrect.
17:09:19.521 | ERROR | EndService - Prediction on image 5526 is incorrect.
17:09:19.720 | ECLYPSE | PlacementManager - Placement established | app=ImagePrediction | mapping={'EndService': 'outer_1', 'PredictorService': 'outer_2', 'TrainerService': 'outer_4'}
17:09:19.721 | ECLYPSE | Simulation - Simulation step | step=69
17:09:19.954 | ERROR | EndService - Prediction on image 8614 is incorrect.
17:09:20.369 | ERROR | EndService - Prediction on image 9490 is incorrect.
17:09:20.723 | ECLYPSE | PlacementManager - Placement established | app=ImagePrediction | mapping={'EndService': 'outer_1', 'PredictorService': 'outer_2', 'TrainerService': 'outer_4'}
17:09:20.723 | ECLYPSE | Simulation - Simulation step | step=70
17:09:20.783 | SUCCESS | EndService - Prediction on image 7483 is correct.
17:09:21.195 | ERROR | EndService - Prediction on image 1190 is incorrect.
17:09:21.633 | ERROR | EndService - Prediction on image 2149 is incorrect.
17:09:21.724 | ECLYPSE | PlacementManager - Placement established | app=ImagePrediction | mapping={'EndService': 'outer_1', 'PredictorService': 'outer_2', 'TrainerService': 'outer_4'}
17:09:21.724 | ECLYPSE | Simulation - Simulation step | step=71
17:09:22.047 | ERROR | EndService - Prediction on image 6277 is incorrect.
17:09:22.488 | SUCCESS | EndService - Prediction on image 6571 is correct.
17:09:22.725 | ECLYPSE | PlacementManager - Placement established | app=ImagePrediction | mapping={'EndService': 'outer_1', 'PredictorService': 'outer_2', 'TrainerService': 'outer_4'}
17:09:22.726 | ECLYPSE | Simulation - Simulation step | step=72
17:09:22.914 | ERROR | EndService - Prediction on image 1668 is incorrect.
17:09:23.335 | ERROR | EndService - Prediction on image 3171 is incorrect.
17:09:23.727 | ECLYPSE | PlacementManager - Placement established | app=ImagePrediction | mapping={'EndService': 'outer_1', 'PredictorService': 'outer_2', 'TrainerService': 'outer_4'}
17:09:23.727 | ECLYPSE | Simulation - Simulation step | step=73
17:09:23.770 | ERROR | EndService - Prediction on image 9594 is incorrect.
17:09:24.177 | ERROR | EndService - Prediction on image 7332 is incorrect.
17:09:24.625 | ERROR | EndService - Prediction on image 9988 is incorrect.
17:09:24.728 | ECLYPSE | PlacementManager - Placement established | app=ImagePrediction | mapping={'EndService': 'outer_1', 'PredictorService': 'outer_2', 'TrainerService': 'outer_4'}
17:09:24.729 | ECLYPSE | Simulation - Simulation step | step=74
17:09:25.041 | ERROR | EndService - Prediction on image 4073 is incorrect.
17:09:25.477 | ERROR | EndService - Prediction on image 1382 is incorrect.
17:09:25.730 | ECLYPSE | PlacementManager - Placement established | app=ImagePrediction | mapping={'EndService': 'outer_1', 'PredictorService': 'outer_2', 'TrainerService': 'outer_4'}
17:09:25.730 | ECLYPSE | Simulation - Simulation step | step=75
17:09:25.906 | ERROR | EndService - Prediction on image 6390 is incorrect.
17:09:26.339 | ERROR | EndService - Prediction on image 9384 is incorrect.
17:09:26.731 | ECLYPSE | PlacementManager - Placement established | app=ImagePrediction | mapping={'EndService': 'outer_1', 'PredictorService': 'outer_2', 'TrainerService': 'outer_4'}
17:09:26.732 | ECLYPSE | Simulation - Simulation step | step=76
17:09:26.760 | ERROR | EndService - Prediction on image 2436 is incorrect.
17:09:27.171 | ERROR | EndService - Prediction on image 1181 is incorrect.
17:09:27.589 | ERROR | EndService - Prediction on image 4878 is incorrect.
17:09:27.732 | ECLYPSE | PlacementManager - Placement established | app=ImagePrediction | mapping={'EndService': 'outer_1', 'PredictorService': 'outer_2', 'TrainerService': 'outer_4'}
17:09:27.733 | ECLYPSE | Simulation - Simulation step | step=77
17:09:28.028 | ERROR | EndService - Prediction on image 583 is incorrect.
17:09:28.449 | ERROR | EndService - Prediction on image 4772 is incorrect.
17:09:28.734 | ECLYPSE | PlacementManager - Placement established | app=ImagePrediction | mapping={'EndService': 'outer_1', 'PredictorService': 'outer_2', 'TrainerService': 'outer_4'}
17:09:28.734 | ECLYPSE | Simulation - Simulation step | step=78
17:09:28.873 | ERROR | EndService - Prediction on image 194 is incorrect.
17:09:29.284 | ERROR | EndService - Prediction on image 7460 is incorrect.
17:09:29.699 | SUCCESS | EndService - Prediction on image 3293 is correct.
17:09:29.735 | ECLYPSE | PlacementManager - Placement established | app=ImagePrediction | mapping={'EndService': 'outer_1', 'PredictorService': 'outer_2', 'TrainerService': 'outer_4'}
17:09:29.736 | ECLYPSE | Simulation - Simulation step | step=79
17:09:30.123 | ERROR | EndService - Prediction on image 1701 is incorrect.
17:09:30.552 | ERROR | EndService - Prediction on image 3128 is incorrect.
17:09:30.737 | ECLYPSE | PlacementManager - Placement established | app=ImagePrediction | mapping={'EndService': 'outer_1', 'PredictorService': 'outer_2', 'TrainerService': 'outer_4'}
17:09:30.737 | ECLYPSE | Simulation - Simulation step | step=80
17:09:30.990 | ERROR | EndService - Prediction on image 9656 is incorrect.
17:09:31.425 | SUCCESS | EndService - Prediction on image 726 is correct.
17:09:31.738 | ECLYPSE | PlacementManager - Placement established | app=ImagePrediction | mapping={'EndService': 'outer_1', 'PredictorService': 'outer_2', 'TrainerService': 'outer_4'}
17:09:31.738 | ECLYPSE | Simulation - Simulation step | step=81
17:09:31.852 | ERROR | EndService - Prediction on image 2539 is incorrect.
17:09:32.267 | ERROR | EndService - Prediction on image 7944 is incorrect.
17:09:32.706 | ERROR | EndService - Prediction on image 6979 is incorrect.
17:09:32.739 | ECLYPSE | PlacementManager - Placement established | app=ImagePrediction | mapping={'EndService': 'outer_1', 'PredictorService': 'outer_2', 'TrainerService': 'outer_4'}
17:09:32.740 | ECLYPSE | Simulation - Simulation step | step=82
17:09:33.123 | ERROR | EndService - Prediction on image 1541 is incorrect.
17:09:33.557 | ERROR | EndService - Prediction on image 8279 is incorrect.
17:09:33.741 | ECLYPSE | PlacementManager - Placement established | app=ImagePrediction | mapping={'EndService': 'outer_1', 'PredictorService': 'outer_2', 'TrainerService': 'outer_4'}
17:09:33.741 | ECLYPSE | Simulation - Simulation step | step=83
17:09:33.987 | SUCCESS | EndService - Prediction on image 6247 is correct.
17:09:34.430 | ERROR | EndService - Prediction on image 3768 is incorrect.
17:09:34.742 | ECLYPSE | PlacementManager - Placement established | app=ImagePrediction | mapping={'EndService': 'outer_1', 'PredictorService': 'outer_2', 'TrainerService': 'outer_4'}
17:09:34.742 | ECLYPSE | Simulation - Simulation step | step=84
17:09:34.846 | ERROR | EndService - Prediction on image 3767 is incorrect.
17:09:35.262 | ERROR | EndService - Prediction on image 9677 is incorrect.
17:09:35.681 | ERROR | EndService - Prediction on image 971 is incorrect.
17:09:35.743 | ECLYPSE | PlacementManager - Placement established | app=ImagePrediction | mapping={'EndService': 'outer_1', 'PredictorService': 'outer_2', 'TrainerService': 'outer_4'}
17:09:35.744 | ECLYPSE | Simulation - Simulation step | step=85
17:09:36.111 | ERROR | EndService - Prediction on image 6034 is incorrect.
17:09:36.559 | ERROR | EndService - Prediction on image 2853 is incorrect.
17:09:36.745 | ECLYPSE | PlacementManager - Placement established | app=ImagePrediction | mapping={'EndService': 'outer_1', 'PredictorService': 'outer_2', 'TrainerService': 'outer_4'}
17:09:36.745 | ECLYPSE | Simulation - Simulation step | step=86
17:09:36.991 | ERROR | EndService - Prediction on image 5005 is incorrect.
17:09:37.415 | ERROR | EndService - Prediction on image 1300 is incorrect.
17:09:37.746 | ECLYPSE | PlacementManager - Placement established | app=ImagePrediction | mapping={'EndService': 'outer_1', 'PredictorService': 'outer_2', 'TrainerService': 'outer_4'}
17:09:37.746 | ECLYPSE | Simulation - Simulation step | step=87
17:09:37.835 | ERROR | EndService - Prediction on image 4323 is incorrect.
17:09:38.250 | ERROR | EndService - Prediction on image 8441 is incorrect.
17:09:38.665 | ERROR | EndService - Prediction on image 2537 is incorrect.
17:09:38.747 | ECLYPSE | PlacementManager - Placement established | app=ImagePrediction | mapping={'EndService': 'outer_1', 'PredictorService': 'outer_2', 'TrainerService': 'outer_4'}
17:09:38.747 | ECLYPSE | Simulation - Simulation step | step=88
17:09:39.093 | ERROR | EndService - Prediction on image 9776 is incorrect.
17:09:39.519 | ERROR | EndService - Prediction on image 3843 is incorrect.
17:09:39.748 | ECLYPSE | PlacementManager - Placement established | app=ImagePrediction | mapping={'EndService': 'outer_1', 'PredictorService': 'outer_2', 'TrainerService': 'outer_4'}
17:09:39.748 | ECLYPSE | Simulation - Simulation step | step=89
17:09:39.967 | ERROR | EndService - Prediction on image 2389 is incorrect.
17:09:40.408 | ERROR | EndService - Prediction on image 3423 is incorrect.
17:09:40.749 | ECLYPSE | PlacementManager - Placement established | app=ImagePrediction | mapping={'EndService': 'outer_1', 'PredictorService': 'outer_2', 'TrainerService': 'outer_4'}
17:09:40.750 | ECLYPSE | Simulation - Simulation step | step=90
17:09:40.835 | ERROR | EndService - Prediction on image 5057 is incorrect.
17:09:41.253 | ERROR | EndService - Prediction on image 6712 is incorrect.
17:09:41.667 | ERROR | EndService - Prediction on image 3282 is incorrect.
17:09:41.751 | ECLYPSE | PlacementManager - Placement established | app=ImagePrediction | mapping={'EndService': 'outer_1', 'PredictorService': 'outer_2', 'TrainerService': 'outer_4'}
17:09:41.751 | ECLYPSE | Simulation - Simulation step | step=91
17:09:42.087 | ERROR | EndService - Prediction on image 2027 is incorrect.
17:09:42.529 | ERROR | EndService - Prediction on image 8957 is incorrect.
17:09:42.752 | ECLYPSE | PlacementManager - Placement established | app=ImagePrediction | mapping={'EndService': 'outer_1', 'PredictorService': 'outer_2', 'TrainerService': 'outer_4'}
17:09:42.753 | ECLYPSE | Simulation - Simulation step | step=92
17:09:42.956 | ERROR | EndService - Prediction on image 95 is incorrect.
17:09:43.397 | ERROR | EndService - Prediction on image 6746 is incorrect.
17:09:43.753 | ECLYPSE | PlacementManager - Placement established | app=ImagePrediction | mapping={'EndService': 'outer_1', 'PredictorService': 'outer_2', 'TrainerService': 'outer_4'}
17:09:43.754 | ECLYPSE | Simulation - Simulation step | step=93
17:09:43.829 | ERROR | EndService - Prediction on image 4202 is incorrect.
17:09:44.240 | ERROR | EndService - Prediction on image 3717 is incorrect.
17:09:44.666 | ERROR | EndService - Prediction on image 4194 is incorrect.
17:09:44.755 | ECLYPSE | PlacementManager - Placement established | app=ImagePrediction | mapping={'EndService': 'outer_1', 'PredictorService': 'outer_2', 'TrainerService': 'outer_4'}
17:09:44.755 | ECLYPSE | Simulation - Simulation step | step=94
17:09:45.081 | ERROR | EndService - Prediction on image 346 is incorrect.
17:09:45.507 | ERROR | EndService - Prediction on image 4295 is incorrect.
17:09:45.756 | ECLYPSE | PlacementManager - Placement established | app=ImagePrediction | mapping={'EndService': 'outer_1', 'PredictorService': 'outer_2', 'TrainerService': 'outer_4'}
17:09:45.757 | ECLYPSE | Simulation - Simulation step | step=95
17:09:45.931 | ERROR | EndService - Prediction on image 3281 is incorrect.
17:09:46.354 | ERROR | EndService - Prediction on image 8518 is incorrect.
17:09:46.758 | ECLYPSE | PlacementManager - Placement established | app=ImagePrediction | mapping={'EndService': 'outer_1', 'PredictorService': 'outer_2', 'TrainerService': 'outer_4'}
17:09:46.758 | ECLYPSE | Simulation - Simulation step | step=96
17:09:46.788 | ERROR | EndService - Prediction on image 2711 is incorrect.
17:09:47.203 | ERROR | EndService - Prediction on image 8913 is incorrect.
17:09:47.637 | SUCCESS | EndService - Prediction on image 2662 is correct.
17:09:47.759 | ECLYPSE | PlacementManager - Placement established | app=ImagePrediction | mapping={'EndService': 'outer_1', 'PredictorService': 'outer_2', 'TrainerService': 'outer_4'}
17:09:47.760 | ECLYPSE | Simulation - Simulation step | step=97
17:09:48.062 | ERROR | EndService - Prediction on image 1056 is incorrect.
17:09:48.475 | SUCCESS | EndService - Prediction on image 1812 is correct.
17:09:48.761 | ECLYPSE | PlacementManager - Placement established | app=ImagePrediction | mapping={'EndService': 'outer_1', 'PredictorService': 'outer_2', 'TrainerService': 'outer_4'}
17:09:48.762 | ECLYPSE | Simulation - Simulation step | step=98
17:09:48.889 | ERROR | EndService - Prediction on image 6538 is incorrect.
17:09:49.345 | ERROR | EndService - Prediction on image 7946 is incorrect.
17:09:49.762 | ECLYPSE | PlacementManager - Placement established | app=ImagePrediction | mapping={'EndService': 'outer_1', 'PredictorService': 'outer_2', 'TrainerService': 'outer_4'}
17:09:49.763 | ECLYPSE | Simulation - Simulation step | step=99
17:09:49.769 | SUCCESS | EndService - Prediction on image 3716 is correct.
17:09:50.181 | ERROR | EndService - Prediction on image 2245 is incorrect.
17:09:50.625 | ERROR | EndService - Prediction on image 548 is incorrect.
17:09:50.764 | ECLYPSE | PlacementManager - Placement established | app=ImagePrediction | mapping={'EndService': 'outer_1', 'PredictorService': 'outer_2', 'TrainerService': 'outer_4'}
17:09:50.764 | ECLYPSE | Simulation - Simulation step | step=100
17:09:51.054 | ERROR | EndService - Prediction on image 3962 is incorrect.
17:09:51.524 | ERROR | EndService - Prediction on image 7951 is incorrect.
17:09:51.765 | ECLYPSE | PlacementManager - Placement established | app=ImagePrediction | mapping={'EndService': 'outer_1', 'PredictorService': 'outer_2', 'TrainerService': 'outer_4'}
17:09:51.765 | ECLYPSE | Simulation - Simulation step | step=101
17:09:51.942 | ERROR | EndService - Prediction on image 157 is incorrect.
17:09:52.364 | ERROR | EndService - Prediction on image 2501 is incorrect.
17:09:52.766 | ECLYPSE | PlacementManager - Placement established | app=ImagePrediction | mapping={'EndService': 'outer_1', 'PredictorService': 'outer_2', 'TrainerService': 'outer_4'}
17:09:52.767 | ECLYPSE | Simulation - Simulation step | step=102
17:09:52.825 | ERROR | EndService - Prediction on image 3652 is incorrect.
17:09:53.239 | ERROR | EndService - Prediction on image 3643 is incorrect.
17:09:53.697 | ERROR | EndService - Prediction on image 9102 is incorrect.
17:09:53.767 | ECLYPSE | PlacementManager - Placement established | app=ImagePrediction | mapping={'EndService': 'outer_1', 'PredictorService': 'outer_2', 'TrainerService': 'outer_4'}
17:09:53.768 | ECLYPSE | Simulation - Simulation step | step=103
17:09:54.114 | ERROR | EndService - Prediction on image 9354 is incorrect.
17:09:54.555 | ERROR | EndService - Prediction on image 815 is incorrect.
17:09:54.769 | ECLYPSE | PlacementManager - Placement established | app=ImagePrediction | mapping={'EndService': 'outer_1', 'PredictorService': 'outer_2', 'TrainerService': 'outer_4'}
17:09:54.769 | ECLYPSE | Simulation - Simulation step | step=104
17:09:54.996 | ERROR | EndService - Prediction on image 5620 is incorrect.
17:09:55.415 | ERROR | EndService - Prediction on image 2886 is incorrect.
17:09:55.770 | ECLYPSE | PlacementManager - Placement established | app=ImagePrediction | mapping={'EndService': 'outer_1', 'PredictorService': 'outer_2', 'TrainerService': 'outer_4'}
17:09:55.770 | ECLYPSE | Simulation - Simulation step | step=105
17:09:55.837 | ERROR | EndService - Prediction on image 1609 is incorrect.
17:09:56.253 | ERROR | EndService - Prediction on image 2202 is incorrect.
17:09:56.689 | SUCCESS | EndService - Prediction on image 1255 is correct.
17:09:56.771 | ECLYPSE | PlacementManager - Placement established | app=ImagePrediction | mapping={'EndService': 'outer_1', 'PredictorService': 'outer_2', 'TrainerService': 'outer_4'}
17:09:56.772 | ECLYPSE | Simulation - Simulation step | step=106
17:09:57.108 | ERROR | EndService - Prediction on image 2056 is incorrect.
17:09:57.550 | ERROR | EndService - Prediction on image 7793 is incorrect.
17:09:57.773 | ECLYPSE | PlacementManager - Placement established | app=ImagePrediction | mapping={'EndService': 'outer_1', 'PredictorService': 'outer_2', 'TrainerService': 'outer_4'}
17:09:57.773 | ECLYPSE | Simulation - Simulation step | step=107
17:09:57.976 | ERROR | EndService - Prediction on image 5711 is incorrect.
17:09:58.401 | ERROR | EndService - Prediction on image 4639 is incorrect.
17:09:58.774 | ECLYPSE | PlacementManager - Placement established | app=ImagePrediction | mapping={'EndService': 'outer_1', 'PredictorService': 'outer_2', 'TrainerService': 'outer_4'}
17:09:58.774 | ECLYPSE | Simulation - Simulation step | step=108
17:09:58.826 | ERROR | EndService - Prediction on image 8605 is incorrect.
17:09:59.242 | ERROR | EndService - Prediction on image 3120 is incorrect.
17:09:59.679 | ERROR | EndService - Prediction on image 1987 is incorrect.
17:09:59.775 | ECLYPSE | PlacementManager - Placement established | app=ImagePrediction | mapping={'EndService': 'outer_1', 'PredictorService': 'outer_2', 'TrainerService': 'outer_4'}
17:09:59.776 | ECLYPSE | Simulation - Simulation step | step=109
17:10:00.092 | ERROR | EndService - Prediction on image 1412 is incorrect.
17:10:00.506 | ERROR | EndService - Prediction on image 4201 is incorrect.
17:10:00.777 | ECLYPSE | PlacementManager - Placement established | app=ImagePrediction | mapping={'EndService': 'outer_1', 'PredictorService': 'outer_2', 'TrainerService': 'outer_4'}
17:10:00.778 | ECLYPSE | Simulation - Simulation step | step=110
17:10:00.928 | ERROR | EndService - Prediction on image 9511 is incorrect.
17:10:01.350 | ERROR | EndService - Prediction on image 5986 is incorrect.
17:10:01.764 | ERROR | EndService - Prediction on image 9545 is incorrect.
17:10:01.778 | ECLYPSE | PlacementManager - Placement established | app=ImagePrediction | mapping={'EndService': 'outer_1', 'PredictorService': 'outer_2', 'TrainerService': 'outer_4'}
17:10:01.779 | ECLYPSE | Simulation - Simulation step | step=111
17:10:02.184 | ERROR | EndService - Prediction on image 9593 is incorrect.
17:10:02.625 | ERROR | EndService - Prediction on image 8067 is incorrect.
17:10:02.780 | ECLYPSE | PlacementManager - Placement established | app=ImagePrediction | mapping={'EndService': 'outer_1', 'PredictorService': 'outer_2', 'TrainerService': 'outer_4'}
17:10:02.780 | ECLYPSE | Simulation - Simulation step | step=112
17:10:03.045 | ERROR | EndService - Prediction on image 6538 is incorrect.
17:10:03.414 | WARNING | PredictorService - Model updated.
17:10:03.504 | SUCCESS | EndService - Prediction on image 9212 is correct.
17:10:03.692 | ERROR | EndService - Prediction on image 1194 is incorrect.
17:10:03.781 | ECLYPSE | PlacementManager - Placement established | app=ImagePrediction | mapping={'EndService': 'outer_1', 'PredictorService': 'outer_2', 'TrainerService': 'outer_4'}
17:10:03.782 | ECLYPSE | Simulation - Simulation step | step=113
17:10:03.877 | ERROR | EndService - Prediction on image 9355 is incorrect.
17:10:04.066 | SUCCESS | EndService - Prediction on image 6444 is correct.
17:10:04.253 | ERROR | EndService - Prediction on image 2433 is incorrect.
17:10:04.437 | ERROR | EndService - Prediction on image 5689 is incorrect.
17:10:04.634 | ERROR | EndService - Prediction on image 9641 is incorrect.
17:10:04.782 | ECLYPSE | PlacementManager - Placement established | app=ImagePrediction | mapping={'EndService': 'outer_1', 'PredictorService': 'outer_2', 'TrainerService': 'outer_4'}
17:10:04.783 | ECLYPSE | Simulation - Simulation step | step=114
17:10:04.826 | ERROR | EndService - Prediction on image 9140 is incorrect.
17:10:05.011 | SUCCESS | EndService - Prediction on image 6442 is correct.
17:10:05.204 | SUCCESS | EndService - Prediction on image 1216 is correct.
17:10:05.395 | ERROR | EndService - Prediction on image 2624 is incorrect.
17:10:05.586 | ERROR | EndService - Prediction on image 4484 is incorrect.
17:10:05.784 | ECLYPSE | PlacementManager - Placement established | app=ImagePrediction | mapping={'EndService': 'outer_1', 'PredictorService': 'outer_2', 'TrainerService': 'outer_4'}
17:10:05.784 | ECLYPSE | Simulation - Simulation step | step=115
17:10:05.795 | SUCCESS | EndService - Prediction on image 5702 is correct.
17:10:05.985 | SUCCESS | EndService - Prediction on image 6893 is correct.
17:10:06.170 | SUCCESS | EndService - Prediction on image 3368 is correct.
17:10:06.370 | ERROR | EndService - Prediction on image 6116 is incorrect.
17:10:06.555 | ERROR | EndService - Prediction on image 2854 is incorrect.
17:10:06.750 | ERROR | EndService - Prediction on image 2661 is incorrect.
17:10:06.785 | ECLYPSE | PlacementManager - Placement established | app=ImagePrediction | mapping={'EndService': 'outer_1', 'PredictorService': 'outer_2', 'TrainerService': 'outer_4'}
17:10:06.785 | ECLYPSE | Simulation - Simulation step | step=116
17:10:06.936 | SUCCESS | EndService - Prediction on image 286 is correct.
17:10:07.117 | ERROR | EndService - Prediction on image 1981 is incorrect.
17:10:07.301 | SUCCESS | EndService - Prediction on image 7761 is correct.
17:10:07.493 | ERROR | EndService - Prediction on image 5943 is incorrect.
17:10:07.683 | ERROR | EndService - Prediction on image 3262 is incorrect.
17:10:07.786 | ECLYPSE | PlacementManager - Placement established | app=ImagePrediction | mapping={'EndService': 'outer_1', 'PredictorService': 'outer_2', 'TrainerService': 'outer_4'}
17:10:07.787 | ECLYPSE | Simulation - Simulation step | step=117
17:10:07.873 | ERROR | EndService - Prediction on image 5099 is incorrect.
17:10:08.058 | ERROR | EndService - Prediction on image 7584 is incorrect.
17:10:08.253 | ERROR | EndService - Prediction on image 8663 is incorrect.
17:10:08.449 | ERROR | EndService - Prediction on image 2780 is incorrect.
17:10:08.635 | ERROR | EndService - Prediction on image 3981 is incorrect.
17:10:08.787 | ECLYPSE | PlacementManager - Placement established | app=ImagePrediction | mapping={'EndService': 'outer_1', 'PredictorService': 'outer_2', 'TrainerService': 'outer_4'}
17:10:08.788 | ECLYPSE | Simulation - Simulation step | step=118
17:10:08.827 | SUCCESS | EndService - Prediction on image 2246 is correct.
17:10:09.015 | SUCCESS | EndService - Prediction on image 5606 is correct.
17:10:09.205 | ERROR | EndService - Prediction on image 6811 is incorrect.
17:10:09.630 | SUCCESS | EndService - Prediction on image 9807 is correct.
17:10:09.789 | ECLYPSE | PlacementManager - Placement established | app=ImagePrediction | mapping={'EndService': 'outer_1', 'PredictorService': 'outer_2', 'TrainerService': 'outer_4'}
17:10:09.789 | ECLYPSE | Simulation - Simulation step | step=119
17:10:10.070 | SUCCESS | EndService - Prediction on image 1199 is correct.
17:10:10.491 | ERROR | EndService - Prediction on image 3894 is incorrect.
17:10:10.790 | ECLYPSE | PlacementManager - Placement established | app=ImagePrediction | mapping={'EndService': 'outer_1', 'PredictorService': 'outer_2', 'TrainerService': 'outer_4'}
17:10:10.791 | ECLYPSE | Simulation - Simulation step | step=120
17:10:10.929 | ERROR | EndService - Prediction on image 3008 is incorrect.
17:10:11.350 | ERROR | EndService - Prediction on image 7491 is incorrect.
17:10:11.776 | SUCCESS | EndService - Prediction on image 6947 is correct.
17:10:11.792 | ECLYPSE | PlacementManager - Placement established | app=ImagePrediction | mapping={'EndService': 'outer_1', 'PredictorService': 'outer_2', 'TrainerService': 'outer_4'}
17:10:11.793 | ECLYPSE | Simulation - Simulation step | step=121
17:10:12.206 | SUCCESS | EndService - Prediction on image 1218 is correct.
17:10:12.646 | ERROR | EndService - Prediction on image 9735 is incorrect.
17:10:12.793 | ECLYPSE | PlacementManager - Placement established | app=ImagePrediction | mapping={'EndService': 'outer_1', 'PredictorService': 'outer_2', 'TrainerService': 'outer_4'}
17:10:12.794 | ECLYPSE | Simulation - Simulation step | step=122
17:10:13.085 | ERROR | EndService - Prediction on image 7055 is incorrect.
17:10:13.519 | ERROR | EndService - Prediction on image 206 is incorrect.
17:10:13.795 | ECLYPSE | PlacementManager - Placement established | app=ImagePrediction | mapping={'EndService': 'outer_1', 'PredictorService': 'outer_2', 'TrainerService': 'outer_4'}
17:10:13.796 | ECLYPSE | Simulation - Simulation step | step=123
17:10:13.958 | ERROR | EndService - Prediction on image 4893 is incorrect.
17:10:14.387 | ERROR | EndService - Prediction on image 9736 is incorrect.
17:10:14.796 | ECLYPSE | PlacementManager - Placement established | app=ImagePrediction | mapping={'EndService': 'outer_1', 'PredictorService': 'outer_2', 'TrainerService': 'outer_4'}
17:10:14.797 | ECLYPSE | Simulation - Simulation step | step=124
17:10:14.805 | ERROR | EndService - Prediction on image 8988 is incorrect.
17:10:15.226 | SUCCESS | EndService - Prediction on image 3423 is correct.
17:10:15.652 | SUCCESS | EndService - Prediction on image 2507 is correct.
17:10:15.797 | ECLYPSE | PlacementManager - Placement established | app=ImagePrediction | mapping={'EndService': 'outer_1', 'PredictorService': 'outer_2', 'TrainerService': 'outer_4'}
17:10:15.798 | ECLYPSE | Simulation - Simulation step | step=125
17:10:16.103 | ERROR | EndService - Prediction on image 521 is incorrect.
17:10:16.538 | ERROR | EndService - Prediction on image 258 is incorrect.
17:10:16.799 | ECLYPSE | PlacementManager - Placement established | app=ImagePrediction | mapping={'EndService': 'outer_1', 'PredictorService': 'outer_2', 'TrainerService': 'outer_4'}
17:10:16.799 | ECLYPSE | Simulation - Simulation step | step=126
17:10:16.973 | ERROR | EndService - Prediction on image 9949 is incorrect.
17:10:17.383 | SUCCESS | EndService - Prediction on image 6461 is correct.
17:10:17.794 | ERROR | EndService - Prediction on image 6206 is incorrect.
17:10:17.801 | ECLYPSE | PlacementManager - Placement established | app=ImagePrediction | mapping={'EndService': 'outer_1', 'PredictorService': 'outer_2', 'TrainerService': 'outer_4'}
17:10:17.802 | ECLYPSE | Simulation - Simulation step | step=127
17:10:18.217 | ERROR | EndService - Prediction on image 8027 is incorrect.
17:10:18.663 | ERROR | EndService - Prediction on image 5084 is incorrect.
17:10:18.803 | ECLYPSE | PlacementManager - Placement established | app=ImagePrediction | mapping={'EndService': 'outer_1', 'PredictorService': 'outer_2', 'TrainerService': 'outer_4'}
17:10:18.803 | ECLYPSE | Simulation - Simulation step | step=128
17:10:19.119 | ERROR | EndService - Prediction on image 3626 is incorrect.
17:10:19.553 | ERROR | EndService - Prediction on image 4750 is incorrect.
17:10:19.804 | ECLYPSE | PlacementManager - Placement established | app=ImagePrediction | mapping={'EndService': 'outer_1', 'PredictorService': 'outer_2', 'TrainerService': 'outer_4'}
17:10:19.804 | ECLYPSE | Simulation - Simulation step | step=129
17:10:19.989 | ERROR | EndService - Prediction on image 6186 is incorrect.
17:10:20.413 | ERROR | EndService - Prediction on image 8867 is incorrect.
17:10:20.805 | ECLYPSE | PlacementManager - Placement established | app=ImagePrediction | mapping={'EndService': 'outer_1', 'PredictorService': 'outer_2', 'TrainerService': 'outer_4'}
17:10:20.806 | ECLYPSE | Simulation - Simulation step | step=130
17:10:20.836 | ERROR | EndService - Prediction on image 8541 is incorrect.
17:10:21.246 | ERROR | EndService - Prediction on image 8807 is incorrect.
17:10:21.660 | ERROR | EndService - Prediction on image 6024 is incorrect.
17:10:21.806 | ECLYPSE | PlacementManager - Placement established | app=ImagePrediction | mapping={'EndService': 'outer_1', 'PredictorService': 'outer_2', 'TrainerService': 'outer_4'}
17:10:21.807 | ECLYPSE | Simulation - Simulation step | step=131
17:10:22.078 | SUCCESS | EndService - Prediction on image 7606 is correct.
17:10:22.520 | ERROR | EndService - Prediction on image 6417 is incorrect.
17:10:22.808 | ECLYPSE | PlacementManager - Placement established | app=ImagePrediction | mapping={'EndService': 'outer_1', 'PredictorService': 'outer_2', 'TrainerService': 'outer_4'}
17:10:22.808 | ECLYPSE | Simulation - Simulation step | step=132
17:10:22.987 | ERROR | EndService - Prediction on image 9791 is incorrect.
17:10:23.412 | ERROR | EndService - Prediction on image 6200 is incorrect.
17:10:23.809 | ECLYPSE | PlacementManager - Placement established | app=ImagePrediction | mapping={'EndService': 'outer_1', 'PredictorService': 'outer_2', 'TrainerService': 'outer_4'}
17:10:23.809 | ECLYPSE | Simulation - Simulation step | step=133
17:10:23.847 | ERROR | EndService - Prediction on image 456 is incorrect.
17:10:24.261 | SUCCESS | EndService - Prediction on image 9101 is correct.
17:10:24.696 | ERROR | EndService - Prediction on image 6051 is incorrect.
17:10:24.810 | ECLYPSE | PlacementManager - Placement established | app=ImagePrediction | mapping={'EndService': 'outer_1', 'PredictorService': 'outer_2', 'TrainerService': 'outer_4'}
17:10:24.811 | ECLYPSE | Simulation - Simulation step | step=134
17:10:25.119 | ERROR | EndService - Prediction on image 7507 is incorrect.
17:10:25.544 | ERROR | EndService - Prediction on image 9267 is incorrect.
17:10:25.812 | ECLYPSE | PlacementManager - Placement established | app=ImagePrediction | mapping={'EndService': 'outer_1', 'PredictorService': 'outer_2', 'TrainerService': 'outer_4'}
17:10:25.812 | ECLYPSE | Simulation - Simulation step | step=135
17:10:25.974 | ERROR | EndService - Prediction on image 1316 is incorrect.
17:10:26.403 | ERROR | EndService - Prediction on image 3655 is incorrect.
17:10:26.813 | ECLYPSE | PlacementManager - Placement established | app=ImagePrediction | mapping={'EndService': 'outer_1', 'PredictorService': 'outer_2', 'TrainerService': 'outer_4'}
17:10:26.813 | ECLYPSE | Simulation - Simulation step | step=136
17:10:26.829 | ERROR | EndService - Prediction on image 1358 is incorrect.
17:10:27.241 | SUCCESS | EndService - Prediction on image 8585 is correct.
17:10:27.681 | ERROR | EndService - Prediction on image 5630 is incorrect.
17:10:27.814 | ECLYPSE | PlacementManager - Placement established | app=ImagePrediction | mapping={'EndService': 'outer_1', 'PredictorService': 'outer_2', 'TrainerService': 'outer_4'}
17:10:27.815 | ECLYPSE | Simulation - Simulation step | step=137
17:10:28.100 | ERROR | EndService - Prediction on image 2140 is incorrect.
17:10:28.514 | SUCCESS | EndService - Prediction on image 5576 is correct.
17:10:28.815 | ECLYPSE | PlacementManager - Placement established | app=ImagePrediction | mapping={'EndService': 'outer_1', 'PredictorService': 'outer_2', 'TrainerService': 'outer_4'}
17:10:28.816 | ECLYPSE | Simulation - Simulation step | step=138
17:10:28.947 | ERROR | EndService - Prediction on image 6111 is incorrect.
17:10:29.364 | SUCCESS | EndService - Prediction on image 9293 is correct.
17:10:29.789 | SUCCESS | EndService - Prediction on image 9603 is correct.
17:10:29.817 | ECLYPSE | PlacementManager - Placement established | app=ImagePrediction | mapping={'EndService': 'outer_1', 'PredictorService': 'outer_2', 'TrainerService': 'outer_4'}
17:10:29.817 | ECLYPSE | Simulation - Simulation step | step=139
17:10:30.221 | ERROR | EndService - Prediction on image 1044 is incorrect.
17:10:30.648 | ERROR | EndService - Prediction on image 4468 is incorrect.
17:10:30.818 | ECLYPSE | PlacementManager - Placement established | app=ImagePrediction | mapping={'EndService': 'outer_1', 'PredictorService': 'outer_2', 'TrainerService': 'outer_4'}
17:10:30.818 | ECLYPSE | Simulation - Simulation step | step=140
17:10:31.069 | ERROR | EndService - Prediction on image 2331 is incorrect.
17:10:31.504 | ERROR | EndService - Prediction on image 1429 is incorrect.
17:10:31.819 | ECLYPSE | PlacementManager - Placement established | app=ImagePrediction | mapping={'EndService': 'outer_1', 'PredictorService': 'outer_2', 'TrainerService': 'outer_4'}
17:10:31.819 | ECLYPSE | Simulation - Simulation step | step=141
17:10:31.932 | ERROR | EndService - Prediction on image 2013 is incorrect.
17:10:32.353 | SUCCESS | EndService - Prediction on image 3373 is correct.
17:10:32.801 | ERROR | EndService - Prediction on image 3200 is incorrect.
17:10:32.820 | ECLYPSE | PlacementManager - Placement established | app=ImagePrediction | mapping={'EndService': 'outer_1', 'PredictorService': 'outer_2', 'TrainerService': 'outer_4'}
17:10:32.820 | ECLYPSE | Simulation - Simulation step | step=142
17:10:33.230 | ERROR | EndService - Prediction on image 3943 is incorrect.
17:10:33.648 | ERROR | EndService - Prediction on image 6057 is incorrect.
17:10:33.821 | ECLYPSE | PlacementManager - Placement established | app=ImagePrediction | mapping={'EndService': 'outer_1', 'PredictorService': 'outer_2', 'TrainerService': 'outer_4'}
17:10:33.821 | ECLYPSE | Simulation - Simulation step | step=143
17:10:34.087 | ERROR | EndService - Prediction on image 4222 is incorrect.
17:10:34.519 | ERROR | EndService - Prediction on image 2035 is incorrect.
17:10:34.822 | ECLYPSE | PlacementManager - Placement established | app=ImagePrediction | mapping={'EndService': 'outer_1', 'PredictorService': 'outer_2', 'TrainerService': 'outer_4'}
17:10:34.822 | ECLYPSE | Simulation - Simulation step | step=144
17:10:34.967 | ERROR | EndService - Prediction on image 2227 is incorrect.
17:10:35.399 | SUCCESS | EndService - Prediction on image 7390 is correct.
17:10:35.823 | ECLYPSE | PlacementManager - Placement established | app=ImagePrediction | mapping={'EndService': 'outer_1', 'PredictorService': 'outer_2', 'TrainerService': 'outer_4'}
17:10:35.824 | ECLYPSE | Simulation - Simulation step | step=145
17:10:35.834 | SUCCESS | EndService - Prediction on image 7824 is correct.
17:10:36.249 | ERROR | EndService - Prediction on image 4825 is incorrect.
17:10:36.682 | SUCCESS | EndService - Prediction on image 4388 is correct.
17:10:36.824 | ECLYPSE | PlacementManager - Placement established | app=ImagePrediction | mapping={'EndService': 'outer_1', 'PredictorService': 'outer_2', 'TrainerService': 'outer_4'}
17:10:36.825 | ECLYPSE | Simulation - Simulation step | step=146
17:10:37.124 | ERROR | EndService - Prediction on image 875 is incorrect.
17:10:37.558 | ERROR | EndService - Prediction on image 5851 is incorrect.
17:10:37.826 | ECLYPSE | PlacementManager - Placement established | app=ImagePrediction | mapping={'EndService': 'outer_1', 'PredictorService': 'outer_2', 'TrainerService': 'outer_4'}
17:10:37.826 | ECLYPSE | Simulation - Simulation step | step=147
17:10:38.009 | SUCCESS | EndService - Prediction on image 3458 is correct.
17:10:38.438 | ERROR | EndService - Prediction on image 4888 is incorrect.
17:10:38.827 | ECLYPSE | PlacementManager - Placement established | app=ImagePrediction | mapping={'EndService': 'outer_1', 'PredictorService': 'outer_2', 'TrainerService': 'outer_4'}
17:10:38.828 | ECLYPSE | Simulation - Simulation step | step=148
17:10:38.876 | ERROR | EndService - Prediction on image 2261 is incorrect.
17:10:39.287 | SUCCESS | EndService - Prediction on image 2066 is correct.
17:10:39.713 | ERROR | EndService - Prediction on image 6324 is incorrect.
17:10:39.828 | ECLYPSE | PlacementManager - Placement established | app=ImagePrediction | mapping={'EndService': 'outer_1', 'PredictorService': 'outer_2', 'TrainerService': 'outer_4'}
17:10:39.829 | ECLYPSE | Simulation - Simulation step | step=149
17:10:40.150 | ERROR | EndService - Prediction on image 322 is incorrect.
17:10:40.585 | ERROR | EndService - Prediction on image 2644 is incorrect.
17:10:40.830 | ECLYPSE | PlacementManager - Placement established | app=ImagePrediction | mapping={'EndService': 'outer_1', 'PredictorService': 'outer_2', 'TrainerService': 'outer_4'}
17:10:40.830 | ECLYPSE | Simulation - Simulation step | step=150
17:10:41.010 | ERROR | EndService - Prediction on image 4685 is incorrect.
17:10:41.421 | ERROR | EndService - Prediction on image 6726 is incorrect.
17:10:41.831 | ECLYPSE | PlacementManager - Placement established | app=ImagePrediction | mapping={'EndService': 'outer_1', 'PredictorService': 'outer_2', 'TrainerService': 'outer_4'}
17:10:41.832 | ECLYPSE | Simulation - Simulation step | step=151
17:10:41.840 | ERROR | EndService - Prediction on image 5015 is incorrect.
17:10:42.250 | ERROR | EndService - Prediction on image 5196 is incorrect.
17:10:42.669 | ERROR | EndService - Prediction on image 1442 is incorrect.
17:10:42.832 | ECLYPSE | PlacementManager - Placement established | app=ImagePrediction | mapping={'EndService': 'outer_1', 'PredictorService': 'outer_2', 'TrainerService': 'outer_4'}
17:10:42.833 | ECLYPSE | Simulation - Simulation step | step=152
17:10:43.111 | ERROR | EndService - Prediction on image 5491 is incorrect.
17:10:43.548 | ERROR | EndService - Prediction on image 2734 is incorrect.
17:10:43.833 | ECLYPSE | PlacementManager - Placement established | app=ImagePrediction | mapping={'EndService': 'outer_1', 'PredictorService': 'outer_2', 'TrainerService': 'outer_4'}
17:10:43.834 | ECLYPSE | Simulation - Simulation step | step=153
17:10:43.978 | SUCCESS | EndService - Prediction on image 9524 is correct.
17:10:44.396 | SUCCESS | EndService - Prediction on image 8542 is correct.
17:10:44.815 | SUCCESS | EndService - Prediction on image 4845 is correct.
17:10:44.834 | ECLYPSE | PlacementManager - Placement established | app=ImagePrediction | mapping={'EndService': 'outer_1', 'PredictorService': 'outer_2', 'TrainerService': 'outer_4'}
17:10:44.835 | ECLYPSE | Simulation - Simulation step | step=154
17:10:45.238 | SUCCESS | EndService - Prediction on image 9684 is correct.
17:10:45.677 | SUCCESS | EndService - Prediction on image 6437 is correct.
17:10:45.835 | ECLYPSE | PlacementManager - Placement established | app=ImagePrediction | mapping={'EndService': 'outer_1', 'PredictorService': 'outer_2', 'TrainerService': 'outer_4'}
17:10:45.836 | ECLYPSE | Simulation - Simulation step | step=155
17:10:46.109 | ERROR | EndService - Prediction on image 4212 is incorrect.
17:10:46.550 | ERROR | EndService - Prediction on image 8928 is incorrect.
17:10:46.837 | ECLYPSE | PlacementManager - Placement established | app=ImagePrediction | mapping={'EndService': 'outer_1', 'PredictorService': 'outer_2', 'TrainerService': 'outer_4'}
17:10:46.837 | ECLYPSE | Simulation - Simulation step | step=156
17:10:46.982 | SUCCESS | EndService - Prediction on image 9660 is correct.
17:10:47.409 | SUCCESS | EndService - Prediction on image 8671 is correct.
17:10:47.837 | ERROR | EndService - Prediction on image 6497 is incorrect.
17:10:47.838 | ECLYPSE | PlacementManager - Placement established | app=ImagePrediction | mapping={'EndService': 'outer_1', 'PredictorService': 'outer_2', 'TrainerService': 'outer_4'}
17:10:47.838 | ECLYPSE | Simulation - Simulation step | step=157
17:10:48.259 | ERROR | EndService - Prediction on image 3021 is incorrect.
17:10:48.713 | ERROR | EndService - Prediction on image 7449 is incorrect.
17:10:48.839 | ECLYPSE | PlacementManager - Placement established | app=ImagePrediction | mapping={'EndService': 'outer_1', 'PredictorService': 'outer_2', 'TrainerService': 'outer_4'}
17:10:48.839 | ECLYPSE | Simulation - Simulation step | step=158
17:10:49.157 | ERROR | EndService - Prediction on image 8510 is incorrect.
17:10:49.586 | ERROR | EndService - Prediction on image 3576 is incorrect.
17:10:49.840 | ECLYPSE | PlacementManager - Placement established | app=ImagePrediction | mapping={'EndService': 'outer_1', 'PredictorService': 'outer_2', 'TrainerService': 'outer_4'}
17:10:49.841 | ECLYPSE | Simulation - Simulation step | step=159
17:10:50.004 | ERROR | EndService - Prediction on image 3097 is incorrect.
17:10:50.445 | ERROR | EndService - Prediction on image 844 is incorrect.
17:10:50.842 | ECLYPSE | PlacementManager - Placement established | app=ImagePrediction | mapping={'EndService': 'outer_1', 'PredictorService': 'outer_2', 'TrainerService': 'outer_4'}
17:10:50.842 | ECLYPSE | Simulation - Simulation step | step=160
17:10:50.865 | ERROR | EndService - Prediction on image 588 is incorrect.
17:10:51.282 | ERROR | EndService - Prediction on image 5157 is incorrect.
17:10:51.708 | ERROR | EndService - Prediction on image 7786 is incorrect.
17:10:51.843 | ECLYPSE | PlacementManager - Placement established | app=ImagePrediction | mapping={'EndService': 'outer_1', 'PredictorService': 'outer_2', 'TrainerService': 'outer_4'}
17:10:51.843 | ECLYPSE | Simulation - Simulation step | step=161
17:10:52.131 | ERROR | EndService - Prediction on image 4358 is incorrect.
17:10:52.571 | ERROR | EndService - Prediction on image 1746 is incorrect.
17:10:52.844 | ECLYPSE | PlacementManager - Placement established | app=ImagePrediction | mapping={'EndService': 'outer_1', 'PredictorService': 'outer_2', 'TrainerService': 'outer_4'}
17:10:52.844 | ECLYPSE | Simulation - Simulation step | step=162
17:10:52.987 | SUCCESS | EndService - Prediction on image 9040 is correct.
17:10:53.411 | ERROR | EndService - Prediction on image 6716 is incorrect.
17:10:53.839 | ERROR | EndService - Prediction on image 565 is incorrect.
17:10:53.845 | ECLYPSE | PlacementManager - Placement established | app=ImagePrediction | mapping={'EndService': 'outer_1', 'PredictorService': 'outer_2', 'TrainerService': 'outer_4'}
17:10:53.846 | ECLYPSE | Simulation - Simulation step | step=163
17:10:54.262 | SUCCESS | EndService - Prediction on image 5750 is correct.
17:10:54.688 | ERROR | EndService - Prediction on image 4856 is incorrect.
17:10:54.847 | ECLYPSE | PlacementManager - Placement established | app=ImagePrediction | mapping={'EndService': 'outer_1', 'PredictorService': 'outer_2', 'TrainerService': 'outer_4'}
17:10:54.847 | ECLYPSE | Simulation - Simulation step | step=164
17:10:55.109 | ERROR | EndService - Prediction on image 2537 is incorrect.
17:10:55.554 | ERROR | EndService - Prediction on image 4116 is incorrect.
17:10:55.848 | ECLYPSE | PlacementManager - Placement established | app=ImagePrediction | mapping={'EndService': 'outer_1', 'PredictorService': 'outer_2', 'TrainerService': 'outer_4'}
17:10:55.848 | ECLYPSE | Simulation - Simulation step | step=165
17:10:55.981 | ERROR | EndService - Prediction on image 8803 is incorrect.
17:10:56.400 | ERROR | EndService - Prediction on image 9298 is incorrect.
17:10:56.837 | SUCCESS | EndService - Prediction on image 1408 is correct.
17:10:56.849 | ECLYPSE | PlacementManager - Placement established | app=ImagePrediction | mapping={'EndService': 'outer_1', 'PredictorService': 'outer_2', 'TrainerService': 'outer_4'}
17:10:56.850 | ECLYPSE | Simulation - Simulation step | step=166
17:10:57.269 | ERROR | EndService - Prediction on image 8486 is incorrect.
17:10:57.717 | SUCCESS | EndService - Prediction on image 3412 is correct.
17:10:57.851 | ECLYPSE | PlacementManager - Placement established | app=ImagePrediction | mapping={'EndService': 'outer_1', 'PredictorService': 'outer_2', 'TrainerService': 'outer_4'}
17:10:57.851 | ECLYPSE | Simulation - Simulation step | step=167
17:10:58.144 | SUCCESS | EndService - Prediction on image 7688 is correct.
17:10:58.587 | SUCCESS | EndService - Prediction on image 7203 is correct.
17:10:58.852 | ECLYPSE | PlacementManager - Placement established | app=ImagePrediction | mapping={'EndService': 'outer_1', 'PredictorService': 'outer_2', 'TrainerService': 'outer_4'}
17:10:58.852 | ECLYPSE | Simulation - Simulation step | step=168
17:10:59.009 | ERROR | EndService - Prediction on image 878 is incorrect.
17:10:59.433 | ERROR | EndService - Prediction on image 6540 is incorrect.
17:10:59.853 | ECLYPSE | PlacementManager - Placement established | app=ImagePrediction | mapping={'EndService': 'outer_1', 'PredictorService': 'outer_2', 'TrainerService': 'outer_4'}
17:10:59.854 | ECLYPSE | Simulation - Simulation step | step=169
17:10:59.873 | SUCCESS | EndService - Prediction on image 6033 is correct.
17:11:00.288 | ERROR | EndService - Prediction on image 4346 is incorrect.
17:11:00.755 | ERROR | EndService - Prediction on image 2770 is incorrect.
17:11:00.854 | ECLYPSE | PlacementManager - Placement established | app=ImagePrediction | mapping={'EndService': 'outer_1', 'PredictorService': 'outer_2', 'TrainerService': 'outer_4'}
17:11:00.855 | ECLYPSE | Simulation - Simulation step | step=170
17:11:01.177 | SUCCESS | EndService - Prediction on image 2441 is correct.
17:11:01.597 | SUCCESS | EndService - Prediction on image 2193 is correct.
17:11:01.856 | ECLYPSE | PlacementManager - Placement established | app=ImagePrediction | mapping={'EndService': 'outer_1', 'PredictorService': 'outer_2', 'TrainerService': 'outer_4'}
17:11:01.856 | ECLYPSE | Simulation - Simulation step | step=171
17:11:02.022 | ERROR | EndService - Prediction on image 9595 is incorrect.
17:11:02.445 | ERROR | EndService - Prediction on image 7936 is incorrect.
17:11:02.857 | ECLYPSE | PlacementManager - Placement established | app=ImagePrediction | mapping={'EndService': 'outer_1', 'PredictorService': 'outer_2', 'TrainerService': 'outer_4'}
17:11:02.857 | ECLYPSE | Simulation - Simulation step | step=172
17:11:02.862 | ERROR | EndService - Prediction on image 4161 is incorrect.
17:11:03.280 | ERROR | EndService - Prediction on image 6647 is incorrect.
17:11:03.715 | ERROR | EndService - Prediction on image 9194 is incorrect.
17:11:03.858 | ECLYPSE | PlacementManager - Placement established | app=ImagePrediction | mapping={'EndService': 'outer_1', 'PredictorService': 'outer_2', 'TrainerService': 'outer_4'}
17:11:03.858 | ECLYPSE | Simulation - Simulation step | step=173
17:11:04.154 | ERROR | EndService - Prediction on image 8557 is incorrect.
17:11:04.595 | ERROR | EndService - Prediction on image 7686 is incorrect.
17:11:04.859 | ECLYPSE | PlacementManager - Placement established | app=ImagePrediction | mapping={'EndService': 'outer_1', 'PredictorService': 'outer_2', 'TrainerService': 'outer_4'}
17:11:04.860 | ECLYPSE | Simulation - Simulation step | step=174
17:11:05.024 | SUCCESS | EndService - Prediction on image 3257 is correct.
17:11:05.491 | SUCCESS | EndService - Prediction on image 6177 is correct.
17:11:05.861 | ECLYPSE | PlacementManager - Placement established | app=ImagePrediction | mapping={'EndService': 'outer_1', 'PredictorService': 'outer_2', 'TrainerService': 'outer_4'}
17:11:05.861 | ECLYPSE | Simulation - Simulation step | step=175
17:11:05.912 | SUCCESS | EndService - Prediction on image 4631 is correct.
17:11:06.325 | ERROR | EndService - Prediction on image 4066 is incorrect.
17:11:06.752 | SUCCESS | EndService - Prediction on image 8546 is correct.
17:11:06.862 | ECLYPSE | PlacementManager - Placement established | app=ImagePrediction | mapping={'EndService': 'outer_1', 'PredictorService': 'outer_2', 'TrainerService': 'outer_4'}
17:11:06.862 | ECLYPSE | Simulation - Simulation step | step=176
17:11:07.169 | ERROR | EndService - Prediction on image 7332 is incorrect.
17:11:07.598 | ERROR | EndService - Prediction on image 979 is incorrect.
17:11:07.863 | ECLYPSE | PlacementManager - Placement established | app=ImagePrediction | mapping={'EndService': 'outer_1', 'PredictorService': 'outer_2', 'TrainerService': 'outer_4'}
17:11:07.864 | ECLYPSE | Simulation - Simulation step | step=177
17:11:08.025 | ERROR | EndService - Prediction on image 1879 is incorrect.
17:11:08.441 | ERROR | EndService - Prediction on image 9554 is incorrect.
17:11:08.864 | ECLYPSE | PlacementManager - Placement established | app=ImagePrediction | mapping={'EndService': 'outer_1', 'PredictorService': 'outer_2', 'TrainerService': 'outer_4'}
17:11:08.865 | ECLYPSE | Simulation - Simulation step | step=178
17:11:08.873 | SUCCESS | EndService - Prediction on image 9330 is correct.
17:11:09.292 | ERROR | EndService - Prediction on image 1706 is incorrect.
17:11:09.714 | ERROR | EndService - Prediction on image 2954 is incorrect.
17:11:09.865 | ECLYPSE | PlacementManager - Placement established | app=ImagePrediction | mapping={'EndService': 'outer_1', 'PredictorService': 'outer_2', 'TrainerService': 'outer_4'}
17:11:09.866 | ECLYPSE | Simulation - Simulation step | step=179
17:11:10.136 | SUCCESS | EndService - Prediction on image 111 is correct.
17:11:10.608 | ERROR | EndService - Prediction on image 7574 is incorrect.
17:11:10.867 | ECLYPSE | PlacementManager - Placement established | app=ImagePrediction | mapping={'EndService': 'outer_1', 'PredictorService': 'outer_2', 'TrainerService': 'outer_4'}
17:11:10.867 | ECLYPSE | Simulation - Simulation step | step=180
17:11:11.057 | ERROR | EndService - Prediction on image 8511 is incorrect.
17:11:11.482 | ERROR | EndService - Prediction on image 738 is incorrect.
17:11:11.868 | ECLYPSE | PlacementManager - Placement established | app=ImagePrediction | mapping={'EndService': 'outer_1', 'PredictorService': 'outer_2', 'TrainerService': 'outer_4'}
17:11:11.868 | ECLYPSE | Simulation - Simulation step | step=181
17:11:11.927 | SUCCESS | EndService - Prediction on image 5433 is correct.
17:11:12.343 | SUCCESS | EndService - Prediction on image 8634 is correct.
17:11:12.775 | SUCCESS | EndService - Prediction on image 8516 is correct.
17:11:12.869 | ECLYPSE | PlacementManager - Placement established | app=ImagePrediction | mapping={'EndService': 'outer_1', 'PredictorService': 'outer_2', 'TrainerService': 'outer_4'}
17:11:12.870 | ECLYPSE | Simulation - Simulation step | step=182
17:11:13.219 | ERROR | EndService - Prediction on image 1345 is incorrect.
17:11:13.637 | SUCCESS | EndService - Prediction on image 648 is correct.
17:11:13.870 | ECLYPSE | PlacementManager - Placement established | app=ImagePrediction | mapping={'EndService': 'outer_1', 'PredictorService': 'outer_2', 'TrainerService': 'outer_4'}
17:11:13.871 | ECLYPSE | Simulation - Simulation step | step=183
17:11:14.056 | ERROR | EndService - Prediction on image 7425 is incorrect.
17:11:14.487 | ERROR | EndService - Prediction on image 7631 is incorrect.
17:11:14.872 | ECLYPSE | PlacementManager - Placement established | app=ImagePrediction | mapping={'EndService': 'outer_1', 'PredictorService': 'outer_2', 'TrainerService': 'outer_4'}
17:11:14.872 | ECLYPSE | Simulation - Simulation step | step=184
17:11:14.914 | ERROR | EndService - Prediction on image 338 is incorrect.
17:11:15.336 | SUCCESS | EndService - Prediction on image 3807 is correct.
17:11:15.774 | SUCCESS | EndService - Prediction on image 151 is correct.
17:11:15.873 | ECLYPSE | PlacementManager - Placement established | app=ImagePrediction | mapping={'EndService': 'outer_1', 'PredictorService': 'outer_2', 'TrainerService': 'outer_4'}
17:11:15.873 | ECLYPSE | Simulation - Simulation step | step=185
17:11:16.207 | ERROR | EndService - Prediction on image 5925 is incorrect.
17:11:16.635 | SUCCESS | EndService - Prediction on image 3671 is correct.
17:11:16.874 | ECLYPSE | PlacementManager - Placement established | app=ImagePrediction | mapping={'EndService': 'outer_1', 'PredictorService': 'outer_2', 'TrainerService': 'outer_4'}
17:11:16.874 | ECLYPSE | Simulation - Simulation step | step=186
17:11:17.077 | SUCCESS | EndService - Prediction on image 2104 is correct.
17:11:17.529 | ERROR | EndService - Prediction on image 8993 is incorrect.
17:11:17.875 | ECLYPSE | PlacementManager - Placement established | app=ImagePrediction | mapping={'EndService': 'outer_1', 'PredictorService': 'outer_2', 'TrainerService': 'outer_4'}
17:11:17.875 | ECLYPSE | Simulation - Simulation step | step=187
17:11:17.971 | SUCCESS | EndService - Prediction on image 6079 is correct.
17:11:18.392 | ERROR | EndService - Prediction on image 4356 is incorrect.
17:11:18.825 | ERROR | EndService - Prediction on image 3404 is incorrect.
17:11:18.876 | ECLYPSE | PlacementManager - Placement established | app=ImagePrediction | mapping={'EndService': 'outer_1', 'PredictorService': 'outer_2', 'TrainerService': 'outer_4'}
17:11:18.876 | ECLYPSE | Simulation - Simulation step | step=188
17:11:19.254 | SUCCESS | EndService - Prediction on image 6893 is correct.
17:11:19.688 | ERROR | EndService - Prediction on image 6405 is incorrect.
17:11:19.877 | ECLYPSE | PlacementManager - Placement established | app=ImagePrediction | mapping={'EndService': 'outer_1', 'PredictorService': 'outer_2', 'TrainerService': 'outer_4'}
17:11:19.878 | ECLYPSE | Simulation - Simulation step | step=189
17:11:20.112 | ERROR | EndService - Prediction on image 8711 is incorrect.
17:11:20.568 | ERROR | EndService - Prediction on image 9189 is incorrect.
17:11:20.878 | ECLYPSE | PlacementManager - Placement established | app=ImagePrediction | mapping={'EndService': 'outer_1', 'PredictorService': 'outer_2', 'TrainerService': 'outer_4'}
17:11:20.879 | ECLYPSE | Simulation - Simulation step | step=190
17:11:21.007 | ERROR | EndService - Prediction on image 4161 is incorrect.
17:11:21.426 | SUCCESS | EndService - Prediction on image 990 is correct.
17:11:21.848 | ERROR | EndService - Prediction on image 6110 is incorrect.
17:11:21.880 | ECLYPSE | PlacementManager - Placement established | app=ImagePrediction | mapping={'EndService': 'outer_1', 'PredictorService': 'outer_2', 'TrainerService': 'outer_4'}
17:11:21.880 | ECLYPSE | Simulation - Simulation step | step=191
17:11:22.276 | ERROR | EndService - Prediction on image 4605 is incorrect.
17:11:22.701 | SUCCESS | EndService - Prediction on image 4542 is correct.
17:11:22.881 | ECLYPSE | PlacementManager - Placement established | app=ImagePrediction | mapping={'EndService': 'outer_1', 'PredictorService': 'outer_2', 'TrainerService': 'outer_4'}
17:11:22.882 | ECLYPSE | Simulation - Simulation step | step=192
17:11:23.129 | ERROR | EndService - Prediction on image 1073 is incorrect.
17:11:23.576 | ERROR | EndService - Prediction on image 2812 is incorrect.
17:11:23.883 | ECLYPSE | PlacementManager - Placement established | app=ImagePrediction | mapping={'EndService': 'outer_1', 'PredictorService': 'outer_2', 'TrainerService': 'outer_4'}
17:11:23.883 | ECLYPSE | Simulation - Simulation step | step=193
17:11:24.004 | ERROR | EndService - Prediction on image 8841 is incorrect.
17:11:24.420 | ERROR | EndService - Prediction on image 2609 is incorrect.
17:11:24.852 | SUCCESS | EndService - Prediction on image 1944 is correct.
17:11:24.885 | ECLYPSE | PlacementManager - Placement established | app=ImagePrediction | mapping={'EndService': 'outer_1', 'PredictorService': 'outer_2', 'TrainerService': 'outer_4'}
17:11:24.886 | ECLYPSE | Simulation - Simulation step | step=194
17:11:25.280 | SUCCESS | EndService - Prediction on image 1925 is correct.
17:11:25.704 | ERROR | EndService - Prediction on image 1184 is incorrect.
17:11:25.887 | ECLYPSE | PlacementManager - Placement established | app=ImagePrediction | mapping={'EndService': 'outer_1', 'PredictorService': 'outer_2', 'TrainerService': 'outer_4'}
17:11:25.887 | ECLYPSE | Simulation - Simulation step | step=195
17:11:26.133 | ERROR | EndService - Prediction on image 7657 is incorrect.
17:11:26.553 | ERROR | EndService - Prediction on image 1552 is incorrect.
17:11:26.888 | ECLYPSE | PlacementManager - Placement established | app=ImagePrediction | mapping={'EndService': 'outer_1', 'PredictorService': 'outer_2', 'TrainerService': 'outer_4'}
17:11:26.889 | ECLYPSE | Simulation - Simulation step | step=196
17:11:26.983 | SUCCESS | EndService - Prediction on image 4120 is correct.
17:11:27.402 | SUCCESS | EndService - Prediction on image 7532 is correct.
17:11:27.842 | ERROR | EndService - Prediction on image 1745 is incorrect.
17:11:27.890 | ECLYPSE | PlacementManager - Placement established | app=ImagePrediction | mapping={'EndService': 'outer_1', 'PredictorService': 'outer_2', 'TrainerService': 'outer_4'}
17:11:27.890 | ECLYPSE | Simulation - Simulation step | step=197
17:11:28.259 | SUCCESS | EndService - Prediction on image 1649 is correct.
17:11:28.681 | ERROR | EndService - Prediction on image 7600 is incorrect.
17:11:28.891 | ECLYPSE | PlacementManager - Placement established | app=ImagePrediction | mapping={'EndService': 'outer_1', 'PredictorService': 'outer_2', 'TrainerService': 'outer_4'}
17:11:28.891 | ECLYPSE | Simulation - Simulation step | step=198
17:11:29.105 | ERROR | EndService - Prediction on image 4047 is incorrect.
17:11:29.546 | ERROR | EndService - Prediction on image 8597 is incorrect.
17:11:29.892 | ECLYPSE | PlacementManager - Placement established | app=ImagePrediction | mapping={'EndService': 'outer_1', 'PredictorService': 'outer_2', 'TrainerService': 'outer_4'}
17:11:29.892 | ECLYPSE | Simulation - Simulation step | step=199
17:11:29.976 | ERROR | EndService - Prediction on image 9345 is incorrect.
17:11:30.393 | SUCCESS | EndService - Prediction on image 286 is correct.
17:11:30.825 | SUCCESS | EndService - Prediction on image 4430 is correct.
17:11:30.893 | ECLYPSE | PlacementManager - Placement established | app=ImagePrediction | mapping={'EndService': 'outer_1', 'PredictorService': 'outer_2', 'TrainerService': 'outer_4'}
17:11:30.894 | ECLYPSE | Simulation - Simulation step | step=200
17:11:31.256 | ERROR | EndService - Prediction on image 6910 is incorrect.
17:11:31.679 | ERROR | EndService - Prediction on image 4563 is incorrect.
17:11:31.894 | ECLYPSE | PlacementManager - Placement established | app=ImagePrediction | mapping={'EndService': 'outer_1', 'PredictorService': 'outer_2', 'TrainerService': 'outer_4'}
17:11:31.895 | ECLYPSE | Simulation - Simulation step | step=201
17:11:32.105 | SUCCESS | EndService - Prediction on image 690 is correct.
17:11:32.537 | ERROR | EndService - Prediction on image 9672 is incorrect.
17:11:32.895 | ECLYPSE | PlacementManager - Placement established | app=ImagePrediction | mapping={'EndService': 'outer_1', 'PredictorService': 'outer_2', 'TrainerService': 'outer_4'}
17:11:32.896 | ECLYPSE | Simulation - Simulation step | step=202
17:11:32.960 | ERROR | EndService - Prediction on image 4311 is incorrect.
17:11:33.376 | ERROR | EndService - Prediction on image 4586 is incorrect.
17:11:33.794 | SUCCESS | EndService - Prediction on image 9053 is correct.
17:11:33.897 | ECLYPSE | PlacementManager - Placement established | app=ImagePrediction | mapping={'EndService': 'outer_1', 'PredictorService': 'outer_2', 'TrainerService': 'outer_4'}
17:11:33.898 | ECLYPSE | Simulation - Simulation step | step=203
17:11:34.217 | SUCCESS | EndService - Prediction on image 6768 is correct.
17:11:34.664 | ERROR | EndService - Prediction on image 2705 is incorrect.
17:11:34.898 | ECLYPSE | PlacementManager - Placement established | app=ImagePrediction | mapping={'EndService': 'outer_1', 'PredictorService': 'outer_2', 'TrainerService': 'outer_4'}
17:11:34.899 | ECLYPSE | Simulation - Simulation step | step=204
17:11:35.100 | SUCCESS | EndService - Prediction on image 6705 is correct.
17:11:35.533 | ERROR | EndService - Prediction on image 2391 is incorrect.
17:11:35.900 | ECLYPSE | PlacementManager - Placement established | app=ImagePrediction | mapping={'EndService': 'outer_1', 'PredictorService': 'outer_2', 'TrainerService': 'outer_4'}
17:11:35.900 | ECLYPSE | Simulation - Simulation step | step=205
17:11:35.960 | ERROR | EndService - Prediction on image 5782 is incorrect.
17:11:36.500 | SUCCESS | EndService - Prediction on image 4883 is correct.
17:11:36.901 | ECLYPSE | PlacementManager - Placement established | app=ImagePrediction | mapping={'EndService': 'outer_1', 'PredictorService': 'outer_2', 'TrainerService': 'outer_4'}
17:11:36.901 | ECLYPSE | Simulation - Simulation step | step=206
17:11:36.933 | ERROR | EndService - Prediction on image 4025 is incorrect.
17:11:37.349 | SUCCESS | EndService - Prediction on image 1126 is correct.
17:11:37.787 | ERROR | EndService - Prediction on image 7537 is incorrect.
17:11:37.902 | ECLYPSE | PlacementManager - Placement established | app=ImagePrediction | mapping={'EndService': 'outer_1', 'PredictorService': 'outer_2', 'TrainerService': 'outer_4'}
17:11:37.902 | ECLYPSE | Simulation - Simulation step | step=207
17:11:38.205 | ERROR | EndService - Prediction on image 2685 is incorrect.
17:11:38.626 | SUCCESS | EndService - Prediction on image 8794 is correct.
17:11:38.903 | ECLYPSE | PlacementManager - Placement established | app=ImagePrediction | mapping={'EndService': 'outer_1', 'PredictorService': 'outer_2', 'TrainerService': 'outer_4'}
17:11:38.903 | ECLYPSE | Simulation - Simulation step | step=208
17:11:39.070 | ERROR | EndService - Prediction on image 8936 is incorrect.
17:11:39.506 | ERROR | EndService - Prediction on image 2416 is incorrect.
17:11:39.904 | ECLYPSE | PlacementManager - Placement established | app=ImagePrediction | mapping={'EndService': 'outer_1', 'PredictorService': 'outer_2', 'TrainerService': 'outer_4'}
17:11:39.905 | ECLYPSE | Simulation - Simulation step | step=209
17:11:39.919 | SUCCESS | EndService - Prediction on image 5326 is correct.
17:11:40.329 | ERROR | EndService - Prediction on image 2870 is incorrect.
17:11:40.772 | ERROR | EndService - Prediction on image 4975 is incorrect.
17:11:40.906 | ECLYPSE | PlacementManager - Placement established | app=ImagePrediction | mapping={'EndService': 'outer_1', 'PredictorService': 'outer_2', 'TrainerService': 'outer_4'}
17:11:40.906 | ECLYPSE | Simulation - Simulation step | step=210
17:11:41.199 | ERROR | EndService - Prediction on image 203 is incorrect.
17:11:41.642 | SUCCESS | EndService - Prediction on image 2774 is correct.
17:11:41.907 | ECLYPSE | PlacementManager - Placement established | app=ImagePrediction | mapping={'EndService': 'outer_1', 'PredictorService': 'outer_2', 'TrainerService': 'outer_4'}
17:11:41.907 | ECLYPSE | Simulation - Simulation step | step=211
17:11:42.073 | ERROR | EndService - Prediction on image 3711 is incorrect.
17:11:42.506 | SUCCESS | EndService - Prediction on image 2608 is correct.
17:11:42.908 | ECLYPSE | PlacementManager - Placement established | app=ImagePrediction | mapping={'EndService': 'outer_1', 'PredictorService': 'outer_2', 'TrainerService': 'outer_4'}
17:11:42.908 | ECLYPSE | Simulation - Simulation step | step=212
17:11:42.920 | ERROR | EndService - Prediction on image 2182 is incorrect.
17:11:43.333 | SUCCESS | EndService - Prediction on image 82 is correct.
17:11:43.779 | ERROR | EndService - Prediction on image 9404 is incorrect.
17:11:43.909 | ECLYPSE | PlacementManager - Placement established | app=ImagePrediction | mapping={'EndService': 'outer_1', 'PredictorService': 'outer_2', 'TrainerService': 'outer_4'}
17:11:43.910 | ECLYPSE | Simulation - Simulation step | step=213
17:11:44.196 | ERROR | EndService - Prediction on image 8581 is incorrect.
17:11:44.662 | ERROR | EndService - Prediction on image 450 is incorrect.
17:11:44.910 | ECLYPSE | PlacementManager - Placement established | app=ImagePrediction | mapping={'EndService': 'outer_1', 'PredictorService': 'outer_2', 'TrainerService': 'outer_4'}
17:11:44.911 | ECLYPSE | Simulation - Simulation step | step=214
17:11:45.128 | SUCCESS | EndService - Prediction on image 2638 is correct.
17:11:45.575 | ERROR | EndService - Prediction on image 384 is incorrect.
17:11:45.911 | ECLYPSE | PlacementManager - Placement established | app=ImagePrediction | mapping={'EndService': 'outer_1', 'PredictorService': 'outer_2', 'TrainerService': 'outer_4'}
17:11:45.912 | ECLYPSE | Simulation - Simulation step | step=215
17:11:45.996 | ERROR | EndService - Prediction on image 2812 is incorrect.
17:11:46.413 | ERROR | EndService - Prediction on image 7905 is incorrect.
17:11:46.865 | ERROR | EndService - Prediction on image 1711 is incorrect.
17:11:46.912 | ECLYPSE | PlacementManager - Placement established | app=ImagePrediction | mapping={'EndService': 'outer_1', 'PredictorService': 'outer_2', 'TrainerService': 'outer_4'}
17:11:46.913 | ECLYPSE | Simulation - Simulation step | step=216
17:11:47.292 | SUCCESS | EndService - Prediction on image 3463 is correct.
17:11:47.774 | SUCCESS | EndService - Prediction on image 4513 is correct.
17:11:47.914 | ECLYPSE | PlacementManager - Placement established | app=ImagePrediction | mapping={'EndService': 'outer_1', 'PredictorService': 'outer_2', 'TrainerService': 'outer_4'}
17:11:47.914 | ECLYPSE | Simulation - Simulation step | step=217
17:11:48.204 | ERROR | EndService - Prediction on image 2718 is incorrect.
17:11:48.641 | SUCCESS | EndService - Prediction on image 8756 is correct.
17:11:48.915 | ECLYPSE | PlacementManager - Placement established | app=ImagePrediction | mapping={'EndService': 'outer_1', 'PredictorService': 'outer_2', 'TrainerService': 'outer_4'}
17:11:48.916 | ECLYPSE | Simulation - Simulation step | step=218
17:11:49.077 | ERROR | EndService - Prediction on image 3621 is incorrect.
17:11:49.516 | ERROR | EndService - Prediction on image 9499 is incorrect.
17:11:49.916 | ECLYPSE | PlacementManager - Placement established | app=ImagePrediction | mapping={'EndService': 'outer_1', 'PredictorService': 'outer_2', 'TrainerService': 'outer_4'}
17:11:49.917 | ECLYPSE | Simulation - Simulation step | step=219
17:11:49.934 | SUCCESS | EndService - Prediction on image 3426 is correct.
17:11:50.351 | ERROR | EndService - Prediction on image 6374 is incorrect.
17:11:50.710 | WARNING | PredictorService - Model updated.
17:11:50.802 | SUCCESS | EndService - Prediction on image 2045 is correct.
17:11:50.918 | ECLYPSE | PlacementManager - Placement established | app=ImagePrediction | mapping={'EndService': 'outer_1', 'PredictorService': 'outer_2', 'TrainerService': 'outer_4'}
17:11:50.918 | ECLYPSE | Simulation - Simulation step | step=220
17:11:50.988 | SUCCESS | EndService - Prediction on image 6105 is correct.
17:11:51.176 | ERROR | EndService - Prediction on image 7521 is incorrect.
17:11:51.378 | ERROR | EndService - Prediction on image 3569 is incorrect.
17:11:51.574 | ERROR | EndService - Prediction on image 8994 is incorrect.
17:11:51.759 | SUCCESS | EndService - Prediction on image 2895 is correct.
17:11:51.919 | ECLYPSE | PlacementManager - Placement established | app=ImagePrediction | mapping={'EndService': 'outer_1', 'PredictorService': 'outer_2', 'TrainerService': 'outer_4'}
17:11:51.919 | ECLYPSE | Simulation - Simulation step | step=221
17:11:51.944 | ERROR | EndService - Prediction on image 695 is incorrect.
17:11:52.131 | SUCCESS | EndService - Prediction on image 2226 is correct.
17:11:52.315 | SUCCESS | EndService - Prediction on image 7367 is correct.
17:11:52.499 | ERROR | EndService - Prediction on image 9372 is incorrect.
17:11:52.682 | SUCCESS | EndService - Prediction on image 8961 is correct.
17:11:52.868 | ERROR | EndService - Prediction on image 1553 is incorrect.
17:11:52.920 | ECLYPSE | PlacementManager - Placement established | app=ImagePrediction | mapping={'EndService': 'outer_1', 'PredictorService': 'outer_2', 'TrainerService': 'outer_4'}
17:11:52.920 | ECLYPSE | Simulation - Simulation step | step=222
17:11:53.058 | ERROR | EndService - Prediction on image 8322 is incorrect.
17:11:53.243 | SUCCESS | EndService - Prediction on image 6983 is correct.
17:11:53.427 | SUCCESS | EndService - Prediction on image 3075 is correct.
17:11:53.622 | SUCCESS | EndService - Prediction on image 7271 is correct.
17:11:53.817 | ERROR | EndService - Prediction on image 7517 is incorrect.
17:11:53.921 | ECLYPSE | PlacementManager - Placement established | app=ImagePrediction | mapping={'EndService': 'outer_1', 'PredictorService': 'outer_2', 'TrainerService': 'outer_4'}
17:11:53.922 | ECLYPSE | Simulation - Simulation step | step=223
17:11:54.002 | ERROR | EndService - Prediction on image 9594 is incorrect.
17:11:54.191 | SUCCESS | EndService - Prediction on image 686 is correct.
17:11:54.384 | SUCCESS | EndService - Prediction on image 5589 is correct.
17:11:54.577 | ERROR | EndService - Prediction on image 882 is incorrect.
17:11:54.761 | ERROR | EndService - Prediction on image 6726 is incorrect.
17:11:54.923 | ECLYPSE | PlacementManager - Placement established | app=ImagePrediction | mapping={'EndService': 'outer_1', 'PredictorService': 'outer_2', 'TrainerService': 'outer_4'}
17:11:54.923 | ECLYPSE | Simulation - Simulation step | step=224
17:11:54.951 | SUCCESS | EndService - Prediction on image 3982 is correct.
17:11:55.136 | SUCCESS | EndService - Prediction on image 6617 is correct.
17:11:55.326 | ERROR | EndService - Prediction on image 5302 is incorrect.
17:11:55.518 | ERROR | EndService - Prediction on image 5193 is incorrect.
17:11:55.718 | SUCCESS | EndService - Prediction on image 3560 is correct.
17:11:55.916 | ERROR | EndService - Prediction on image 8306 is incorrect.
17:11:55.924 | ECLYPSE | PlacementManager - Placement established | app=ImagePrediction | mapping={'EndService': 'outer_1', 'PredictorService': 'outer_2', 'TrainerService': 'outer_4'}
17:11:55.924 | ECLYPSE | Simulation - Simulation step | step=225
17:11:56.113 | ERROR | EndService - Prediction on image 284 is incorrect.
17:11:56.297 | SUCCESS | EndService - Prediction on image 2731 is correct.
17:11:56.487 | SUCCESS | EndService - Prediction on image 9875 is correct.
17:11:56.904 | SUCCESS | EndService - Prediction on image 804 is correct.
17:11:56.925 | ECLYPSE | PlacementManager - Placement established | app=ImagePrediction | mapping={'EndService': 'outer_1', 'PredictorService': 'outer_2', 'TrainerService': 'outer_4'}
17:11:56.925 | ECLYPSE | Simulation - Simulation step | step=226
17:11:57.329 | ERROR | EndService - Prediction on image 6270 is incorrect.
17:11:57.742 | ERROR | EndService - Prediction on image 1295 is incorrect.
17:11:57.926 | ECLYPSE | PlacementManager - Placement established | app=ImagePrediction | mapping={'EndService': 'outer_1', 'PredictorService': 'outer_2', 'TrainerService': 'outer_4'}
17:11:57.926 | ECLYPSE | Simulation - Simulation step | step=227
17:11:58.186 | ERROR | EndService - Prediction on image 1947 is incorrect.
17:11:58.621 | SUCCESS | EndService - Prediction on image 4668 is correct.
17:11:58.927 | ECLYPSE | PlacementManager - Placement established | app=ImagePrediction | mapping={'EndService': 'outer_1', 'PredictorService': 'outer_2', 'TrainerService': 'outer_4'}
17:11:58.928 | ECLYPSE | Simulation - Simulation step | step=228
17:11:59.063 | ERROR | EndService - Prediction on image 6675 is incorrect.
17:11:59.501 | SUCCESS | EndService - Prediction on image 9974 is correct.
17:11:59.918 | SUCCESS | EndService - Prediction on image 8379 is correct.
17:11:59.929 | ECLYPSE | PlacementManager - Placement established | app=ImagePrediction | mapping={'EndService': 'outer_1', 'PredictorService': 'outer_2', 'TrainerService': 'outer_4'}
17:11:59.929 | ECLYPSE | Simulation - Simulation step | step=229
17:12:00.337 | SUCCESS | EndService - Prediction on image 8083 is correct.
17:12:00.760 | ERROR | EndService - Prediction on image 6340 is incorrect.
17:12:00.930 | ECLYPSE | PlacementManager - Placement established | app=ImagePrediction | mapping={'EndService': 'outer_1', 'PredictorService': 'outer_2', 'TrainerService': 'outer_4'}
17:12:00.930 | ECLYPSE | Simulation - Simulation step | step=230
17:12:01.195 | SUCCESS | EndService - Prediction on image 5582 is correct.
17:12:01.645 | SUCCESS | EndService - Prediction on image 459 is correct.
17:12:01.931 | ECLYPSE | PlacementManager - Placement established | app=ImagePrediction | mapping={'EndService': 'outer_1', 'PredictorService': 'outer_2', 'TrainerService': 'outer_4'}
17:12:01.932 | ECLYPSE | Simulation - Simulation step | step=231
17:12:02.074 | SUCCESS | EndService - Prediction on image 7701 is correct.
17:12:02.497 | ERROR | EndService - Prediction on image 217 is incorrect.
17:12:02.916 | ERROR | EndService - Prediction on image 9699 is incorrect.
17:12:02.932 | ECLYPSE | PlacementManager - Placement established | app=ImagePrediction | mapping={'EndService': 'outer_1', 'PredictorService': 'outer_2', 'TrainerService': 'outer_4'}
17:12:02.933 | ECLYPSE | Simulation - Simulation step | step=232
17:12:03.336 | SUCCESS | EndService - Prediction on image 2383 is correct.
17:12:03.751 | ERROR | EndService - Prediction on image 6678 is incorrect.
17:12:03.934 | ECLYPSE | PlacementManager - Placement established | app=ImagePrediction | mapping={'EndService': 'outer_1', 'PredictorService': 'outer_2', 'TrainerService': 'outer_4'}
17:12:03.934 | ECLYPSE | Simulation - Simulation step | step=233
17:12:04.174 | SUCCESS | EndService - Prediction on image 8409 is correct.
17:12:04.614 | ERROR | EndService - Prediction on image 8466 is incorrect.
17:12:04.935 | ECLYPSE | PlacementManager - Placement established | app=ImagePrediction | mapping={'EndService': 'outer_1', 'PredictorService': 'outer_2', 'TrainerService': 'outer_4'}
17:12:04.935 | ECLYPSE | Simulation - Simulation step | step=234
17:12:05.044 | ERROR | EndService - Prediction on image 8477 is incorrect.
17:12:05.467 | SUCCESS | EndService - Prediction on image 2598 is correct.
17:12:05.902 | SUCCESS | EndService - Prediction on image 7634 is correct.
17:12:05.936 | ECLYPSE | PlacementManager - Placement established | app=ImagePrediction | mapping={'EndService': 'outer_1', 'PredictorService': 'outer_2', 'TrainerService': 'outer_4'}
17:12:05.936 | ECLYPSE | Simulation - Simulation step | step=235
17:12:06.320 | ERROR | EndService - Prediction on image 9994 is incorrect.
17:12:06.749 | ERROR | EndService - Prediction on image 467 is incorrect.
17:12:06.937 | ECLYPSE | PlacementManager - Placement established | app=ImagePrediction | mapping={'EndService': 'outer_1', 'PredictorService': 'outer_2', 'TrainerService': 'outer_4'}
17:12:06.937 | ECLYPSE | Simulation - Simulation step | step=236
17:12:07.169 | SUCCESS | EndService - Prediction on image 7820 is correct.
17:12:07.593 | ERROR | EndService - Prediction on image 1086 is incorrect.
17:12:07.939 | ECLYPSE | PlacementManager - Placement established | app=ImagePrediction | mapping={'EndService': 'outer_1', 'PredictorService': 'outer_2', 'TrainerService': 'outer_4'}
17:12:07.940 | ECLYPSE | Simulation - Simulation step | step=237
17:12:08.028 | SUCCESS | EndService - Prediction on image 6335 is correct.
17:12:08.445 | ERROR | EndService - Prediction on image 164 is incorrect.
17:12:08.878 | SUCCESS | EndService - Prediction on image 4189 is correct.
17:12:08.940 | ECLYPSE | PlacementManager - Placement established | app=ImagePrediction | mapping={'EndService': 'outer_1', 'PredictorService': 'outer_2', 'TrainerService': 'outer_4'}
17:12:08.941 | ECLYPSE | Simulation - Simulation step | step=238
17:12:09.301 | ERROR | EndService - Prediction on image 3189 is incorrect.
17:12:09.724 | ERROR | EndService - Prediction on image 3837 is incorrect.
17:12:09.942 | ECLYPSE | PlacementManager - Placement established | app=ImagePrediction | mapping={'EndService': 'outer_1', 'PredictorService': 'outer_2', 'TrainerService': 'outer_4'}
17:12:09.942 | ECLYPSE | Simulation - Simulation step | step=239
17:12:10.146 | SUCCESS | EndService - Prediction on image 25 is correct.
17:12:10.568 | SUCCESS | EndService - Prediction on image 7669 is correct.
17:12:10.943 | ECLYPSE | PlacementManager - Placement established | app=ImagePrediction | mapping={'EndService': 'outer_1', 'PredictorService': 'outer_2', 'TrainerService': 'outer_4'}
17:12:10.944 | ECLYPSE | Simulation - Simulation step | step=240
17:12:10.993 | SUCCESS | EndService - Prediction on image 3489 is correct.
17:12:11.413 | ERROR | EndService - Prediction on image 1846 is incorrect.
17:12:11.834 | SUCCESS | EndService - Prediction on image 8056 is correct.
17:12:11.945 | ECLYPSE | PlacementManager - Placement established | app=ImagePrediction | mapping={'EndService': 'outer_1', 'PredictorService': 'outer_2', 'TrainerService': 'outer_4'}
17:12:11.946 | ECLYPSE | Simulation - Simulation step | step=241
17:12:12.267 | SUCCESS | EndService - Prediction on image 9220 is correct.
17:12:12.704 | ERROR | EndService - Prediction on image 9549 is incorrect.
17:12:12.947 | ECLYPSE | PlacementManager - Placement established | app=ImagePrediction | mapping={'EndService': 'outer_1', 'PredictorService': 'outer_2', 'TrainerService': 'outer_4'}
17:12:12.948 | ECLYPSE | Simulation - Simulation step | step=242
17:12:13.128 | SUCCESS | EndService - Prediction on image 2384 is correct.
17:12:13.547 | SUCCESS | EndService - Prediction on image 2373 is correct.
17:12:13.948 | ECLYPSE | PlacementManager - Placement established | app=ImagePrediction | mapping={'EndService': 'outer_1', 'PredictorService': 'outer_2', 'TrainerService': 'outer_4'}
17:12:13.949 | ECLYPSE | Simulation - Simulation step | step=243
17:12:13.981 | ERROR | EndService - Prediction on image 529 is incorrect.
17:12:14.394 | ERROR | EndService - Prediction on image 9675 is incorrect.
17:12:14.829 | ERROR | EndService - Prediction on image 2758 is incorrect.
17:12:14.950 | ECLYPSE | PlacementManager - Placement established | app=ImagePrediction | mapping={'EndService': 'outer_1', 'PredictorService': 'outer_2', 'TrainerService': 'outer_4'}
17:12:14.950 | ECLYPSE | Simulation - Simulation step | step=244
17:12:15.248 | SUCCESS | EndService - Prediction on image 3999 is correct.
17:12:15.674 | ERROR | EndService - Prediction on image 4801 is incorrect.
17:12:15.952 | ECLYPSE | PlacementManager - Placement established | app=ImagePrediction | mapping={'EndService': 'outer_1', 'PredictorService': 'outer_2', 'TrainerService': 'outer_4'}
17:12:15.952 | ECLYPSE | Simulation - Simulation step | step=245
17:12:16.098 | ERROR | EndService - Prediction on image 5042 is incorrect.
17:12:16.524 | SUCCESS | EndService - Prediction on image 1007 is correct.
17:12:16.950 | ERROR | EndService - Prediction on image 6651 is incorrect.
17:12:16.954 | ECLYPSE | PlacementManager - Placement established | app=ImagePrediction | mapping={'EndService': 'outer_1', 'PredictorService': 'outer_2', 'TrainerService': 'outer_4'}
17:12:16.955 | ECLYPSE | Simulation - Simulation step | step=246
17:12:17.372 | SUCCESS | EndService - Prediction on image 5596 is correct.
17:12:17.802 | SUCCESS | EndService - Prediction on image 5513 is correct.
17:12:17.956 | ECLYPSE | PlacementManager - Placement established | app=ImagePrediction | mapping={'EndService': 'outer_1', 'PredictorService': 'outer_2', 'TrainerService': 'outer_4'}
17:12:17.956 | ECLYPSE | Simulation - Simulation step | step=247
17:12:18.231 | ERROR | EndService - Prediction on image 2406 is incorrect.
17:12:18.683 | ERROR | EndService - Prediction on image 2421 is incorrect.
17:12:18.957 | ECLYPSE | PlacementManager - Placement established | app=ImagePrediction | mapping={'EndService': 'outer_1', 'PredictorService': 'outer_2', 'TrainerService': 'outer_4'}
17:12:18.957 | ECLYPSE | Simulation - Simulation step | step=248
17:12:19.153 | ERROR | EndService - Prediction on image 9143 is incorrect.
17:12:19.621 | ERROR | EndService - Prediction on image 7724 is incorrect.
17:12:19.958 | ECLYPSE | PlacementManager - Placement established | app=ImagePrediction | mapping={'EndService': 'outer_1', 'PredictorService': 'outer_2', 'TrainerService': 'outer_4'}
17:12:19.958 | ECLYPSE | Simulation - Simulation step | step=249
17:12:20.055 | SUCCESS | EndService - Prediction on image 5455 is correct.
17:12:20.475 | SUCCESS | EndService - Prediction on image 2723 is correct.
17:12:20.912 | ERROR | EndService - Prediction on image 4524 is incorrect.
17:12:20.959 | ECLYPSE | PlacementManager - Placement established | app=ImagePrediction | mapping={'EndService': 'outer_1', 'PredictorService': 'outer_2', 'TrainerService': 'outer_4'}
17:12:20.960 | ECLYPSE | Simulation - Simulation step | step=250
17:12:21.328 | SUCCESS | EndService - Prediction on image 5429 is correct.
17:12:21.752 | ERROR | EndService - Prediction on image 3923 is incorrect.
17:12:21.960 | ECLYPSE | PlacementManager - Placement established | app=ImagePrediction | mapping={'EndService': 'outer_1', 'PredictorService': 'outer_2', 'TrainerService': 'outer_4'}
17:12:21.961 | ECLYPSE | Simulation - Simulation step | step=251
17:12:22.174 | ERROR | EndService - Prediction on image 8892 is incorrect.
17:12:22.604 | ERROR | EndService - Prediction on image 6902 is incorrect.
17:12:22.962 | ECLYPSE | PlacementManager - Placement established | app=ImagePrediction | mapping={'EndService': 'outer_1', 'PredictorService': 'outer_2', 'TrainerService': 'outer_4'}
17:12:22.962 | ECLYPSE | Simulation - Simulation step | step=252
17:12:23.031 | SUCCESS | EndService - Prediction on image 6685 is correct.
17:12:23.455 | SUCCESS | EndService - Prediction on image 6459 is correct.
17:12:23.881 | SUCCESS | EndService - Prediction on image 3137 is correct.
17:12:23.963 | ECLYPSE | PlacementManager - Placement established | app=ImagePrediction | mapping={'EndService': 'outer_1', 'PredictorService': 'outer_2', 'TrainerService': 'outer_4'}
17:12:23.963 | ECLYPSE | Simulation - Simulation step | step=253
17:12:24.303 | SUCCESS | EndService - Prediction on image 7818 is correct.
17:12:24.742 | SUCCESS | EndService - Prediction on image 299 is correct.
17:12:24.964 | ECLYPSE | PlacementManager - Placement established | app=ImagePrediction | mapping={'EndService': 'outer_1', 'PredictorService': 'outer_2', 'TrainerService': 'outer_4'}
17:12:24.965 | ECLYPSE | Simulation - Simulation step | step=254
17:12:25.162 | ERROR | EndService - Prediction on image 808 is incorrect.
17:12:25.608 | SUCCESS | EndService - Prediction on image 6979 is correct.
17:12:25.966 | ECLYPSE | PlacementManager - Placement established | app=ImagePrediction | mapping={'EndService': 'outer_1', 'PredictorService': 'outer_2', 'TrainerService': 'outer_4'}
17:12:25.966 | ECLYPSE | Simulation - Simulation step | step=255
17:12:26.039 | SUCCESS | EndService - Prediction on image 2410 is correct.
17:12:26.454 | ERROR | EndService - Prediction on image 8463 is incorrect.
17:12:26.872 | SUCCESS | EndService - Prediction on image 1310 is correct.
17:12:26.967 | ECLYPSE | PlacementManager - Placement established | app=ImagePrediction | mapping={'EndService': 'outer_1', 'PredictorService': 'outer_2', 'TrainerService': 'outer_4'}
17:12:26.968 | ECLYPSE | Simulation - Simulation step | step=256
17:12:27.295 | ERROR | EndService - Prediction on image 4069 is incorrect.
17:12:27.733 | ERROR | EndService - Prediction on image 8204 is incorrect.
17:12:27.969 | ECLYPSE | PlacementManager - Placement established | app=ImagePrediction | mapping={'EndService': 'outer_1', 'PredictorService': 'outer_2', 'TrainerService': 'outer_4'}
17:12:27.969 | ECLYPSE | Simulation - Simulation step | step=257
17:12:28.158 | SUCCESS | EndService - Prediction on image 7613 is correct.
17:12:28.571 | SUCCESS | EndService - Prediction on image 1489 is correct.
17:12:28.970 | ECLYPSE | PlacementManager - Placement established | app=ImagePrediction | mapping={'EndService': 'outer_1', 'PredictorService': 'outer_2', 'TrainerService': 'outer_4'}
17:12:28.970 | ECLYPSE | Simulation - Simulation step | step=258
17:12:28.998 | SUCCESS | EndService - Prediction on image 8350 is correct.
17:12:29.409 | SUCCESS | EndService - Prediction on image 8651 is correct.
17:12:29.839 | ERROR | EndService - Prediction on image 3578 is incorrect.
17:12:29.971 | ECLYPSE | PlacementManager - Placement established | app=ImagePrediction | mapping={'EndService': 'outer_1', 'PredictorService': 'outer_2', 'TrainerService': 'outer_4'}
17:12:29.972 | ECLYPSE | Simulation - Simulation step | step=259
17:12:30.263 | SUCCESS | EndService - Prediction on image 3901 is correct.
17:12:30.707 | ERROR | EndService - Prediction on image 8625 is incorrect.
17:12:30.972 | ECLYPSE | PlacementManager - Placement established | app=ImagePrediction | mapping={'EndService': 'outer_1', 'PredictorService': 'outer_2', 'TrainerService': 'outer_4'}
17:12:30.973 | ECLYPSE | Simulation - Simulation step | step=260
17:12:31.133 | SUCCESS | EndService - Prediction on image 3234 is correct.
17:12:31.565 | ERROR | EndService - Prediction on image 1037 is incorrect.
17:12:31.974 | ECLYPSE | PlacementManager - Placement established | app=ImagePrediction | mapping={'EndService': 'outer_1', 'PredictorService': 'outer_2', 'TrainerService': 'outer_4'}
17:12:31.974 | ECLYPSE | Simulation - Simulation step | step=261
17:12:31.996 | SUCCESS | EndService - Prediction on image 2985 is correct.
17:12:32.411 | SUCCESS | EndService - Prediction on image 7301 is correct.
17:12:32.837 | ERROR | EndService - Prediction on image 2174 is incorrect.
17:12:32.975 | ECLYPSE | PlacementManager - Placement established | app=ImagePrediction | mapping={'EndService': 'outer_1', 'PredictorService': 'outer_2', 'TrainerService': 'outer_4'}
17:12:32.975 | ECLYPSE | Simulation - Simulation step | step=262
17:12:33.274 | SUCCESS | EndService - Prediction on image 4658 is correct.
17:12:33.706 | SUCCESS | EndService - Prediction on image 5407 is correct.
17:12:33.976 | ECLYPSE | PlacementManager - Placement established | app=ImagePrediction | mapping={'EndService': 'outer_1', 'PredictorService': 'outer_2', 'TrainerService': 'outer_4'}
17:12:33.977 | ECLYPSE | Simulation - Simulation step | step=263
17:12:34.122 | ERROR | EndService - Prediction on image 4078 is incorrect.
17:12:34.563 | SUCCESS | EndService - Prediction on image 9458 is correct.
17:12:34.978 | ECLYPSE | PlacementManager - Placement established | app=ImagePrediction | mapping={'EndService': 'outer_1', 'PredictorService': 'outer_2', 'TrainerService': 'outer_4'}
17:12:34.978 | ECLYPSE | Simulation - Simulation step | step=264
17:12:34.979 | SUCCESS | EndService - Prediction on image 4008 is correct.
17:12:35.401 | SUCCESS | EndService - Prediction on image 5676 is correct.
17:12:35.817 | ERROR | EndService - Prediction on image 3525 is incorrect.
17:12:35.979 | ECLYPSE | PlacementManager - Placement established | app=ImagePrediction | mapping={'EndService': 'outer_1', 'PredictorService': 'outer_2', 'TrainerService': 'outer_4'}
17:12:35.979 | ECLYPSE | Simulation - Simulation step | step=265
17:12:36.246 | SUCCESS | EndService - Prediction on image 8032 is correct.
17:12:36.666 | SUCCESS | EndService - Prediction on image 1580 is correct.
17:12:36.981 | ECLYPSE | PlacementManager - Placement established | app=ImagePrediction | mapping={'EndService': 'outer_1', 'PredictorService': 'outer_2', 'TrainerService': 'outer_4'}
17:12:36.982 | ECLYPSE | Simulation - Simulation step | step=266
17:12:37.092 | ERROR | EndService - Prediction on image 6681 is incorrect.
17:12:37.511 | SUCCESS | EndService - Prediction on image 550 is correct.
17:12:37.943 | SUCCESS | EndService - Prediction on image 5695 is correct.
17:12:37.983 | ECLYPSE | PlacementManager - Placement established | app=ImagePrediction | mapping={'EndService': 'outer_1', 'PredictorService': 'outer_2', 'TrainerService': 'outer_4'}
17:12:37.983 | ECLYPSE | Simulation - Simulation step | step=267
17:12:38.397 | SUCCESS | EndService - Prediction on image 9552 is correct.
17:12:38.832 | ERROR | EndService - Prediction on image 1522 is incorrect.
17:12:38.984 | ECLYPSE | PlacementManager - Placement established | app=ImagePrediction | mapping={'EndService': 'outer_1', 'PredictorService': 'outer_2', 'TrainerService': 'outer_4'}
17:12:38.984 | ECLYPSE | Simulation - Simulation step | step=268
17:12:39.262 | SUCCESS | EndService - Prediction on image 7526 is correct.
17:12:39.699 | ERROR | EndService - Prediction on image 2528 is incorrect.
17:12:39.985 | ECLYPSE | PlacementManager - Placement established | app=ImagePrediction | mapping={'EndService': 'outer_1', 'PredictorService': 'outer_2', 'TrainerService': 'outer_4'}
17:12:39.986 | ECLYPSE | Simulation - Simulation step | step=269
17:12:40.144 | ERROR | EndService - Prediction on image 4368 is incorrect.
17:12:40.578 | SUCCESS | EndService - Prediction on image 9463 is correct.
17:12:40.986 | ECLYPSE | PlacementManager - Placement established | app=ImagePrediction | mapping={'EndService': 'outer_1', 'PredictorService': 'outer_2', 'TrainerService': 'outer_4'}
17:12:40.987 | ECLYPSE | Simulation - Simulation step | step=270
17:12:41.005 | SUCCESS | EndService - Prediction on image 1080 is correct.
17:12:41.420 | SUCCESS | EndService - Prediction on image 1143 is correct.
17:12:41.845 | ERROR | EndService - Prediction on image 9234 is incorrect.
17:12:41.988 | ECLYPSE | PlacementManager - Placement established | app=ImagePrediction | mapping={'EndService': 'outer_1', 'PredictorService': 'outer_2', 'TrainerService': 'outer_4'}
17:12:41.988 | ECLYPSE | Simulation - Simulation step | step=271
17:12:42.300 | ERROR | EndService - Prediction on image 8028 is incorrect.
17:12:42.735 | SUCCESS | EndService - Prediction on image 1906 is correct.
17:12:42.989 | ECLYPSE | PlacementManager - Placement established | app=ImagePrediction | mapping={'EndService': 'outer_1', 'PredictorService': 'outer_2', 'TrainerService': 'outer_4'}
17:12:42.989 | ECLYPSE | Simulation - Simulation step | step=272
17:12:43.159 | ERROR | EndService - Prediction on image 5186 is incorrect.
17:12:43.580 | SUCCESS | EndService - Prediction on image 9646 is correct.
17:12:43.990 | ECLYPSE | PlacementManager - Placement established | app=ImagePrediction | mapping={'EndService': 'outer_1', 'PredictorService': 'outer_2', 'TrainerService': 'outer_4'}
17:12:43.991 | ECLYPSE | Simulation - Simulation step | step=273
17:12:44.008 | ERROR | EndService - Prediction on image 4712 is incorrect.
17:12:44.425 | ERROR | EndService - Prediction on image 602 is incorrect.
17:12:44.845 | SUCCESS | EndService - Prediction on image 8623 is correct.
17:12:44.992 | ECLYPSE | PlacementManager - Placement established | app=ImagePrediction | mapping={'EndService': 'outer_1', 'PredictorService': 'outer_2', 'TrainerService': 'outer_4'}
17:12:44.992 | ECLYPSE | Simulation - Simulation step | step=274
17:12:45.271 | SUCCESS | EndService - Prediction on image 3212 is correct.
17:12:45.702 | ERROR | EndService - Prediction on image 3023 is incorrect.
17:12:45.993 | ECLYPSE | PlacementManager - Placement established | app=ImagePrediction | mapping={'EndService': 'outer_1', 'PredictorService': 'outer_2', 'TrainerService': 'outer_4'}
17:12:45.993 | ECLYPSE | Simulation - Simulation step | step=275
17:12:46.145 | SUCCESS | EndService - Prediction on image 7949 is correct.
17:12:46.575 | SUCCESS | EndService - Prediction on image 8541 is correct.
17:12:46.994 | ECLYPSE | PlacementManager - Placement established | app=ImagePrediction | mapping={'EndService': 'outer_1', 'PredictorService': 'outer_2', 'TrainerService': 'outer_4'}
17:12:46.995 | ECLYPSE | Simulation - Simulation step | step=276
17:12:47.013 | ERROR | EndService - Prediction on image 2678 is incorrect.
17:12:47.424 | ERROR | EndService - Prediction on image 929 is incorrect.
17:12:47.845 | SUCCESS | EndService - Prediction on image 9448 is correct.
17:12:47.996 | ECLYPSE | PlacementManager - Placement established | app=ImagePrediction | mapping={'EndService': 'outer_1', 'PredictorService': 'outer_2', 'TrainerService': 'outer_4'}
17:12:47.996 | ECLYPSE | Simulation - Simulation step | step=277
17:12:48.274 | ERROR | EndService - Prediction on image 789 is incorrect.
17:12:48.715 | SUCCESS | EndService - Prediction on image 5748 is correct.
17:12:48.997 | ECLYPSE | PlacementManager - Placement established | app=ImagePrediction | mapping={'EndService': 'outer_1', 'PredictorService': 'outer_2', 'TrainerService': 'outer_4'}
17:12:48.997 | ECLYPSE | Simulation - Simulation step | step=278
17:12:49.133 | ERROR | EndService - Prediction on image 3027 is incorrect.
17:12:49.552 | ERROR | EndService - Prediction on image 7193 is incorrect.
17:12:49.966 | SUCCESS | EndService - Prediction on image 8794 is correct.
17:12:49.998 | ECLYPSE | PlacementManager - Placement established | app=ImagePrediction | mapping={'EndService': 'outer_1', 'PredictorService': 'outer_2', 'TrainerService': 'outer_4'}
17:12:49.998 | ECLYPSE | Simulation - Simulation step | step=279
17:12:50.382 | SUCCESS | EndService - Prediction on image 3640 is correct.
17:12:50.799 | ERROR | EndService - Prediction on image 3290 is incorrect.
17:12:50.999 | ECLYPSE | PlacementManager - Placement established | app=ImagePrediction | mapping={'EndService': 'outer_1', 'PredictorService': 'outer_2', 'TrainerService': 'outer_4'}
17:12:50.999 | ECLYPSE | Simulation - Simulation step | step=280
17:12:51.228 | ERROR | EndService - Prediction on image 2277 is incorrect.
17:12:51.652 | ERROR | EndService - Prediction on image 9258 is incorrect.
17:12:52.000 | ECLYPSE | PlacementManager - Placement established | app=ImagePrediction | mapping={'EndService': 'outer_1', 'PredictorService': 'outer_2', 'TrainerService': 'outer_4'}
17:12:52.000 | ECLYPSE | Simulation - Simulation step | step=281
17:12:52.096 | SUCCESS | EndService - Prediction on image 5114 is correct.
17:12:52.520 | SUCCESS | EndService - Prediction on image 7872 is correct.
17:12:52.943 | ERROR | EndService - Prediction on image 4177 is incorrect.
17:12:53.001 | ECLYPSE | PlacementManager - Placement established | app=ImagePrediction | mapping={'EndService': 'outer_1', 'PredictorService': 'outer_2', 'TrainerService': 'outer_4'}
17:12:53.002 | ECLYPSE | Simulation - Simulation step | step=282
17:12:53.360 | ERROR | EndService - Prediction on image 964 is incorrect.
17:12:53.806 | ERROR | EndService - Prediction on image 7686 is incorrect.
17:12:54.003 | ECLYPSE | PlacementManager - Placement established | app=ImagePrediction | mapping={'EndService': 'outer_1', 'PredictorService': 'outer_2', 'TrainerService': 'outer_4'}
17:12:54.003 | ECLYPSE | Simulation - Simulation step | step=283
17:12:54.233 | SUCCESS | EndService - Prediction on image 9908 is correct.
17:12:54.656 | ERROR | EndService - Prediction on image 2221 is incorrect.
17:12:55.005 | ECLYPSE | PlacementManager - Placement established | app=ImagePrediction | mapping={'EndService': 'outer_1', 'PredictorService': 'outer_2', 'TrainerService': 'outer_4'}
17:12:55.006 | ECLYPSE | Simulation - Simulation step | step=284
17:12:55.086 | ERROR | EndService - Prediction on image 7728 is incorrect.
17:12:55.504 | ERROR | EndService - Prediction on image 9474 is incorrect.
17:12:55.938 | SUCCESS | EndService - Prediction on image 3476 is correct.
17:12:56.008 | ECLYPSE | PlacementManager - Placement established | app=ImagePrediction | mapping={'EndService': 'outer_1', 'PredictorService': 'outer_2', 'TrainerService': 'outer_4'}
17:12:56.009 | ECLYPSE | Simulation - Simulation step | step=285
17:12:56.365 | SUCCESS | EndService - Prediction on image 4873 is correct.
17:12:56.795 | SUCCESS | EndService - Prediction on image 6452 is correct.
17:12:57.009 | ECLYPSE | PlacementManager - Placement established | app=ImagePrediction | mapping={'EndService': 'outer_1', 'PredictorService': 'outer_2', 'TrainerService': 'outer_4'}
17:12:57.010 | ECLYPSE | Simulation - Simulation step | step=286
17:12:57.233 | SUCCESS | EndService - Prediction on image 2613 is correct.
17:12:57.663 | ERROR | EndService - Prediction on image 1969 is incorrect.
17:12:58.011 | ECLYPSE | PlacementManager - Placement established | app=ImagePrediction | mapping={'EndService': 'outer_1', 'PredictorService': 'outer_2', 'TrainerService': 'outer_4'}
17:12:58.011 | ECLYPSE | Simulation - Simulation step | step=287
17:12:58.074 | ERROR | EndService - Prediction on image 9783 is incorrect.
17:12:58.484 | ERROR | EndService - Prediction on image 6341 is incorrect.
17:12:58.915 | SUCCESS | EndService - Prediction on image 4208 is correct.
17:12:59.013 | ECLYPSE | PlacementManager - Placement established | app=ImagePrediction | mapping={'EndService': 'outer_1', 'PredictorService': 'outer_2', 'TrainerService': 'outer_4'}
17:12:59.014 | ECLYPSE | Simulation - Simulation step | step=288
17:12:59.334 | ERROR | EndService - Prediction on image 5196 is incorrect.
17:12:59.763 | SUCCESS | EndService - Prediction on image 7336 is correct.
17:13:00.015 | ECLYPSE | PlacementManager - Placement established | app=ImagePrediction | mapping={'EndService': 'outer_1', 'PredictorService': 'outer_2', 'TrainerService': 'outer_4'}
17:13:00.015 | ECLYPSE | Simulation - Simulation step | step=289
17:13:00.173 | SUCCESS | EndService - Prediction on image 5668 is correct.
17:13:00.584 | SUCCESS | EndService - Prediction on image 3660 is correct.
17:13:01.011 | ERROR | EndService - Prediction on image 7413 is incorrect.
17:13:01.017 | ECLYPSE | PlacementManager - Placement established | app=ImagePrediction | mapping={'EndService': 'outer_1', 'PredictorService': 'outer_2', 'TrainerService': 'outer_4'}
17:13:01.018 | ECLYPSE | Simulation - Simulation step | step=290
17:13:01.441 | SUCCESS | EndService - Prediction on image 4815 is correct.
17:13:01.903 | ERROR | EndService - Prediction on image 671 is incorrect.
17:13:02.018 | ECLYPSE | PlacementManager - Placement established | app=ImagePrediction | mapping={'EndService': 'outer_1', 'PredictorService': 'outer_2', 'TrainerService': 'outer_4'}
17:13:02.019 | ECLYPSE | Simulation - Simulation step | step=291
17:13:02.330 | ERROR | EndService - Prediction on image 5078 is incorrect.
17:13:02.745 | ERROR | EndService - Prediction on image 768 is incorrect.
17:13:03.019 | ECLYPSE | PlacementManager - Placement established | app=ImagePrediction | mapping={'EndService': 'outer_1', 'PredictorService': 'outer_2', 'TrainerService': 'outer_4'}
17:13:03.020 | ECLYPSE | Simulation - Simulation step | step=292
17:13:03.180 | ERROR | EndService - Prediction on image 3102 is incorrect.
17:13:03.598 | ERROR | EndService - Prediction on image 5499 is incorrect.
17:13:04.021 | ERROR | EndService - Prediction on image 8889 is incorrect.
17:13:04.021 | ECLYPSE | PlacementManager - Placement established | app=ImagePrediction | mapping={'EndService': 'outer_1', 'PredictorService': 'outer_2', 'TrainerService': 'outer_4'}
17:13:04.021 | ECLYPSE | Simulation - Simulation step | step=293
17:13:04.435 | ERROR | EndService - Prediction on image 7717 is incorrect.
17:13:04.860 | SUCCESS | EndService - Prediction on image 8414 is correct.
17:13:05.022 | ECLYPSE | PlacementManager - Placement established | app=ImagePrediction | mapping={'EndService': 'outer_1', 'PredictorService': 'outer_2', 'TrainerService': 'outer_4'}
17:13:05.022 | ECLYPSE | Simulation - Simulation step | step=294
17:13:05.288 | ERROR | EndService - Prediction on image 5097 is incorrect.
17:13:05.713 | SUCCESS | EndService - Prediction on image 2083 is correct.
17:13:06.023 | ECLYPSE | PlacementManager - Placement established | app=ImagePrediction | mapping={'EndService': 'outer_1', 'PredictorService': 'outer_2', 'TrainerService': 'outer_4'}
17:13:06.024 | ECLYPSE | Simulation - Simulation step | step=295
17:13:06.128 | SUCCESS | EndService - Prediction on image 4492 is correct.
17:13:06.547 | ERROR | EndService - Prediction on image 1208 is incorrect.
17:13:06.993 | ERROR | EndService - Prediction on image 6810 is incorrect.
17:13:07.025 | ECLYPSE | PlacementManager - Placement established | app=ImagePrediction | mapping={'EndService': 'outer_1', 'PredictorService': 'outer_2', 'TrainerService': 'outer_4'}
17:13:07.025 | ECLYPSE | Simulation - Simulation step | step=296
17:13:07.411 | ERROR | EndService - Prediction on image 5018 is incorrect.
17:13:07.834 | SUCCESS | EndService - Prediction on image 3016 is correct.
17:13:08.026 | ECLYPSE | PlacementManager - Placement established | app=ImagePrediction | mapping={'EndService': 'outer_1', 'PredictorService': 'outer_2', 'TrainerService': 'outer_4'}
17:13:08.027 | ECLYPSE | Simulation - Simulation step | step=297
17:13:08.268 | ERROR | EndService - Prediction on image 1345 is incorrect.
17:13:08.728 | SUCCESS | EndService - Prediction on image 4309 is correct.
17:13:09.028 | ECLYPSE | PlacementManager - Placement established | app=ImagePrediction | mapping={'EndService': 'outer_1', 'PredictorService': 'outer_2', 'TrainerService': 'outer_4'}
17:13:09.028 | ECLYPSE | Simulation - Simulation step | step=298
17:13:09.165 | SUCCESS | EndService - Prediction on image 2435 is correct.
17:13:09.591 | SUCCESS | EndService - Prediction on image 4642 is correct.
17:13:10.012 | SUCCESS | EndService - Prediction on image 42 is correct.
17:13:10.029 | ECLYPSE | PlacementManager - Placement established | app=ImagePrediction | mapping={'EndService': 'outer_1', 'PredictorService': 'outer_2', 'TrainerService': 'outer_4'}
17:13:10.029 | ECLYPSE | Simulation - Simulation step | step=299
17:13:10.444 | ERROR | EndService - Prediction on image 3342 is incorrect.
17:13:10.892 | ERROR | EndService - Prediction on image 6844 is incorrect.
17:13:11.030 | ECLYPSE | PlacementManager - Placement established | app=ImagePrediction | mapping={'EndService': 'outer_1', 'PredictorService': 'outer_2', 'TrainerService': 'outer_4'}
17:13:11.030 | ECLYPSE | Simulation - Simulation step | step=300
17:13:11.312 | SUCCESS | EndService - Prediction on image 485 is correct.
17:13:11.749 | ERROR | EndService - Prediction on image 7499 is incorrect.
17:13:12.031 | ECLYPSE | PlacementManager - Placement established | app=ImagePrediction | mapping={'EndService': 'outer_1', 'PredictorService': 'outer_2', 'TrainerService': 'outer_4'}
17:13:12.031 | ECLYPSE | Simulation - Simulation step | step=301
17:13:12.205 | SUCCESS | EndService - Prediction on image 5008 is correct.
17:13:12.626 | SUCCESS | EndService - Prediction on image 6923 is correct.
17:13:13.032 | ECLYPSE | PlacementManager - Placement established | app=ImagePrediction | mapping={'EndService': 'outer_1', 'PredictorService': 'outer_2', 'TrainerService': 'outer_4'}
17:13:13.033 | ECLYPSE | Simulation - Simulation step | step=302
17:13:13.063 | SUCCESS | EndService - Prediction on image 5342 is correct.
17:13:13.486 | SUCCESS | EndService - Prediction on image 8073 is correct.
17:13:13.909 | SUCCESS | EndService - Prediction on image 7607 is correct.
17:13:14.033 | ECLYPSE | PlacementManager - Placement established | app=ImagePrediction | mapping={'EndService': 'outer_1', 'PredictorService': 'outer_2', 'TrainerService': 'outer_4'}
17:13:14.034 | ECLYPSE | Simulation - Simulation step | step=303
17:13:14.335 | ERROR | EndService - Prediction on image 399 is incorrect.
17:13:14.783 | ERROR | EndService - Prediction on image 8006 is incorrect.
17:13:15.035 | ECLYPSE | PlacementManager - Placement established | app=ImagePrediction | mapping={'EndService': 'outer_1', 'PredictorService': 'outer_2', 'TrainerService': 'outer_4'}
17:13:15.035 | ECLYPSE | Simulation - Simulation step | step=304
17:13:15.196 | SUCCESS | EndService - Prediction on image 3529 is correct.
17:13:15.616 | ERROR | EndService - Prediction on image 2642 is incorrect.
17:13:16.036 | ECLYPSE | PlacementManager - Placement established | app=ImagePrediction | mapping={'EndService': 'outer_1', 'PredictorService': 'outer_2', 'TrainerService': 'outer_4'}
17:13:16.036 | ECLYPSE | Simulation - Simulation step | step=305
17:13:16.039 | SUCCESS | EndService - Prediction on image 5659 is correct.
17:13:16.457 | ERROR | EndService - Prediction on image 9802 is incorrect.
17:13:16.908 | ERROR | EndService - Prediction on image 1868 is incorrect.
17:13:17.037 | ECLYPSE | PlacementManager - Placement established | app=ImagePrediction | mapping={'EndService': 'outer_1', 'PredictorService': 'outer_2', 'TrainerService': 'outer_4'}
17:13:17.037 | ECLYPSE | Simulation - Simulation step | step=306
17:13:17.343 | ERROR | EndService - Prediction on image 6113 is incorrect.
17:13:17.758 | SUCCESS | EndService - Prediction on image 2187 is correct.
17:13:18.038 | ECLYPSE | PlacementManager - Placement established | app=ImagePrediction | mapping={'EndService': 'outer_1', 'PredictorService': 'outer_2', 'TrainerService': 'outer_4'}
17:13:18.038 | ECLYPSE | Simulation - Simulation step | step=307
17:13:18.177 | SUCCESS | EndService - Prediction on image 2165 is correct.
17:13:18.591 | SUCCESS | EndService - Prediction on image 1600 is correct.
17:13:19.023 | SUCCESS | EndService - Prediction on image 1310 is correct.
17:13:19.039 | ECLYPSE | PlacementManager - Placement established | app=ImagePrediction | mapping={'EndService': 'outer_1', 'PredictorService': 'outer_2', 'TrainerService': 'outer_4'}
17:13:19.039 | ECLYPSE | Simulation - Simulation step | step=308
17:13:19.441 | ERROR | EndService - Prediction on image 1081 is incorrect.
17:13:19.890 | SUCCESS | EndService - Prediction on image 4114 is correct.
17:13:20.040 | ECLYPSE | PlacementManager - Placement established | app=ImagePrediction | mapping={'EndService': 'outer_1', 'PredictorService': 'outer_2', 'TrainerService': 'outer_4'}
17:13:20.041 | ECLYPSE | Simulation - Simulation step | step=309
17:13:20.315 | SUCCESS | EndService - Prediction on image 5379 is correct.
17:13:20.778 | SUCCESS | EndService - Prediction on image 9458 is correct.
17:13:21.041 | ECLYPSE | PlacementManager - Placement established | app=ImagePrediction | mapping={'EndService': 'outer_1', 'PredictorService': 'outer_2', 'TrainerService': 'outer_4'}
17:13:21.042 | ECLYPSE | Simulation - Simulation step | step=310
17:13:21.208 | ERROR | EndService - Prediction on image 4827 is incorrect.
17:13:21.633 | SUCCESS | EndService - Prediction on image 2284 is correct.
17:13:22.043 | ECLYPSE | PlacementManager - Placement established | app=ImagePrediction | mapping={'EndService': 'outer_1', 'PredictorService': 'outer_2', 'TrainerService': 'outer_4'}
17:13:22.044 | ECLYPSE | Simulation - Simulation step | step=311
17:13:22.060 | SUCCESS | EndService - Prediction on image 9967 is correct.
17:13:22.478 | SUCCESS | EndService - Prediction on image 9718 is correct.
17:13:22.914 | ERROR | EndService - Prediction on image 8006 is incorrect.
17:13:23.045 | ECLYPSE | PlacementManager - Placement established | app=ImagePrediction | mapping={'EndService': 'outer_1', 'PredictorService': 'outer_2', 'TrainerService': 'outer_4'}
17:13:23.045 | ECLYPSE | Simulation - Simulation step | step=312
17:13:23.340 | SUCCESS | EndService - Prediction on image 8947 is correct.
17:13:23.797 | ERROR | EndService - Prediction on image 6632 is incorrect.
17:13:24.046 | ECLYPSE | PlacementManager - Placement established | app=ImagePrediction | mapping={'EndService': 'outer_1', 'PredictorService': 'outer_2', 'TrainerService': 'outer_4'}
17:13:24.047 | ECLYPSE | Simulation - Simulation step | step=313
17:13:24.222 | SUCCESS | EndService - Prediction on image 296 is correct.
17:13:24.636 | SUCCESS | EndService - Prediction on image 3150 is correct.
17:13:25.048 | ECLYPSE | PlacementManager - Placement established | app=ImagePrediction | mapping={'EndService': 'outer_1', 'PredictorService': 'outer_2', 'TrainerService': 'outer_4'}
17:13:25.048 | ECLYPSE | Simulation - Simulation step | step=314
17:13:25.054 | ERROR | EndService - Prediction on image 982 is incorrect.
17:13:25.464 | SUCCESS | EndService - Prediction on image 7647 is correct.
17:13:25.889 | SUCCESS | EndService - Prediction on image 7971 is correct.
17:13:26.049 | ECLYPSE | PlacementManager - Placement established | app=ImagePrediction | mapping={'EndService': 'outer_1', 'PredictorService': 'outer_2', 'TrainerService': 'outer_4'}
17:13:26.050 | ECLYPSE | Simulation - Simulation step | step=315
17:13:26.330 | SUCCESS | EndService - Prediction on image 5591 is correct.
17:13:26.762 | ERROR | EndService - Prediction on image 7399 is incorrect.
17:13:27.051 | ECLYPSE | PlacementManager - Placement established | app=ImagePrediction | mapping={'EndService': 'outer_1', 'PredictorService': 'outer_2', 'TrainerService': 'outer_4'}
17:13:27.051 | ECLYPSE | Simulation - Simulation step | step=316
17:13:27.192 | SUCCESS | EndService - Prediction on image 586 is correct.
17:13:27.617 | ERROR | EndService - Prediction on image 7656 is incorrect.
17:13:28.036 | SUCCESS | EndService - Prediction on image 2973 is correct.
17:13:28.052 | ECLYPSE | PlacementManager - Placement established | app=ImagePrediction | mapping={'EndService': 'outer_1', 'PredictorService': 'outer_2', 'TrainerService': 'outer_4'}
17:13:28.053 | ECLYPSE | Simulation - Simulation step | step=317
17:13:28.450 | SUCCESS | EndService - Prediction on image 1372 is correct.
17:13:28.885 | ERROR | EndService - Prediction on image 6729 is incorrect.
17:13:29.054 | ECLYPSE | PlacementManager - Placement established | app=ImagePrediction | mapping={'EndService': 'outer_1', 'PredictorService': 'outer_2', 'TrainerService': 'outer_4'}
17:13:29.054 | ECLYPSE | Simulation - Simulation step | step=318
17:13:29.324 | ERROR | EndService - Prediction on image 7002 is incorrect.
17:13:29.741 | SUCCESS | EndService - Prediction on image 8890 is correct.
17:13:30.055 | ECLYPSE | PlacementManager - Placement established | app=ImagePrediction | mapping={'EndService': 'outer_1', 'PredictorService': 'outer_2', 'TrainerService': 'outer_4'}
17:13:30.056 | ECLYPSE | Simulation - Simulation step | step=319
17:13:30.156 | ERROR | EndService - Prediction on image 3473 is incorrect.
17:13:30.578 | SUCCESS | EndService - Prediction on image 2773 is correct.
17:13:31.033 | ERROR | EndService - Prediction on image 8178 is incorrect.
17:13:31.057 | ECLYPSE | PlacementManager - Placement established | app=ImagePrediction | mapping={'EndService': 'outer_1', 'PredictorService': 'outer_2', 'TrainerService': 'outer_4'}
17:13:31.057 | ECLYPSE | Simulation - Simulation step | step=320
17:13:31.471 | SUCCESS | EndService - Prediction on image 9436 is correct.
17:13:31.895 | SUCCESS | EndService - Prediction on image 5744 is correct.
17:13:32.058 | ECLYPSE | PlacementManager - Placement established | app=ImagePrediction | mapping={'EndService': 'outer_1', 'PredictorService': 'outer_2', 'TrainerService': 'outer_4'}
17:13:32.058 | ECLYPSE | Simulation - Simulation step | step=321
17:13:32.323 | SUCCESS | EndService - Prediction on image 3748 is correct.
17:13:32.754 | ERROR | EndService - Prediction on image 1736 is incorrect.
17:13:33.059 | ECLYPSE | PlacementManager - Placement established | app=ImagePrediction | mapping={'EndService': 'outer_1', 'PredictorService': 'outer_2', 'TrainerService': 'outer_4'}
17:13:33.059 | ECLYPSE | Simulation - Simulation step | step=322
17:13:33.179 | ERROR | EndService - Prediction on image 4929 is incorrect.
17:13:33.599 | SUCCESS | EndService - Prediction on image 5035 is correct.
17:13:34.051 | SUCCESS | EndService - Prediction on image 3790 is correct.
17:13:34.061 | ECLYPSE | PlacementManager - Placement established | app=ImagePrediction | mapping={'EndService': 'outer_1', 'PredictorService': 'outer_2', 'TrainerService': 'outer_4'}
17:13:34.062 | ECLYPSE | Simulation - Simulation step | step=323
17:13:34.480 | SUCCESS | EndService - Prediction on image 2344 is correct.
17:13:34.898 | ERROR | EndService - Prediction on image 501 is incorrect.
17:13:35.063 | ECLYPSE | PlacementManager - Placement established | app=ImagePrediction | mapping={'EndService': 'outer_1', 'PredictorService': 'outer_2', 'TrainerService': 'outer_4'}
17:13:35.063 | ECLYPSE | Simulation - Simulation step | step=324
17:13:35.348 | ERROR | EndService - Prediction on image 7527 is incorrect.
17:13:35.784 | SUCCESS | EndService - Prediction on image 2570 is correct.
17:13:36.064 | ECLYPSE | PlacementManager - Placement established | app=ImagePrediction | mapping={'EndService': 'outer_1', 'PredictorService': 'outer_2', 'TrainerService': 'outer_4'}
17:13:36.065 | ECLYPSE | Simulation - Simulation step | step=325
17:13:36.232 | SUCCESS | EndService - Prediction on image 7872 is correct.
17:13:36.654 | ERROR | EndService - Prediction on image 9282 is incorrect.
17:13:37.065 | ECLYPSE | PlacementManager - Placement established | app=ImagePrediction | mapping={'EndService': 'outer_1', 'PredictorService': 'outer_2', 'TrainerService': 'outer_4'}
17:13:37.066 | ECLYPSE | Simulation - Simulation step | step=326
17:13:37.073 | SUCCESS | EndService - Prediction on image 4136 is correct.
17:13:37.489 | ERROR | EndService - Prediction on image 4075 is incorrect.
17:13:37.917 | SUCCESS | EndService - Prediction on image 7648 is correct.
17:13:38.067 | ECLYPSE | PlacementManager - Placement established | app=ImagePrediction | mapping={'EndService': 'outer_1', 'PredictorService': 'outer_2', 'TrainerService': 'outer_4'}
17:13:38.067 | ECLYPSE | Simulation - Simulation step | step=327
17:13:38.353 | SUCCESS | EndService - Prediction on image 6641 is correct.
17:13:38.816 | ERROR | EndService - Prediction on image 5950 is incorrect.
17:13:39.068 | ECLYPSE | PlacementManager - Placement established | app=ImagePrediction | mapping={'EndService': 'outer_1', 'PredictorService': 'outer_2', 'TrainerService': 'outer_4'}
17:13:39.068 | ECLYPSE | Simulation - Simulation step | step=328
17:13:39.246 | ERROR | EndService - Prediction on image 8495 is incorrect.
17:13:39.665 | SUCCESS | EndService - Prediction on image 9865 is correct.
17:13:40.008 | WARNING | PredictorService - Model updated.
17:13:40.069 | ECLYPSE | PlacementManager - Placement established | app=ImagePrediction | mapping={'EndService': 'outer_1', 'PredictorService': 'outer_2', 'TrainerService': 'outer_4'}
17:13:40.070 | ECLYPSE | Simulation - Simulation step | step=329
17:13:40.099 | ERROR | EndService - Prediction on image 9255 is incorrect.
17:13:40.280 | SUCCESS | EndService - Prediction on image 4010 is correct.
17:13:40.463 | SUCCESS | EndService - Prediction on image 7745 is correct.
17:13:40.677 | ERROR | EndService - Prediction on image 6376 is incorrect.
17:13:40.864 | SUCCESS | EndService - Prediction on image 3648 is correct.
17:13:41.052 | ERROR | EndService - Prediction on image 7568 is incorrect.
17:13:41.070 | ECLYPSE | PlacementManager - Placement established | app=ImagePrediction | mapping={'EndService': 'outer_1', 'PredictorService': 'outer_2', 'TrainerService': 'outer_4'}
17:13:41.071 | ECLYPSE | Simulation - Simulation step | step=330
17:13:41.256 | ERROR | EndService - Prediction on image 4869 is incorrect.
17:13:41.443 | SUCCESS | EndService - Prediction on image 6630 is correct.
17:13:41.641 | SUCCESS | EndService - Prediction on image 2471 is correct.
17:13:41.836 | SUCCESS | EndService - Prediction on image 6535 is correct.
17:13:42.027 | ERROR | EndService - Prediction on image 4890 is incorrect.
17:13:42.072 | ECLYPSE | PlacementManager - Placement established | app=ImagePrediction | mapping={'EndService': 'outer_1', 'PredictorService': 'outer_2', 'TrainerService': 'outer_4'}
17:13:42.072 | ECLYPSE | Simulation - Simulation step | step=331
17:13:42.216 | ERROR | EndService - Prediction on image 7499 is incorrect.
17:13:42.407 | SUCCESS | EndService - Prediction on image 7139 is correct.
17:13:42.600 | SUCCESS | EndService - Prediction on image 9407 is correct.
17:13:42.795 | SUCCESS | EndService - Prediction on image 4824 is correct.
17:13:42.981 | SUCCESS | EndService - Prediction on image 4166 is correct.
17:13:43.073 | ECLYPSE | PlacementManager - Placement established | app=ImagePrediction | mapping={'EndService': 'outer_1', 'PredictorService': 'outer_2', 'TrainerService': 'outer_4'}
17:13:43.073 | ECLYPSE | Simulation - Simulation step | step=332
17:13:43.169 | SUCCESS | EndService - Prediction on image 6892 is correct.
17:13:43.359 | SUCCESS | EndService - Prediction on image 8087 is correct.
17:13:43.549 | SUCCESS | EndService - Prediction on image 1703 is correct.
17:13:43.736 | SUCCESS | EndService - Prediction on image 2874 is correct.
17:13:43.928 | ERROR | EndService - Prediction on image 5390 is incorrect.
17:13:44.074 | ECLYPSE | PlacementManager - Placement established | app=ImagePrediction | mapping={'EndService': 'outer_1', 'PredictorService': 'outer_2', 'TrainerService': 'outer_4'}
17:13:44.074 | ECLYPSE | Simulation - Simulation step | step=333
17:13:44.123 | ERROR | EndService - Prediction on image 8404 is incorrect.
17:13:44.313 | SUCCESS | EndService - Prediction on image 1327 is correct.
17:13:44.502 | ERROR | EndService - Prediction on image 5299 is incorrect.
17:13:44.701 | SUCCESS | EndService - Prediction on image 1120 is correct.
17:13:44.896 | SUCCESS | EndService - Prediction on image 5047 is correct.
17:13:45.075 | ECLYPSE | PlacementManager - Placement established | app=ImagePrediction | mapping={'EndService': 'outer_1', 'PredictorService': 'outer_2', 'TrainerService': 'outer_4'}
17:13:45.076 | ECLYPSE | Simulation - Simulation step | step=334
17:13:45.093 | ERROR | EndService - Prediction on image 8809 is incorrect.
17:13:45.275 | SUCCESS | EndService - Prediction on image 1598 is correct.
17:13:45.464 | SUCCESS | EndService - Prediction on image 8302 is correct.
17:13:45.670 | SUCCESS | EndService - Prediction on image 332 is correct.
17:13:46.076 | ECLYPSE | PlacementManager - Placement established | app=ImagePrediction | mapping={'EndService': 'outer_1', 'PredictorService': 'outer_2', 'TrainerService': 'outer_4'}
17:13:46.077 | ECLYPSE | Simulation - Simulation step | step=335
17:13:46.136 | ERROR | EndService - Prediction on image 7689 is incorrect.
17:13:46.555 | SUCCESS | EndService - Prediction on image 862 is correct.
17:13:46.968 | SUCCESS | EndService - Prediction on image 4920 is correct.
17:13:47.077 | ECLYPSE | PlacementManager - Placement established | app=ImagePrediction | mapping={'EndService': 'outer_1', 'PredictorService': 'outer_2', 'TrainerService': 'outer_4'}
17:13:47.078 | ECLYPSE | Simulation - Simulation step | step=336
17:13:47.407 | SUCCESS | EndService - Prediction on image 8464 is correct.
17:13:47.869 | SUCCESS | EndService - Prediction on image 1443 is correct.
17:13:48.078 | ECLYPSE | PlacementManager - Placement established | app=ImagePrediction | mapping={'EndService': 'outer_1', 'PredictorService': 'outer_2', 'TrainerService': 'outer_4'}
17:13:48.079 | ECLYPSE | Simulation - Simulation step | step=337
17:13:48.316 | ERROR | EndService - Prediction on image 1421 is incorrect.
17:13:48.757 | ERROR | EndService - Prediction on image 6507 is incorrect.
17:13:49.080 | ECLYPSE | PlacementManager - Placement established | app=ImagePrediction | mapping={'EndService': 'outer_1', 'PredictorService': 'outer_2', 'TrainerService': 'outer_4'}
17:13:49.080 | ECLYPSE | Simulation - Simulation step | step=338
17:13:49.187 | ERROR | EndService - Prediction on image 9159 is incorrect.
17:13:49.611 | ERROR | EndService - Prediction on image 1702 is incorrect.
17:13:50.047 | SUCCESS | EndService - Prediction on image 237 is correct.
17:13:50.081 | ECLYPSE | PlacementManager - Placement established | app=ImagePrediction | mapping={'EndService': 'outer_1', 'PredictorService': 'outer_2', 'TrainerService': 'outer_4'}
17:13:50.081 | ECLYPSE | Simulation - Simulation step | step=339
17:13:50.490 | ERROR | EndService - Prediction on image 2462 is incorrect.
17:13:50.921 | ERROR | EndService - Prediction on image 2232 is incorrect.
17:13:51.082 | ECLYPSE | PlacementManager - Placement established | app=ImagePrediction | mapping={'EndService': 'outer_1', 'PredictorService': 'outer_2', 'TrainerService': 'outer_4'}
17:13:51.083 | ECLYPSE | Simulation - Simulation step | step=340
17:13:51.348 | SUCCESS | EndService - Prediction on image 4531 is correct.
17:13:51.779 | ERROR | EndService - Prediction on image 5020 is incorrect.
17:13:52.083 | ECLYPSE | PlacementManager - Placement established | app=ImagePrediction | mapping={'EndService': 'outer_1', 'PredictorService': 'outer_2', 'TrainerService': 'outer_4'}
17:13:52.084 | ECLYPSE | Simulation - Simulation step | step=341
17:13:52.236 | SUCCESS | EndService - Prediction on image 8210 is correct.
17:13:52.684 | ERROR | EndService - Prediction on image 5490 is incorrect.
17:13:53.084 | ECLYPSE | PlacementManager - Placement established | app=ImagePrediction | mapping={'EndService': 'outer_1', 'PredictorService': 'outer_2', 'TrainerService': 'outer_4'}
17:13:53.085 | ECLYPSE | Simulation - Simulation step | step=342
17:13:53.118 | ERROR | EndService - Prediction on image 445 is incorrect.
17:13:53.531 | ERROR | EndService - Prediction on image 6291 is incorrect.
17:13:53.949 | SUCCESS | EndService - Prediction on image 5954 is correct.
17:13:54.085 | ECLYPSE | PlacementManager - Placement established | app=ImagePrediction | mapping={'EndService': 'outer_1', 'PredictorService': 'outer_2', 'TrainerService': 'outer_4'}
17:13:54.086 | ECLYPSE | Simulation - Simulation step | step=343
17:13:54.437 | SUCCESS | EndService - Prediction on image 8369 is correct.
17:13:54.864 | SUCCESS | EndService - Prediction on image 2274 is correct.
17:13:55.087 | ECLYPSE | PlacementManager - Placement established | app=ImagePrediction | mapping={'EndService': 'outer_1', 'PredictorService': 'outer_2', 'TrainerService': 'outer_4'}
17:13:55.088 | ECLYPSE | Simulation - Simulation step | step=344
17:13:55.293 | ERROR | EndService - Prediction on image 6651 is incorrect.
17:13:55.741 | ERROR | EndService - Prediction on image 1237 is incorrect.
17:13:56.088 | ECLYPSE | PlacementManager - Placement established | app=ImagePrediction | mapping={'EndService': 'outer_1', 'PredictorService': 'outer_2', 'TrainerService': 'outer_4'}
17:13:56.088 | ECLYPSE | Simulation - Simulation step | step=345
17:13:56.186 | SUCCESS | EndService - Prediction on image 3249 is correct.
17:13:56.606 | SUCCESS | EndService - Prediction on image 5007 is correct.
17:13:57.040 | SUCCESS | EndService - Prediction on image 7794 is correct.
17:13:57.089 | ECLYPSE | PlacementManager - Placement established | app=ImagePrediction | mapping={'EndService': 'outer_1', 'PredictorService': 'outer_2', 'TrainerService': 'outer_4'}
17:13:57.090 | ECLYPSE | Simulation - Simulation step | step=346
17:13:57.469 | ERROR | EndService - Prediction on image 9155 is incorrect.
17:13:57.934 | SUCCESS | EndService - Prediction on image 9412 is correct.
17:13:58.090 | ECLYPSE | PlacementManager - Placement established | app=ImagePrediction | mapping={'EndService': 'outer_1', 'PredictorService': 'outer_2', 'TrainerService': 'outer_4'}
17:13:58.091 | ECLYPSE | Simulation - Simulation step | step=347
17:13:58.356 | SUCCESS | EndService - Prediction on image 3107 is correct.
17:13:58.788 | SUCCESS | EndService - Prediction on image 1858 is correct.
17:13:59.092 | ECLYPSE | PlacementManager - Placement established | app=ImagePrediction | mapping={'EndService': 'outer_1', 'PredictorService': 'outer_2', 'TrainerService': 'outer_4'}
17:13:59.092 | ECLYPSE | Simulation - Simulation step | step=348
17:13:59.213 | SUCCESS | EndService - Prediction on image 2497 is correct.
17:13:59.631 | SUCCESS | EndService - Prediction on image 5672 is correct.
17:14:00.066 | ERROR | EndService - Prediction on image 3691 is incorrect.
17:14:00.093 | ECLYPSE | PlacementManager - Placement established | app=ImagePrediction | mapping={'EndService': 'outer_1', 'PredictorService': 'outer_2', 'TrainerService': 'outer_4'}
17:14:00.093 | ECLYPSE | Simulation - Simulation step | step=349
17:14:00.486 | SUCCESS | EndService - Prediction on image 5278 is correct.
17:14:00.929 | SUCCESS | EndService - Prediction on image 9561 is correct.
17:14:01.094 | ECLYPSE | PlacementManager - Placement established | app=ImagePrediction | mapping={'EndService': 'outer_1', 'PredictorService': 'outer_2', 'TrainerService': 'outer_4'}
17:14:01.095 | ECLYPSE | Simulation - Simulation step | step=350
17:14:01.355 | SUCCESS | EndService - Prediction on image 1220 is correct.
17:14:01.783 | SUCCESS | EndService - Prediction on image 6147 is correct.
17:14:02.095 | ECLYPSE | PlacementManager - Placement established | app=ImagePrediction | mapping={'EndService': 'outer_1', 'PredictorService': 'outer_2', 'TrainerService': 'outer_4'}
17:14:02.096 | ECLYPSE | Simulation - Simulation step | step=351
17:14:02.212 | ERROR | EndService - Prediction on image 3929 is incorrect.
17:14:02.630 | ERROR | EndService - Prediction on image 3756 is incorrect.
17:14:03.044 | SUCCESS | EndService - Prediction on image 8868 is correct.
17:14:03.097 | ECLYPSE | PlacementManager - Placement established | app=ImagePrediction | mapping={'EndService': 'outer_1', 'PredictorService': 'outer_2', 'TrainerService': 'outer_4'}
17:14:03.097 | ECLYPSE | Simulation - Simulation step | step=352
17:14:03.467 | SUCCESS | EndService - Prediction on image 7277 is correct.
17:14:03.950 | SUCCESS | EndService - Prediction on image 8407 is correct.
17:14:04.098 | ECLYPSE | PlacementManager - Placement established | app=ImagePrediction | mapping={'EndService': 'outer_1', 'PredictorService': 'outer_2', 'TrainerService': 'outer_4'}
17:14:04.098 | ECLYPSE | Simulation - Simulation step | step=353
17:14:04.375 | SUCCESS | EndService - Prediction on image 7269 is correct.
17:14:04.809 | SUCCESS | EndService - Prediction on image 7482 is correct.
17:14:05.099 | ECLYPSE | PlacementManager - Placement established | app=ImagePrediction | mapping={'EndService': 'outer_1', 'PredictorService': 'outer_2', 'TrainerService': 'outer_4'}
17:14:05.100 | ECLYPSE | Simulation - Simulation step | step=354
17:14:05.249 | ERROR | EndService - Prediction on image 8 is incorrect.
17:14:05.691 | SUCCESS | EndService - Prediction on image 719 is correct.
17:14:06.100 | ECLYPSE | PlacementManager - Placement established | app=ImagePrediction | mapping={'EndService': 'outer_1', 'PredictorService': 'outer_2', 'TrainerService': 'outer_4'}
17:14:06.101 | ECLYPSE | Simulation - Simulation step | step=355
17:14:06.108 | ERROR | EndService - Prediction on image 5242 is incorrect.
17:14:06.524 | ERROR | EndService - Prediction on image 3176 is incorrect.
17:14:06.954 | ERROR | EndService - Prediction on image 1028 is incorrect.
17:14:07.102 | ECLYPSE | PlacementManager - Placement established | app=ImagePrediction | mapping={'EndService': 'outer_1', 'PredictorService': 'outer_2', 'TrainerService': 'outer_4'}
17:14:07.102 | ECLYPSE | Simulation - Simulation step | step=356
17:14:07.394 | SUCCESS | EndService - Prediction on image 2732 is correct.
17:14:07.819 | ERROR | EndService - Prediction on image 172 is incorrect.
17:14:08.103 | ECLYPSE | PlacementManager - Placement established | app=ImagePrediction | mapping={'EndService': 'outer_1', 'PredictorService': 'outer_2', 'TrainerService': 'outer_4'}
17:14:08.104 | ECLYPSE | Simulation - Simulation step | step=357
17:14:08.231 | SUCCESS | EndService - Prediction on image 4459 is correct.
17:14:08.648 | SUCCESS | EndService - Prediction on image 8008 is correct.
17:14:09.067 | ERROR | EndService - Prediction on image 5829 is incorrect.
17:14:09.104 | ECLYPSE | PlacementManager - Placement established | app=ImagePrediction | mapping={'EndService': 'outer_1', 'PredictorService': 'outer_2', 'TrainerService': 'outer_4'}
17:14:09.105 | ECLYPSE | Simulation - Simulation step | step=358
17:14:09.496 | ERROR | EndService - Prediction on image 3963 is incorrect.
17:14:09.936 | ERROR | EndService - Prediction on image 3635 is incorrect.
17:14:10.105 | ECLYPSE | PlacementManager - Placement established | app=ImagePrediction | mapping={'EndService': 'outer_1', 'PredictorService': 'outer_2', 'TrainerService': 'outer_4'}
17:14:10.106 | ECLYPSE | Simulation - Simulation step | step=359
17:14:10.369 | SUCCESS | EndService - Prediction on image 2367 is correct.
17:14:10.802 | SUCCESS | EndService - Prediction on image 6962 is correct.
17:14:11.107 | ECLYPSE | PlacementManager - Placement established | app=ImagePrediction | mapping={'EndService': 'outer_1', 'PredictorService': 'outer_2', 'TrainerService': 'outer_4'}
17:14:11.107 | ECLYPSE | Simulation - Simulation step | step=360
17:14:11.237 | ERROR | EndService - Prediction on image 7649 is incorrect.
17:14:11.658 | ERROR | EndService - Prediction on image 5975 is incorrect.
17:14:12.089 | ERROR | EndService - Prediction on image 7091 is incorrect.
17:14:12.108 | ECLYPSE | PlacementManager - Placement established | app=ImagePrediction | mapping={'EndService': 'outer_1', 'PredictorService': 'outer_2', 'TrainerService': 'outer_4'}
17:14:12.108 | ECLYPSE | Simulation - Simulation step | step=361
17:14:12.516 | SUCCESS | EndService - Prediction on image 6255 is correct.
17:14:12.943 | SUCCESS | EndService - Prediction on image 2306 is correct.
17:14:13.109 | ECLYPSE | PlacementManager - Placement established | app=ImagePrediction | mapping={'EndService': 'outer_1', 'PredictorService': 'outer_2', 'TrainerService': 'outer_4'}
17:14:13.109 | ECLYPSE | Simulation - Simulation step | step=362
17:14:13.363 | SUCCESS | EndService - Prediction on image 7383 is correct.
17:14:13.800 | ERROR | EndService - Prediction on image 3339 is incorrect.
17:14:14.110 | ECLYPSE | PlacementManager - Placement established | app=ImagePrediction | mapping={'EndService': 'outer_1', 'PredictorService': 'outer_2', 'TrainerService': 'outer_4'}
17:14:14.110 | ECLYPSE | Simulation - Simulation step | step=363
17:14:14.266 | ERROR | EndService - Prediction on image 9117 is incorrect.
17:14:14.717 | SUCCESS | EndService - Prediction on image 372 is correct.
17:14:15.111 | ECLYPSE | PlacementManager - Placement established | app=ImagePrediction | mapping={'EndService': 'outer_1', 'PredictorService': 'outer_2', 'TrainerService': 'outer_4'}
17:14:15.112 | ECLYPSE | Simulation - Simulation step | step=364
17:14:15.169 | ERROR | EndService - Prediction on image 266 is incorrect.
17:14:15.590 | ERROR | EndService - Prediction on image 2957 is incorrect.
17:14:16.019 | SUCCESS | EndService - Prediction on image 9472 is correct.
17:14:16.112 | ECLYPSE | PlacementManager - Placement established | app=ImagePrediction | mapping={'EndService': 'outer_1', 'PredictorService': 'outer_2', 'TrainerService': 'outer_4'}
17:14:16.113 | ECLYPSE | Simulation - Simulation step | step=365
17:14:16.439 | SUCCESS | EndService - Prediction on image 8114 is correct.
17:14:16.866 | ERROR | EndService - Prediction on image 6816 is incorrect.
17:14:17.113 | ECLYPSE | PlacementManager - Placement established | app=ImagePrediction | mapping={'EndService': 'outer_1', 'PredictorService': 'outer_2', 'TrainerService': 'outer_4'}
17:14:17.114 | ECLYPSE | Simulation - Simulation step | step=366
17:14:17.286 | SUCCESS | EndService - Prediction on image 333 is correct.
17:14:17.715 | SUCCESS | EndService - Prediction on image 4718 is correct.
17:14:18.114 | ECLYPSE | PlacementManager - Placement established | app=ImagePrediction | mapping={'EndService': 'outer_1', 'PredictorService': 'outer_2', 'TrainerService': 'outer_4'}
17:14:18.115 | ECLYPSE | Simulation - Simulation step | step=367
17:14:18.148 | SUCCESS | EndService - Prediction on image 2301 is correct.
17:14:18.565 | SUCCESS | EndService - Prediction on image 2023 is correct.
17:14:18.991 | ERROR | EndService - Prediction on image 6148 is incorrect.
17:14:19.115 | ECLYPSE | PlacementManager - Placement established | app=ImagePrediction | mapping={'EndService': 'outer_1', 'PredictorService': 'outer_2', 'TrainerService': 'outer_4'}
17:14:19.116 | ECLYPSE | Simulation - Simulation step | step=368
17:14:19.409 | SUCCESS | EndService - Prediction on image 197 is correct.
17:14:19.864 | ERROR | EndService - Prediction on image 4127 is incorrect.
17:14:20.116 | ECLYPSE | PlacementManager - Placement established | app=ImagePrediction | mapping={'EndService': 'outer_1', 'PredictorService': 'outer_2', 'TrainerService': 'outer_4'}
17:14:20.117 | ECLYPSE | Simulation - Simulation step | step=369
17:14:20.295 | ERROR | EndService - Prediction on image 2047 is incorrect.
17:14:20.726 | SUCCESS | EndService - Prediction on image 1888 is correct.
17:14:21.118 | ECLYPSE | PlacementManager - Placement established | app=ImagePrediction | mapping={'EndService': 'outer_1', 'PredictorService': 'outer_2', 'TrainerService': 'outer_4'}
17:14:21.118 | ECLYPSE | Simulation - Simulation step | step=370
17:14:21.167 | SUCCESS | EndService - Prediction on image 3824 is correct.
17:14:21.588 | ERROR | EndService - Prediction on image 9290 is incorrect.
17:14:22.026 | ERROR | EndService - Prediction on image 5281 is incorrect.
17:14:22.119 | ECLYPSE | PlacementManager - Placement established | app=ImagePrediction | mapping={'EndService': 'outer_1', 'PredictorService': 'outer_2', 'TrainerService': 'outer_4'}
17:14:22.119 | ECLYPSE | Simulation - Simulation step | step=371
17:14:22.449 | SUCCESS | EndService - Prediction on image 7785 is correct.
17:14:22.887 | SUCCESS | EndService - Prediction on image 5012 is correct.
17:14:23.120 | ECLYPSE | PlacementManager - Placement established | app=ImagePrediction | mapping={'EndService': 'outer_1', 'PredictorService': 'outer_2', 'TrainerService': 'outer_4'}
17:14:23.120 | ECLYPSE | Simulation - Simulation step | step=372
17:14:23.302 | ERROR | EndService - Prediction on image 1319 is incorrect.
17:14:23.722 | ERROR | EndService - Prediction on image 6436 is incorrect.
17:14:24.121 | ECLYPSE | PlacementManager - Placement established | app=ImagePrediction | mapping={'EndService': 'outer_1', 'PredictorService': 'outer_2', 'TrainerService': 'outer_4'}
17:14:24.122 | ECLYPSE | Simulation - Simulation step | step=373
17:14:24.142 | ERROR | EndService - Prediction on image 9803 is incorrect.
17:14:24.557 | SUCCESS | EndService - Prediction on image 1890 is correct.
17:14:24.987 | ERROR | EndService - Prediction on image 4136 is incorrect.
17:14:25.122 | ECLYPSE | PlacementManager - Placement established | app=ImagePrediction | mapping={'EndService': 'outer_1', 'PredictorService': 'outer_2', 'TrainerService': 'outer_4'}
17:14:25.123 | ECLYPSE | Simulation - Simulation step | step=374
17:14:25.414 | ERROR | EndService - Prediction on image 6451 is incorrect.
17:14:25.836 | ERROR | EndService - Prediction on image 9978 is incorrect.
17:14:26.124 | ECLYPSE | PlacementManager - Placement established | app=ImagePrediction | mapping={'EndService': 'outer_1', 'PredictorService': 'outer_2', 'TrainerService': 'outer_4'}
17:14:26.124 | ECLYPSE | Simulation - Simulation step | step=375
17:14:26.248 | SUCCESS | EndService - Prediction on image 5190 is correct.
17:14:26.665 | ERROR | EndService - Prediction on image 744 is incorrect.
17:14:27.092 | ERROR | EndService - Prediction on image 129 is incorrect.
17:14:27.125 | ECLYPSE | PlacementManager - Placement established | app=ImagePrediction | mapping={'EndService': 'outer_1', 'PredictorService': 'outer_2', 'TrainerService': 'outer_4'}
17:14:27.126 | ECLYPSE | Simulation - Simulation step | step=376
17:14:27.519 | ERROR | EndService - Prediction on image 4360 is incorrect.
17:14:27.944 | SUCCESS | EndService - Prediction on image 1630 is correct.
17:14:28.126 | ECLYPSE | PlacementManager - Placement established | app=ImagePrediction | mapping={'EndService': 'outer_1', 'PredictorService': 'outer_2', 'TrainerService': 'outer_4'}
17:14:28.127 | ECLYPSE | Simulation - Simulation step | step=377
17:14:28.364 | SUCCESS | EndService - Prediction on image 430 is correct.
17:14:28.788 | ERROR | EndService - Prediction on image 5267 is incorrect.
17:14:29.127 | ECLYPSE | PlacementManager - Placement established | app=ImagePrediction | mapping={'EndService': 'outer_1', 'PredictorService': 'outer_2', 'TrainerService': 'outer_4'}
17:14:29.128 | ECLYPSE | Simulation - Simulation step | step=378
17:14:29.222 | SUCCESS | EndService - Prediction on image 9165 is correct.
17:14:29.639 | SUCCESS | EndService - Prediction on image 5664 is correct.
17:14:30.069 | SUCCESS | EndService - Prediction on image 1610 is correct.
17:14:30.129 | ECLYPSE | PlacementManager - Placement established | app=ImagePrediction | mapping={'EndService': 'outer_1', 'PredictorService': 'outer_2', 'TrainerService': 'outer_4'}
17:14:30.129 | ECLYPSE | Simulation - Simulation step | step=379
17:14:30.499 | SUCCESS | EndService - Prediction on image 7087 is correct.
17:14:30.930 | ERROR | EndService - Prediction on image 5279 is incorrect.
17:14:31.130 | ECLYPSE | PlacementManager - Placement established | app=ImagePrediction | mapping={'EndService': 'outer_1', 'PredictorService': 'outer_2', 'TrainerService': 'outer_4'}
17:14:31.130 | ECLYPSE | Simulation - Simulation step | step=380
17:14:31.383 | SUCCESS | EndService - Prediction on image 7196 is correct.
17:14:31.817 | SUCCESS | EndService - Prediction on image 6381 is correct.
17:14:32.131 | ECLYPSE | PlacementManager - Placement established | app=ImagePrediction | mapping={'EndService': 'outer_1', 'PredictorService': 'outer_2', 'TrainerService': 'outer_4'}
17:14:32.131 | ECLYPSE | Simulation - Simulation step | step=381
17:14:32.237 | ERROR | EndService - Prediction on image 4265 is incorrect.
17:14:32.656 | ERROR | EndService - Prediction on image 6872 is incorrect.
17:14:33.101 | SUCCESS | EndService - Prediction on image 8363 is correct.
17:14:33.132 | ECLYPSE | PlacementManager - Placement established | app=ImagePrediction | mapping={'EndService': 'outer_1', 'PredictorService': 'outer_2', 'TrainerService': 'outer_4'}
17:14:33.132 | ECLYPSE | Simulation - Simulation step | step=382
17:14:33.535 | SUCCESS | EndService - Prediction on image 4209 is correct.
17:14:33.980 | SUCCESS | EndService - Prediction on image 8278 is correct.
17:14:34.133 | ECLYPSE | PlacementManager - Placement established | app=ImagePrediction | mapping={'EndService': 'outer_1', 'PredictorService': 'outer_2', 'TrainerService': 'outer_4'}
17:14:34.134 | ECLYPSE | Simulation - Simulation step | step=383
17:14:34.434 | ERROR | EndService - Prediction on image 8962 is incorrect.
17:14:34.867 | SUCCESS | EndService - Prediction on image 2416 is correct.
17:14:35.134 | ECLYPSE | PlacementManager - Placement established | app=ImagePrediction | mapping={'EndService': 'outer_1', 'PredictorService': 'outer_2', 'TrainerService': 'outer_4'}
17:14:35.135 | ECLYPSE | Simulation - Simulation step | step=384
17:14:35.310 | SUCCESS | EndService - Prediction on image 4361 is correct.
17:14:35.740 | ERROR | EndService - Prediction on image 1227 is incorrect.
17:14:36.135 | ECLYPSE | PlacementManager - Placement established | app=ImagePrediction | mapping={'EndService': 'outer_1', 'PredictorService': 'outer_2', 'TrainerService': 'outer_4'}
17:14:36.136 | ECLYPSE | Simulation - Simulation step | step=385
17:14:36.170 | ERROR | EndService - Prediction on image 4016 is incorrect.
17:14:36.584 | SUCCESS | EndService - Prediction on image 8793 is correct.
17:14:37.026 | SUCCESS | EndService - Prediction on image 6626 is correct.
17:14:37.136 | ECLYPSE | PlacementManager - Placement established | app=ImagePrediction | mapping={'EndService': 'outer_1', 'PredictorService': 'outer_2', 'TrainerService': 'outer_4'}
17:14:37.137 | ECLYPSE | Simulation - Simulation step | step=386
17:14:37.457 | SUCCESS | EndService - Prediction on image 6281 is correct.
17:14:37.887 | ERROR | EndService - Prediction on image 6661 is incorrect.
17:14:38.138 | ECLYPSE | PlacementManager - Placement established | app=ImagePrediction | mapping={'EndService': 'outer_1', 'PredictorService': 'outer_2', 'TrainerService': 'outer_4'}
17:14:38.139 | ECLYPSE | Simulation - Simulation step | step=387
17:14:38.331 | ERROR | EndService - Prediction on image 8944 is incorrect.
17:14:38.761 | SUCCESS | EndService - Prediction on image 8349 is correct.
17:14:39.139 | ECLYPSE | PlacementManager - Placement established | app=ImagePrediction | mapping={'EndService': 'outer_1', 'PredictorService': 'outer_2', 'TrainerService': 'outer_4'}
17:14:39.140 | ECLYPSE | Simulation - Simulation step | step=388
17:14:39.190 | SUCCESS | EndService - Prediction on image 5798 is correct.
17:14:39.607 | ERROR | EndService - Prediction on image 1211 is incorrect.
17:14:40.040 | ERROR | EndService - Prediction on image 7462 is incorrect.
17:14:40.140 | ECLYPSE | PlacementManager - Placement established | app=ImagePrediction | mapping={'EndService': 'outer_1', 'PredictorService': 'outer_2', 'TrainerService': 'outer_4'}
17:14:40.141 | ECLYPSE | Simulation - Simulation step | step=389
17:14:40.463 | ERROR | EndService - Prediction on image 6721 is incorrect.
17:14:40.911 | SUCCESS | EndService - Prediction on image 6570 is correct.
17:14:41.141 | ECLYPSE | PlacementManager - Placement established | app=ImagePrediction | mapping={'EndService': 'outer_1', 'PredictorService': 'outer_2', 'TrainerService': 'outer_4'}
17:14:41.142 | ECLYPSE | Simulation - Simulation step | step=390
17:14:41.348 | SUCCESS | EndService - Prediction on image 546 is correct.
17:14:41.777 | ERROR | EndService - Prediction on image 1298 is incorrect.
17:14:42.143 | ECLYPSE | PlacementManager - Placement established | app=ImagePrediction | mapping={'EndService': 'outer_1', 'PredictorService': 'outer_2', 'TrainerService': 'outer_4'}
17:14:42.143 | ECLYPSE | Simulation - Simulation step | step=391
17:14:42.196 | SUCCESS | EndService - Prediction on image 8297 is correct.
17:14:42.615 | SUCCESS | EndService - Prediction on image 1744 is correct.
17:14:43.035 | SUCCESS | EndService - Prediction on image 5739 is correct.
17:14:43.145 | ECLYPSE | PlacementManager - Placement established | app=ImagePrediction | mapping={'EndService': 'outer_1', 'PredictorService': 'outer_2', 'TrainerService': 'outer_4'}
17:14:43.146 | ECLYPSE | Simulation - Simulation step | step=392
17:14:43.471 | SUCCESS | EndService - Prediction on image 5591 is correct.
17:14:43.910 | ERROR | EndService - Prediction on image 5229 is incorrect.
17:14:44.147 | ECLYPSE | PlacementManager - Placement established | app=ImagePrediction | mapping={'EndService': 'outer_1', 'PredictorService': 'outer_2', 'TrainerService': 'outer_4'}
17:14:44.148 | ECLYPSE | Simulation - Simulation step | step=393
17:14:44.326 | ERROR | EndService - Prediction on image 4520 is incorrect.
17:14:44.769 | ERROR | EndService - Prediction on image 6497 is incorrect.
17:14:45.149 | ECLYPSE | PlacementManager - Placement established | app=ImagePrediction | mapping={'EndService': 'outer_1', 'PredictorService': 'outer_2', 'TrainerService': 'outer_4'}
17:14:45.149 | ECLYPSE | Simulation - Simulation step | step=394
17:14:45.211 | ERROR | EndService - Prediction on image 4965 is incorrect.
17:14:45.631 | SUCCESS | EndService - Prediction on image 2693 is correct.
17:14:46.051 | SUCCESS | EndService - Prediction on image 9440 is correct.
17:14:46.150 | ECLYPSE | PlacementManager - Placement established | app=ImagePrediction | mapping={'EndService': 'outer_1', 'PredictorService': 'outer_2', 'TrainerService': 'outer_4'}
17:14:46.151 | ECLYPSE | Simulation - Simulation step | step=395
17:14:46.482 | SUCCESS | EndService - Prediction on image 5501 is correct.
17:14:46.938 | SUCCESS | EndService - Prediction on image 8957 is correct.
17:14:47.151 | ECLYPSE | PlacementManager - Placement established | app=ImagePrediction | mapping={'EndService': 'outer_1', 'PredictorService': 'outer_2', 'TrainerService': 'outer_4'}
17:14:47.152 | ECLYPSE | Simulation - Simulation step | step=396
17:14:47.372 | SUCCESS | EndService - Prediction on image 5838 is correct.
17:14:47.816 | ERROR | EndService - Prediction on image 2548 is incorrect.
17:14:48.152 | ECLYPSE | PlacementManager - Placement established | app=ImagePrediction | mapping={'EndService': 'outer_1', 'PredictorService': 'outer_2', 'TrainerService': 'outer_4'}
17:14:48.153 | ECLYPSE | Simulation - Simulation step | step=397
17:14:48.240 | SUCCESS | EndService - Prediction on image 1942 is correct.
17:14:48.662 | SUCCESS | EndService - Prediction on image 8150 is correct.
17:14:49.098 | ERROR | EndService - Prediction on image 3814 is incorrect.
17:14:49.153 | ECLYPSE | PlacementManager - Placement established | app=ImagePrediction | mapping={'EndService': 'outer_1', 'PredictorService': 'outer_2', 'TrainerService': 'outer_4'}
17:14:49.154 | ECLYPSE | Simulation - Simulation step | step=398
17:14:49.540 | ERROR | EndService - Prediction on image 1746 is incorrect.
17:14:49.987 | SUCCESS | EndService - Prediction on image 2778 is correct.
17:14:50.155 | ECLYPSE | PlacementManager - Placement established | app=ImagePrediction | mapping={'EndService': 'outer_1', 'PredictorService': 'outer_2', 'TrainerService': 'outer_4'}
17:14:50.155 | ECLYPSE | Simulation - Simulation step | step=399
17:14:50.435 | ERROR | EndService - Prediction on image 1790 is incorrect.
17:14:50.864 | SUCCESS | EndService - Prediction on image 6590 is correct.
17:14:51.156 | ECLYPSE | PlacementManager - Placement established | app=ImagePrediction | mapping={'EndService': 'outer_1', 'PredictorService': 'outer_2', 'TrainerService': 'outer_4'}
17:14:51.156 | ECLYPSE | Simulation - Simulation step | step=400
17:14:51.277 | SUCCESS | EndService - Prediction on image 4740 is correct.
17:14:51.698 | SUCCESS | EndService - Prediction on image 4098 is correct.
17:14:52.128 | ERROR | EndService - Prediction on image 9456 is incorrect.
17:14:52.157 | ECLYPSE | PlacementManager - Placement established | app=ImagePrediction | mapping={'EndService': 'outer_1', 'PredictorService': 'outer_2', 'TrainerService': 'outer_4'}
17:14:52.157 | ECLYPSE | Simulation - Simulation step | step=401
17:14:52.547 | ERROR | EndService - Prediction on image 9198 is incorrect.
17:14:52.977 | SUCCESS | EndService - Prediction on image 680 is correct.
17:14:53.158 | ECLYPSE | PlacementManager - Placement established | app=ImagePrediction | mapping={'EndService': 'outer_1', 'PredictorService': 'outer_2', 'TrainerService': 'outer_4'}
17:14:53.158 | ECLYPSE | Simulation - Simulation step | step=402
17:14:53.391 | SUCCESS | EndService - Prediction on image 8529 is correct.
17:14:53.818 | ERROR | EndService - Prediction on image 915 is incorrect.
17:14:54.159 | ECLYPSE | PlacementManager - Placement established | app=ImagePrediction | mapping={'EndService': 'outer_1', 'PredictorService': 'outer_2', 'TrainerService': 'outer_4'}
17:14:54.160 | ECLYPSE | Simulation - Simulation step | step=403
17:14:54.250 | SUCCESS | EndService - Prediction on image 2818 is correct.
17:14:54.664 | SUCCESS | EndService - Prediction on image 4429 is correct.
17:14:55.093 | SUCCESS | EndService - Prediction on image 572 is correct.
17:14:55.160 | ECLYPSE | PlacementManager - Placement established | app=ImagePrediction | mapping={'EndService': 'outer_1', 'PredictorService': 'outer_2', 'TrainerService': 'outer_4'}
17:14:55.161 | ECLYPSE | Simulation - Simulation step | step=404
17:14:55.534 | SUCCESS | EndService - Prediction on image 5491 is correct.
17:14:55.978 | ERROR | EndService - Prediction on image 1227 is incorrect.
17:14:56.162 | ECLYPSE | PlacementManager - Placement established | app=ImagePrediction | mapping={'EndService': 'outer_1', 'PredictorService': 'outer_2', 'TrainerService': 'outer_4'}
17:14:56.162 | ECLYPSE | Simulation - Simulation step | step=405
17:14:56.414 | ERROR | EndService - Prediction on image 7498 is incorrect.
17:14:56.854 | SUCCESS | EndService - Prediction on image 4346 is correct.
17:14:57.163 | ECLYPSE | PlacementManager - Placement established | app=ImagePrediction | mapping={'EndService': 'outer_1', 'PredictorService': 'outer_2', 'TrainerService': 'outer_4'}
17:14:57.163 | ECLYPSE | Simulation - Simulation step | step=406
17:14:57.287 | SUCCESS | EndService - Prediction on image 5353 is correct.
17:14:57.711 | ERROR | EndService - Prediction on image 7990 is incorrect.
17:14:58.139 | SUCCESS | EndService - Prediction on image 2275 is correct.
17:14:58.164 | ECLYPSE | PlacementManager - Placement established | app=ImagePrediction | mapping={'EndService': 'outer_1', 'PredictorService': 'outer_2', 'TrainerService': 'outer_4'}
17:14:58.164 | ECLYPSE | Simulation - Simulation step | step=407
17:14:58.566 | ERROR | EndService - Prediction on image 7459 is incorrect.
17:14:58.980 | SUCCESS | EndService - Prediction on image 4996 is correct.
17:14:59.165 | ECLYPSE | PlacementManager - Placement established | app=ImagePrediction | mapping={'EndService': 'outer_1', 'PredictorService': 'outer_2', 'TrainerService': 'outer_4'}
17:14:59.165 | ECLYPSE | Simulation - Simulation step | step=408
17:14:59.412 | SUCCESS | EndService - Prediction on image 134 is correct.
17:14:59.869 | SUCCESS | EndService - Prediction on image 2225 is correct.
17:15:00.166 | ECLYPSE | PlacementManager - Placement established | app=ImagePrediction | mapping={'EndService': 'outer_1', 'PredictorService': 'outer_2', 'TrainerService': 'outer_4'}
17:15:00.166 | ECLYPSE | Simulation - Simulation step | step=409
17:15:00.298 | SUCCESS | EndService - Prediction on image 8672 is correct.
17:15:00.718 | SUCCESS | EndService - Prediction on image 829 is correct.
17:15:01.148 | ERROR | EndService - Prediction on image 4632 is incorrect.
17:15:01.167 | ECLYPSE | PlacementManager - Placement established | app=ImagePrediction | mapping={'EndService': 'outer_1', 'PredictorService': 'outer_2', 'TrainerService': 'outer_4'}
17:15:01.168 | ECLYPSE | Simulation - Simulation step | step=410
17:15:01.588 | SUCCESS | EndService - Prediction on image 8240 is correct.
17:15:02.034 | SUCCESS | EndService - Prediction on image 693 is correct.
17:15:02.168 | ECLYPSE | PlacementManager - Placement established | app=ImagePrediction | mapping={'EndService': 'outer_1', 'PredictorService': 'outer_2', 'TrainerService': 'outer_4'}
17:15:02.169 | ECLYPSE | Simulation - Simulation step | step=411
17:15:02.455 | SUCCESS | EndService - Prediction on image 3343 is correct.
17:15:02.895 | SUCCESS | EndService - Prediction on image 2650 is correct.
17:15:03.169 | ECLYPSE | PlacementManager - Placement established | app=ImagePrediction | mapping={'EndService': 'outer_1', 'PredictorService': 'outer_2', 'TrainerService': 'outer_4'}
17:15:03.170 | ECLYPSE | Simulation - Simulation step | step=412
17:15:03.313 | SUCCESS | EndService - Prediction on image 4650 is correct.
17:15:03.739 | SUCCESS | EndService - Prediction on image 8927 is correct.
17:15:04.171 | ECLYPSE | PlacementManager - Placement established | app=ImagePrediction | mapping={'EndService': 'outer_1', 'PredictorService': 'outer_2', 'TrainerService': 'outer_4'}
17:15:04.171 | ECLYPSE | Simulation - Simulation step | step=413
17:15:04.171 | SUCCESS | EndService - Prediction on image 2570 is correct.
17:15:04.594 | SUCCESS | EndService - Prediction on image 5963 is correct.
17:15:05.038 | SUCCESS | EndService - Prediction on image 4088 is correct.
17:15:05.172 | ECLYPSE | PlacementManager - Placement established | app=ImagePrediction | mapping={'EndService': 'outer_1', 'PredictorService': 'outer_2', 'TrainerService': 'outer_4'}
17:15:05.172 | ECLYPSE | Simulation - Simulation step | step=414
17:15:05.473 | ERROR | EndService - Prediction on image 863 is incorrect.
17:15:05.900 | ERROR | EndService - Prediction on image 9478 is incorrect.
17:15:06.173 | ECLYPSE | PlacementManager - Placement established | app=ImagePrediction | mapping={'EndService': 'outer_1', 'PredictorService': 'outer_2', 'TrainerService': 'outer_4'}
17:15:06.173 | ECLYPSE | Simulation - Simulation step | step=415
17:15:06.326 | SUCCESS | EndService - Prediction on image 1816 is correct.
17:15:06.756 | ERROR | EndService - Prediction on image 7057 is incorrect.
17:15:07.174 | ECLYPSE | PlacementManager - Placement established | app=ImagePrediction | mapping={'EndService': 'outer_1', 'PredictorService': 'outer_2', 'TrainerService': 'outer_4'}
17:15:07.175 | ECLYPSE | Simulation - Simulation step | step=416
17:15:07.192 | ERROR | EndService - Prediction on image 9368 is incorrect.
17:15:07.611 | SUCCESS | EndService - Prediction on image 537 is correct.
17:15:08.043 | ERROR | EndService - Prediction on image 9342 is incorrect.
17:15:08.176 | ECLYPSE | PlacementManager - Placement established | app=ImagePrediction | mapping={'EndService': 'outer_1', 'PredictorService': 'outer_2', 'TrainerService': 'outer_4'}
17:15:08.176 | ECLYPSE | Simulation - Simulation step | step=417
17:15:08.475 | SUCCESS | EndService - Prediction on image 1826 is correct.
17:15:08.922 | ERROR | EndService - Prediction on image 7459 is incorrect.
17:15:09.177 | ECLYPSE | PlacementManager - Placement established | app=ImagePrediction | mapping={'EndService': 'outer_1', 'PredictorService': 'outer_2', 'TrainerService': 'outer_4'}
17:15:09.177 | ECLYPSE | Simulation - Simulation step | step=418
17:15:09.363 | SUCCESS | EndService - Prediction on image 599 is correct.
17:15:09.817 | SUCCESS | EndService - Prediction on image 6493 is correct.
17:15:10.178 | ECLYPSE | PlacementManager - Placement established | app=ImagePrediction | mapping={'EndService': 'outer_1', 'PredictorService': 'outer_2', 'TrainerService': 'outer_4'}
17:15:10.178 | ECLYPSE | Simulation - Simulation step | step=419
17:15:10.259 | SUCCESS | EndService - Prediction on image 9363 is correct.
17:15:10.684 | ERROR | EndService - Prediction on image 4848 is incorrect.
17:15:11.136 | SUCCESS | EndService - Prediction on image 6256 is correct.
17:15:11.179 | ECLYPSE | PlacementManager - Placement established | app=ImagePrediction | mapping={'EndService': 'outer_1', 'PredictorService': 'outer_2', 'TrainerService': 'outer_4'}
17:15:11.180 | ECLYPSE | Simulation - Simulation step | step=420
17:15:11.573 | ERROR | EndService - Prediction on image 2387 is incorrect.
17:15:12.017 | ERROR | EndService - Prediction on image 7495 is incorrect.
17:15:12.181 | ECLYPSE | PlacementManager - Placement established | app=ImagePrediction | mapping={'EndService': 'outer_1', 'PredictorService': 'outer_2', 'TrainerService': 'outer_4'}
17:15:12.181 | ECLYPSE | Simulation - Simulation step | step=421
17:15:12.488 | ERROR | EndService - Prediction on image 3946 is incorrect.
17:15:12.922 | SUCCESS | EndService - Prediction on image 4252 is correct.
17:15:13.182 | ECLYPSE | PlacementManager - Placement established | app=ImagePrediction | mapping={'EndService': 'outer_1', 'PredictorService': 'outer_2', 'TrainerService': 'outer_4'}
17:15:13.182 | ECLYPSE | Simulation - Simulation step | step=422
17:15:13.354 | SUCCESS | EndService - Prediction on image 3828 is correct.
17:15:13.771 | SUCCESS | EndService - Prediction on image 8401 is correct.
17:15:14.183 | ECLYPSE | PlacementManager - Placement established | app=ImagePrediction | mapping={'EndService': 'outer_1', 'PredictorService': 'outer_2', 'TrainerService': 'outer_4'}
17:15:14.184 | ECLYPSE | Simulation - Simulation step | step=423
17:15:14.193 | ERROR | EndService - Prediction on image 8286 is incorrect.
17:15:14.605 | ERROR | EndService - Prediction on image 5432 is incorrect.
17:15:15.035 | ERROR | EndService - Prediction on image 9737 is incorrect.
17:15:15.185 | ECLYPSE | PlacementManager - Placement established | app=ImagePrediction | mapping={'EndService': 'outer_1', 'PredictorService': 'outer_2', 'TrainerService': 'outer_4'}
17:15:15.185 | ECLYPSE | Simulation - Simulation step | step=424
17:15:15.454 | ERROR | EndService - Prediction on image 8050 is incorrect.
17:15:15.884 | SUCCESS | EndService - Prediction on image 7051 is correct.
17:15:16.186 | ECLYPSE | PlacementManager - Placement established | app=ImagePrediction | mapping={'EndService': 'outer_1', 'PredictorService': 'outer_2', 'TrainerService': 'outer_4'}
17:15:16.186 | ECLYPSE | Simulation - Simulation step | step=425
17:15:16.331 | ERROR | EndService - Prediction on image 1549 is incorrect.
17:15:16.744 | SUCCESS | EndService - Prediction on image 6846 is correct.
17:15:17.172 | ERROR | EndService - Prediction on image 7077 is incorrect.
17:15:17.187 | ECLYPSE | PlacementManager - Placement established | app=ImagePrediction | mapping={'EndService': 'outer_1', 'PredictorService': 'outer_2', 'TrainerService': 'outer_4'}
17:15:17.188 | ECLYPSE | Simulation - Simulation step | step=426
17:15:17.600 | ERROR | EndService - Prediction on image 9898 is incorrect.
17:15:18.063 | SUCCESS | EndService - Prediction on image 8983 is correct.
17:15:18.188 | ECLYPSE | PlacementManager - Placement established | app=ImagePrediction | mapping={'EndService': 'outer_1', 'PredictorService': 'outer_2', 'TrainerService': 'outer_4'}
17:15:18.189 | ECLYPSE | Simulation - Simulation step | step=427
17:15:18.493 | ERROR | EndService - Prediction on image 1833 is incorrect.
17:15:18.916 | SUCCESS | EndService - Prediction on image 8447 is correct.
17:15:19.190 | ECLYPSE | PlacementManager - Placement established | app=ImagePrediction | mapping={'EndService': 'outer_1', 'PredictorService': 'outer_2', 'TrainerService': 'outer_4'}
17:15:19.190 | ECLYPSE | Simulation - Simulation step | step=428
17:15:19.356 | SUCCESS | EndService - Prediction on image 3341 is correct.
17:15:19.782 | SUCCESS | EndService - Prediction on image 811 is correct.
17:15:20.191 | ECLYPSE | PlacementManager - Placement established | app=ImagePrediction | mapping={'EndService': 'outer_1', 'PredictorService': 'outer_2', 'TrainerService': 'outer_4'}
17:15:20.192 | ECLYPSE | Simulation - Simulation step | step=429
17:15:20.217 | ERROR | EndService - Prediction on image 2852 is incorrect.
17:15:20.642 | SUCCESS | EndService - Prediction on image 5286 is correct.
17:15:21.116 | SUCCESS | EndService - Prediction on image 3449 is correct.
17:15:21.192 | ECLYPSE | PlacementManager - Placement established | app=ImagePrediction | mapping={'EndService': 'outer_1', 'PredictorService': 'outer_2', 'TrainerService': 'outer_4'}
17:15:21.193 | ECLYPSE | Simulation - Simulation step | step=430
17:15:21.541 | SUCCESS | EndService - Prediction on image 4798 is correct.
17:15:21.899 | WARNING | PredictorService - Model updated.
17:15:21.990 | ERROR | EndService - Prediction on image 1325 is incorrect.
17:15:22.189 | ERROR | EndService - Prediction on image 1393 is incorrect.
17:15:22.196 | ECLYPSE | PlacementManager - Placement established | app=ImagePrediction | mapping={'EndService': 'outer_1', 'PredictorService': 'outer_2', 'TrainerService': 'outer_4'}
17:15:22.196 | ECLYPSE | Simulation - Simulation step | step=431
17:15:22.385 | SUCCESS | EndService - Prediction on image 5256 is correct.
17:15:22.576 | SUCCESS | EndService - Prediction on image 9859 is correct.
17:15:22.784 | SUCCESS | EndService - Prediction on image 6377 is correct.
17:15:22.969 | ERROR | EndService - Prediction on image 7525 is incorrect.
17:15:23.176 | ERROR | EndService - Prediction on image 7306 is incorrect.
17:15:23.197 | ECLYPSE | PlacementManager - Placement established | app=ImagePrediction | mapping={'EndService': 'outer_1', 'PredictorService': 'outer_2', 'TrainerService': 'outer_4'}
17:15:23.197 | ECLYPSE | Simulation - Simulation step | step=432
17:15:23.369 | SUCCESS | EndService - Prediction on image 5438 is correct.
17:15:23.554 | SUCCESS | EndService - Prediction on image 230 is correct.
17:15:23.777 | ERROR | EndService - Prediction on image 2035 is incorrect.
17:15:23.964 | ERROR | EndService - Prediction on image 775 is incorrect.
17:15:24.153 | SUCCESS | EndService - Prediction on image 8237 is correct.
17:15:24.198 | ECLYPSE | PlacementManager - Placement established | app=ImagePrediction | mapping={'EndService': 'outer_1', 'PredictorService': 'outer_2', 'TrainerService': 'outer_4'}
17:15:24.199 | ECLYPSE | Simulation - Simulation step | step=433
17:15:24.354 | ERROR | EndService - Prediction on image 4944 is incorrect.
17:15:24.543 | ERROR | EndService - Prediction on image 2241 is incorrect.
17:15:24.748 | SUCCESS | EndService - Prediction on image 5671 is correct.
17:15:24.942 | SUCCESS | EndService - Prediction on image 9157 is correct.
17:15:25.135 | SUCCESS | EndService - Prediction on image 1306 is correct.
17:15:25.199 | ECLYPSE | PlacementManager - Placement established | app=ImagePrediction | mapping={'EndService': 'outer_1', 'PredictorService': 'outer_2', 'TrainerService': 'outer_4'}
17:15:25.200 | ECLYPSE | Simulation - Simulation step | step=434
17:15:25.324 | SUCCESS | EndService - Prediction on image 6468 is correct.
17:15:25.514 | SUCCESS | EndService - Prediction on image 9471 is correct.
17:15:25.700 | ERROR | EndService - Prediction on image 8553 is incorrect.
17:15:25.890 | SUCCESS | EndService - Prediction on image 8626 is correct.
17:15:26.081 | SUCCESS | EndService - Prediction on image 9363 is correct.
17:15:26.200 | ECLYPSE | PlacementManager - Placement established | app=ImagePrediction | mapping={'EndService': 'outer_1', 'PredictorService': 'outer_2', 'TrainerService': 'outer_4'}
17:15:26.201 | ECLYPSE | Simulation - Simulation step | step=435
17:15:26.280 | ERROR | EndService - Prediction on image 5382 is incorrect.
17:15:26.471 | SUCCESS | EndService - Prediction on image 416 is correct.
17:15:26.673 | SUCCESS | EndService - Prediction on image 786 is correct.
17:15:26.869 | SUCCESS | EndService - Prediction on image 1487 is correct.
17:15:27.061 | SUCCESS | EndService - Prediction on image 5145 is correct.
17:15:27.202 | ECLYPSE | PlacementManager - Placement established | app=ImagePrediction | mapping={'EndService': 'outer_1', 'PredictorService': 'outer_2', 'TrainerService': 'outer_4'}
17:15:27.203 | ECLYPSE | Simulation - Simulation step | step=436
17:15:27.257 | ERROR | EndService - Prediction on image 5998 is incorrect.
17:15:27.444 | ERROR | EndService - Prediction on image 8182 is incorrect.
17:15:27.633 | ERROR | EndService - Prediction on image 9028 is incorrect.
17:15:28.075 | SUCCESS | EndService - Prediction on image 6116 is correct.
17:15:28.205 | ECLYPSE | PlacementManager - Placement established | app=ImagePrediction | mapping={'EndService': 'outer_1', 'PredictorService': 'outer_2', 'TrainerService': 'outer_4'}
17:15:28.206 | ECLYPSE | Simulation - Simulation step | step=437
17:15:28.516 | ERROR | EndService - Prediction on image 1105 is incorrect.
17:15:28.947 | SUCCESS | EndService - Prediction on image 4221 is correct.
17:15:29.207 | ECLYPSE | PlacementManager - Placement established | app=ImagePrediction | mapping={'EndService': 'outer_1', 'PredictorService': 'outer_2', 'TrainerService': 'outer_4'}
17:15:29.207 | ECLYPSE | Simulation - Simulation step | step=438
17:15:29.378 | SUCCESS | EndService - Prediction on image 90 is correct.
17:15:29.801 | ERROR | EndService - Prediction on image 4820 is incorrect.
17:15:30.208 | ECLYPSE | PlacementManager - Placement established | app=ImagePrediction | mapping={'EndService': 'outer_1', 'PredictorService': 'outer_2', 'TrainerService': 'outer_4'}
17:15:30.208 | ECLYPSE | Simulation - Simulation step | step=439
17:15:30.222 | SUCCESS | EndService - Prediction on image 3639 is correct.
17:15:30.640 | SUCCESS | EndService - Prediction on image 8479 is correct.
17:15:31.114 | ERROR | EndService - Prediction on image 635 is incorrect.
17:15:31.209 | ECLYPSE | PlacementManager - Placement established | app=ImagePrediction | mapping={'EndService': 'outer_1', 'PredictorService': 'outer_2', 'TrainerService': 'outer_4'}
17:15:31.209 | ECLYPSE | Simulation - Simulation step | step=440
17:15:31.551 | SUCCESS | EndService - Prediction on image 7427 is correct.
17:15:31.999 | SUCCESS | EndService - Prediction on image 1832 is correct.
17:15:32.210 | ECLYPSE | PlacementManager - Placement established | app=ImagePrediction | mapping={'EndService': 'outer_1', 'PredictorService': 'outer_2', 'TrainerService': 'outer_4'}
17:15:32.210 | ECLYPSE | Simulation - Simulation step | step=441
17:15:32.419 | SUCCESS | EndService - Prediction on image 7350 is correct.
17:15:32.856 | ERROR | EndService - Prediction on image 7756 is incorrect.
17:15:33.211 | ECLYPSE | PlacementManager - Placement established | app=ImagePrediction | mapping={'EndService': 'outer_1', 'PredictorService': 'outer_2', 'TrainerService': 'outer_4'}
17:15:33.212 | ECLYPSE | Simulation - Simulation step | step=442
17:15:33.298 | ERROR | EndService - Prediction on image 8017 is incorrect.
17:15:33.718 | SUCCESS | EndService - Prediction on image 7483 is correct.
17:15:34.190 | ERROR | EndService - Prediction on image 4323 is incorrect.
17:15:34.213 | ECLYPSE | PlacementManager - Placement established | app=ImagePrediction | mapping={'EndService': 'outer_1', 'PredictorService': 'outer_2', 'TrainerService': 'outer_4'}
17:15:34.213 | ECLYPSE | Simulation - Simulation step | step=443
17:15:34.613 | ERROR | EndService - Prediction on image 4124 is incorrect.
17:15:35.059 | ERROR | EndService - Prediction on image 1741 is incorrect.
17:15:35.214 | ECLYPSE | PlacementManager - Placement established | app=ImagePrediction | mapping={'EndService': 'outer_1', 'PredictorService': 'outer_2', 'TrainerService': 'outer_4'}
17:15:35.214 | ECLYPSE | Simulation - Simulation step | step=444
17:15:35.482 | ERROR | EndService - Prediction on image 6990 is incorrect.
17:15:35.926 | SUCCESS | EndService - Prediction on image 9634 is correct.
17:15:36.215 | ECLYPSE | PlacementManager - Placement established | app=ImagePrediction | mapping={'EndService': 'outer_1', 'PredictorService': 'outer_2', 'TrainerService': 'outer_4'}
17:15:36.215 | ECLYPSE | Simulation - Simulation step | step=445
17:15:36.384 | SUCCESS | EndService - Prediction on image 4900 is correct.
17:15:36.807 | ERROR | EndService - Prediction on image 4302 is incorrect.
17:15:37.216 | ECLYPSE | PlacementManager - Placement established | app=ImagePrediction | mapping={'EndService': 'outer_1', 'PredictorService': 'outer_2', 'TrainerService': 'outer_4'}
17:15:37.216 | ECLYPSE | Simulation - Simulation step | step=446
17:15:37.250 | ERROR | EndService - Prediction on image 4682 is incorrect.
17:15:37.675 | ERROR | EndService - Prediction on image 3848 is incorrect.
17:15:38.120 | SUCCESS | EndService - Prediction on image 3016 is correct.
17:15:38.217 | ECLYPSE | PlacementManager - Placement established | app=ImagePrediction | mapping={'EndService': 'outer_1', 'PredictorService': 'outer_2', 'TrainerService': 'outer_4'}
17:15:38.217 | ECLYPSE | Simulation - Simulation step | step=447
17:15:38.555 | SUCCESS | EndService - Prediction on image 5549 is correct.
17:15:38.999 | ERROR | EndService - Prediction on image 4415 is incorrect.
17:15:39.218 | ECLYPSE | PlacementManager - Placement established | app=ImagePrediction | mapping={'EndService': 'outer_1', 'PredictorService': 'outer_2', 'TrainerService': 'outer_4'}
17:15:39.219 | ECLYPSE | Simulation - Simulation step | step=448
17:15:39.425 | SUCCESS | EndService - Prediction on image 9989 is correct.
17:15:39.843 | SUCCESS | EndService - Prediction on image 5732 is correct.
17:15:40.219 | ECLYPSE | PlacementManager - Placement established | app=ImagePrediction | mapping={'EndService': 'outer_1', 'PredictorService': 'outer_2', 'TrainerService': 'outer_4'}
17:15:40.220 | ECLYPSE | Simulation - Simulation step | step=449
17:15:40.277 | SUCCESS | EndService - Prediction on image 6312 is correct.
17:15:40.700 | ERROR | EndService - Prediction on image 4660 is incorrect.
17:15:41.121 | SUCCESS | EndService - Prediction on image 164 is correct.
17:15:41.220 | ECLYPSE | PlacementManager - Placement established | app=ImagePrediction | mapping={'EndService': 'outer_1', 'PredictorService': 'outer_2', 'TrainerService': 'outer_4'}
17:15:41.221 | ECLYPSE | Simulation - Simulation step | step=450
17:15:41.551 | SUCCESS | EndService - Prediction on image 8641 is correct.
17:15:41.975 | SUCCESS | EndService - Prediction on image 459 is correct.
17:15:42.222 | ECLYPSE | PlacementManager - Placement established | app=ImagePrediction | mapping={'EndService': 'outer_1', 'PredictorService': 'outer_2', 'TrainerService': 'outer_4'}
17:15:42.222 | ECLYPSE | Simulation - Simulation step | step=451
17:15:42.411 | SUCCESS | EndService - Prediction on image 2335 is correct.
17:15:42.837 | ERROR | EndService - Prediction on image 549 is incorrect.
17:15:43.224 | ECLYPSE | PlacementManager - Placement established | app=ImagePrediction | mapping={'EndService': 'outer_1', 'PredictorService': 'outer_2', 'TrainerService': 'outer_4'}
17:15:43.225 | ECLYPSE | Simulation - Simulation step | step=452
17:15:43.310 | ERROR | EndService - Prediction on image 4152 is incorrect.
17:15:43.729 | ERROR | EndService - Prediction on image 3556 is incorrect.
17:15:44.177 | SUCCESS | EndService - Prediction on image 8765 is correct.
17:15:44.225 | ECLYPSE | PlacementManager - Placement established | app=ImagePrediction | mapping={'EndService': 'outer_1', 'PredictorService': 'outer_2', 'TrainerService': 'outer_4'}
17:15:44.226 | ECLYPSE | Simulation - Simulation step | step=453
17:15:44.604 | SUCCESS | EndService - Prediction on image 7413 is correct.
17:15:45.143 | SUCCESS | EndService - Prediction on image 5708 is correct.
17:15:45.227 | ECLYPSE | PlacementManager - Placement established | app=ImagePrediction | mapping={'EndService': 'outer_1', 'PredictorService': 'outer_2', 'TrainerService': 'outer_4'}
17:15:45.227 | ECLYPSE | Simulation - Simulation step | step=454
17:15:45.643 | SUCCESS | EndService - Prediction on image 4580 is correct.
17:15:46.183 | ERROR | EndService - Prediction on image 2430 is incorrect.
17:15:46.228 | ECLYPSE | PlacementManager - Placement established | app=ImagePrediction | mapping={'EndService': 'outer_1', 'PredictorService': 'outer_2', 'TrainerService': 'outer_4'}
17:15:46.228 | ECLYPSE | Simulation - Simulation step | step=455
17:15:46.724 | SUCCESS | EndService - Prediction on image 1557 is correct.
17:15:47.230 | ECLYPSE | PlacementManager - Placement established | app=ImagePrediction | mapping={'EndService': 'outer_1', 'PredictorService': 'outer_2', 'TrainerService': 'outer_4'}
17:15:47.231 | ECLYPSE | Simulation - Simulation step | step=456
17:15:47.333 | SUCCESS | EndService - Prediction on image 8921 is correct.
17:15:47.940 | SUCCESS | EndService - Prediction on image 6736 is correct.
17:15:48.232 | ECLYPSE | PlacementManager - Placement established | app=ImagePrediction | mapping={'EndService': 'outer_1', 'PredictorService': 'outer_2', 'TrainerService': 'outer_4'}
17:15:48.232 | ECLYPSE | Simulation - Simulation step | step=457
17:15:48.559 | SUCCESS | EndService - Prediction on image 8736 is correct.
17:15:49.226 | SUCCESS | EndService - Prediction on image 9599 is correct.
17:15:49.235 | ECLYPSE | PlacementManager - Placement established | app=ImagePrediction | mapping={'EndService': 'outer_1', 'PredictorService': 'outer_2', 'TrainerService': 'outer_4'}
17:15:49.236 | ECLYPSE | Simulation - Simulation step | step=458
17:15:49.886 | SUCCESS | EndService - Prediction on image 3557 is correct.
17:15:50.237 | ECLYPSE | PlacementManager - Placement established | app=ImagePrediction | mapping={'EndService': 'outer_1', 'PredictorService': 'outer_2', 'TrainerService': 'outer_4'}
17:15:50.237 | ECLYPSE | Simulation - Simulation step | step=459
17:15:50.579 | ERROR | EndService - Prediction on image 1015 is incorrect.
17:15:51.238 | ECLYPSE | PlacementManager - Placement established | app=ImagePrediction | mapping={'EndService': 'outer_1', 'PredictorService': 'outer_2', 'TrainerService': 'outer_4'}
17:15:51.238 | ECLYPSE | Simulation - Simulation step | step=460
17:15:51.317 | ERROR | EndService - Prediction on image 5338 is incorrect.
17:15:52.080 | ERROR | EndService - Prediction on image 8290 is incorrect.
17:15:52.239 | ECLYPSE | PlacementManager - Placement established | app=ImagePrediction | mapping={'EndService': 'outer_1', 'PredictorService': 'outer_2', 'TrainerService': 'outer_4'}
17:15:52.239 | ECLYPSE | Simulation - Simulation step | step=461
17:15:52.851 | ERROR | EndService - Prediction on image 2516 is incorrect.
17:15:53.240 | ECLYPSE | PlacementManager - Placement established | app=ImagePrediction | mapping={'EndService': 'outer_1', 'PredictorService': 'outer_2', 'TrainerService': 'outer_4'}
17:15:53.240 | ECLYPSE | Simulation - Simulation step | step=462
17:15:53.659 | SUCCESS | EndService - Prediction on image 56 is correct.
17:15:54.241 | ECLYPSE | PlacementManager - Placement established | app=ImagePrediction | mapping={'EndService': 'outer_1', 'PredictorService': 'outer_2', 'TrainerService': 'outer_4'}
17:15:54.241 | ECLYPSE | Simulation - Simulation step | step=463
17:15:54.516 | SUCCESS | EndService - Prediction on image 742 is correct.
17:15:55.242 | ECLYPSE | PlacementManager - Placement established | app=ImagePrediction | mapping={'EndService': 'outer_1', 'PredictorService': 'outer_2', 'TrainerService': 'outer_4'}
17:15:55.242 | ECLYPSE | Simulation - Simulation step | step=464
17:15:55.403 | SUCCESS | EndService - Prediction on image 5746 is correct.
17:15:56.243 | ECLYPSE | PlacementManager - Placement established | app=ImagePrediction | mapping={'EndService': 'outer_1', 'PredictorService': 'outer_2', 'TrainerService': 'outer_4'}
17:15:56.244 | ECLYPSE | Simulation - Simulation step | step=465
17:15:56.309 | SUCCESS | EndService - Prediction on image 227 is correct.
17:15:57.244 | ECLYPSE | PlacementManager - Placement established | app=ImagePrediction | mapping={'EndService': 'outer_1', 'PredictorService': 'outer_2', 'TrainerService': 'outer_4'}
17:15:57.245 | ECLYPSE | Simulation - Simulation step | step=466
17:15:57.276 | SUCCESS | EndService - Prediction on image 1536 is correct.
17:15:58.246 | ECLYPSE | PlacementManager - Placement established | app=ImagePrediction | mapping={'EndService': 'outer_1', 'PredictorService': 'outer_2', 'TrainerService': 'outer_4'}
17:15:58.246 | ECLYPSE | Simulation - Simulation step | step=467
17:15:58.253 | SUCCESS | EndService - Prediction on image 6380 is correct.
17:15:59.247 | ECLYPSE | PlacementManager - Placement established | app=ImagePrediction | mapping={'EndService': 'outer_1', 'PredictorService': 'outer_2', 'TrainerService': 'outer_4'}
17:15:59.247 | ECLYPSE | Simulation - Simulation step | step=468
17:15:59.270 | SUCCESS | EndService - Prediction on image 7484 is correct.
17:16:00.248 | ECLYPSE | PlacementManager - Placement established | app=ImagePrediction | mapping={'EndService': 'outer_1', 'PredictorService': 'outer_2', 'TrainerService': 'outer_4'}
17:16:00.248 | ECLYPSE | Simulation - Simulation step | step=469
17:16:00.322 | SUCCESS | EndService - Prediction on image 3508 is correct.
17:16:01.249 | ECLYPSE | PlacementManager - Placement established | app=ImagePrediction | mapping={'EndService': 'outer_1', 'PredictorService': 'outer_2', 'TrainerService': 'outer_4'}
17:16:01.250 | ECLYPSE | Simulation - Simulation step | step=470
17:16:01.415 | SUCCESS | EndService - Prediction on image 1048 is correct.
17:16:02.251 | ECLYPSE | PlacementManager - Placement established | app=ImagePrediction | mapping={'EndService': 'outer_1', 'PredictorService': 'outer_2', 'TrainerService': 'outer_4'}
17:16:02.251 | ECLYPSE | Simulation - Simulation step | step=471
17:16:02.541 | SUCCESS | EndService - Prediction on image 4947 is correct.
17:16:03.252 | ECLYPSE | PlacementManager - Placement established | app=ImagePrediction | mapping={'EndService': 'outer_1', 'PredictorService': 'outer_2', 'TrainerService': 'outer_4'}
17:16:03.253 | ECLYPSE | Simulation - Simulation step | step=472
17:16:03.732 | SUCCESS | EndService - Prediction on image 3637 is correct.
17:16:04.253 | ECLYPSE | PlacementManager - Placement established | app=ImagePrediction | mapping={'EndService': 'outer_1', 'PredictorService': 'outer_2', 'TrainerService': 'outer_4'}
17:16:04.254 | ECLYPSE | Simulation - Simulation step | step=473
17:16:04.945 | SUCCESS | EndService - Prediction on image 1614 is correct.
17:16:05.255 | ECLYPSE | PlacementManager - Placement established | app=ImagePrediction | mapping={'EndService': 'outer_1', 'PredictorService': 'outer_2', 'TrainerService': 'outer_4'}
17:16:05.255 | ECLYPSE | Simulation - Simulation step | step=474
17:16:06.189 | ERROR | EndService - Prediction on image 952 is incorrect.
17:16:06.256 | ECLYPSE | PlacementManager - Placement established | app=ImagePrediction | mapping={'EndService': 'outer_1', 'PredictorService': 'outer_2', 'TrainerService': 'outer_4'}
17:16:06.257 | ECLYPSE | Simulation - Simulation step | step=475
17:16:07.257 | ECLYPSE | PlacementManager - Placement established | app=ImagePrediction | mapping={'EndService': 'outer_1', 'PredictorService': 'outer_2', 'TrainerService': 'outer_4'}
17:16:07.258 | ECLYPSE | Simulation - Simulation step | step=476
17:16:07.261 | WARNING | EndService - No images were processed
17:16:07.522 | SUCCESS | EndService - Prediction on image 2727 is correct.
17:16:08.259 | ECLYPSE | PlacementManager - Placement established | app=ImagePrediction | mapping={'EndService': 'outer_1', 'PredictorService': 'outer_2', 'TrainerService': 'outer_4'}
17:16:08.259 | ECLYPSE | Simulation - Simulation step | step=477
17:16:08.876 | ERROR | EndService - Prediction on image 2544 is incorrect.
17:16:09.260 | ECLYPSE | PlacementManager - Placement established | app=ImagePrediction | mapping={'EndService': 'outer_1', 'PredictorService': 'outer_2', 'TrainerService': 'outer_4'}
17:16:09.261 | ECLYPSE | Simulation - Simulation step | step=478
17:16:10.259 | SUCCESS | EndService - Prediction on image 6152 is correct.
17:16:10.263 | ECLYPSE | PlacementManager - Placement established | app=ImagePrediction | mapping={'EndService': 'outer_1', 'PredictorService': 'outer_2', 'TrainerService': 'outer_4'}
17:16:10.264 | ECLYPSE | Simulation - Simulation step | step=479
17:16:11.265 | ECLYPSE | PlacementManager - Placement established | app=ImagePrediction | mapping={'EndService': 'outer_1', 'PredictorService': 'outer_2', 'TrainerService': 'outer_4'}
17:16:11.266 | ECLYPSE | Simulation - Simulation step | step=480
17:16:11.269 | WARNING | EndService - No images were processed
17:16:11.711 | SUCCESS | EndService - Prediction on image 4229 is correct.
17:16:12.267 | ECLYPSE | PlacementManager - Placement established | app=ImagePrediction | mapping={'EndService': 'outer_1', 'PredictorService': 'outer_2', 'TrainerService': 'outer_4'}
17:16:12.267 | ECLYPSE | Simulation - Simulation step | step=481
17:16:13.217 | SUCCESS | EndService - Prediction on image 7648 is correct.
17:16:13.268 | ECLYPSE | PlacementManager - Placement established | app=ImagePrediction | mapping={'EndService': 'outer_1', 'PredictorService': 'outer_2', 'TrainerService': 'outer_4'}
17:16:13.268 | ECLYPSE | Simulation - Simulation step | step=482
17:16:14.269 | ECLYPSE | PlacementManager - Placement established | app=ImagePrediction | mapping={'EndService': 'outer_1', 'PredictorService': 'outer_2', 'TrainerService': 'outer_4'}
17:16:14.269 | ECLYPSE | Simulation - Simulation step | step=483
17:16:14.273 | WARNING | EndService - No images were processed
17:16:14.753 | SUCCESS | EndService - Prediction on image 1193 is correct.
17:16:15.270 | ECLYPSE | PlacementManager - Placement established | app=ImagePrediction | mapping={'EndService': 'outer_1', 'PredictorService': 'outer_2', 'TrainerService': 'outer_4'}
17:16:15.270 | ECLYPSE | Simulation - Simulation step | step=484
17:16:16.272 | ECLYPSE | PlacementManager - Placement established | app=ImagePrediction | mapping={'EndService': 'outer_1', 'PredictorService': 'outer_2', 'TrainerService': 'outer_4'}
17:16:16.272 | ECLYPSE | Simulation - Simulation step | step=485
17:16:16.275 | WARNING | EndService - No images were processed
17:16:16.335 | SUCCESS | EndService - Prediction on image 7501 is correct.
17:16:17.273 | ECLYPSE | PlacementManager - Placement established | app=ImagePrediction | mapping={'EndService': 'outer_1', 'PredictorService': 'outer_2', 'TrainerService': 'outer_4'}
17:16:17.273 | ECLYPSE | Simulation - Simulation step | step=486
17:16:17.967 | ERROR | EndService - Prediction on image 5800 is incorrect.
17:16:18.275 | ECLYPSE | PlacementManager - Placement established | app=ImagePrediction | mapping={'EndService': 'outer_1', 'PredictorService': 'outer_2', 'TrainerService': 'outer_4'}
17:16:18.275 | ECLYPSE | Simulation - Simulation step | step=487
17:16:19.276 | ECLYPSE | PlacementManager - Placement established | app=ImagePrediction | mapping={'EndService': 'outer_1', 'PredictorService': 'outer_2', 'TrainerService': 'outer_4'}
17:16:19.277 | ECLYPSE | Simulation - Simulation step | step=488
17:16:19.279 | WARNING | EndService - No images were processed
17:16:19.645 | ERROR | EndService - Prediction on image 8044 is incorrect.
17:16:20.278 | ECLYPSE | PlacementManager - Placement established | app=ImagePrediction | mapping={'EndService': 'outer_1', 'PredictorService': 'outer_2', 'TrainerService': 'outer_4'}
17:16:20.278 | ECLYPSE | Simulation - Simulation step | step=489
17:16:21.279 | ECLYPSE | PlacementManager - Placement established | app=ImagePrediction | mapping={'EndService': 'outer_1', 'PredictorService': 'outer_2', 'TrainerService': 'outer_4'}
17:16:21.279 | ECLYPSE | Simulation - Simulation step | step=490
17:16:21.283 | WARNING | EndService - No images were processed
17:16:21.414 | ERROR | EndService - Prediction on image 5067 is incorrect.
17:16:22.281 | ECLYPSE | PlacementManager - Placement established | app=ImagePrediction | mapping={'EndService': 'outer_1', 'PredictorService': 'outer_2', 'TrainerService': 'outer_4'}
17:16:22.281 | ECLYPSE | Simulation - Simulation step | step=491
17:16:23.219 | ERROR | EndService - Prediction on image 6057 is incorrect.
17:16:23.282 | ECLYPSE | PlacementManager - Placement established | app=ImagePrediction | mapping={'EndService': 'outer_1', 'PredictorService': 'outer_2', 'TrainerService': 'outer_4'}
17:16:23.282 | ECLYPSE | Simulation - Simulation step | step=492
17:16:24.283 | ECLYPSE | PlacementManager - Placement established | app=ImagePrediction | mapping={'EndService': 'outer_1', 'PredictorService': 'outer_2', 'TrainerService': 'outer_4'}
17:16:24.283 | ECLYPSE | Simulation - Simulation step | step=493
17:16:24.286 | WARNING | EndService - No images were processed
17:16:25.101 | SUCCESS | EndService - Prediction on image 2095 is correct.
17:16:25.284 | ECLYPSE | PlacementManager - Placement established | app=ImagePrediction | mapping={'EndService': 'outer_1', 'PredictorService': 'outer_2', 'TrainerService': 'outer_4'}
17:16:25.285 | ECLYPSE | Simulation - Simulation step | step=494
17:16:26.286 | ECLYPSE | PlacementManager - Placement established | app=ImagePrediction | mapping={'EndService': 'outer_1', 'PredictorService': 'outer_2', 'TrainerService': 'outer_4'}
17:16:26.286 | ECLYPSE | Simulation - Simulation step | step=495
17:16:26.290 | WARNING | EndService - No images were processed
17:16:27.039 | ERROR | EndService - Prediction on image 6087 is incorrect.
17:16:27.287 | ECLYPSE | PlacementManager - Placement established | app=ImagePrediction | mapping={'EndService': 'outer_1', 'PredictorService': 'outer_2', 'TrainerService': 'outer_4'}
17:16:27.288 | ECLYPSE | Simulation - Simulation step | step=496
17:16:28.289 | ECLYPSE | PlacementManager - Placement established | app=ImagePrediction | mapping={'EndService': 'outer_1', 'PredictorService': 'outer_2', 'TrainerService': 'outer_4'}
17:16:28.289 | ECLYPSE | Simulation - Simulation step | step=497
17:16:28.292 | WARNING | EndService - No images were processed
17:16:29.027 | ERROR | EndService - Prediction on image 1613 is incorrect.
17:16:29.290 | ECLYPSE | PlacementManager - Placement established | app=ImagePrediction | mapping={'EndService': 'outer_1', 'PredictorService': 'outer_2', 'TrainerService': 'outer_4'}
17:16:29.290 | ECLYPSE | Simulation - Simulation step | step=498
17:16:30.291 | ECLYPSE | PlacementManager - Placement established | app=ImagePrediction | mapping={'EndService': 'outer_1', 'PredictorService': 'outer_2', 'TrainerService': 'outer_4'}
17:16:30.292 | ECLYPSE | Simulation - Simulation step | step=499
17:16:30.297 | WARNING | EndService - No images were processed
17:16:31.085 | SUCCESS | EndService - Prediction on image 97 is correct.
17:16:31.293 | ECLYPSE | PlacementManager - Placement established | app=ImagePrediction | mapping={'EndService': 'outer_1', 'PredictorService': 'outer_2', 'TrainerService': 'outer_4'}
17:16:31.294 | ECLYPSE | Simulation - Simulation step | step=500
17:16:32.294 | ECLYPSE | PlacementManager - Placement established | app=ImagePrediction | mapping={'EndService': 'outer_1', 'PredictorService': 'outer_2', 'TrainerService': 'outer_4'}
17:16:32.295 | ECLYPSE | Simulation - Simulation step | step=501
17:16:32.299 | WARNING | EndService - No images were processed
17:16:33.206 | SUCCESS | EndService - Prediction on image 6739 is correct.
17:16:33.296 | ECLYPSE | PlacementManager - Placement established | app=ImagePrediction | mapping={'EndService': 'outer_1', 'PredictorService': 'outer_2', 'TrainerService': 'outer_4'}
17:16:33.296 | ECLYPSE | Simulation - Simulation step | step=502
17:16:34.297 | ECLYPSE | PlacementManager - Placement established | app=ImagePrediction | mapping={'EndService': 'outer_1', 'PredictorService': 'outer_2', 'TrainerService': 'outer_4'}
17:16:34.298 | ECLYPSE | Simulation - Simulation step | step=503
17:16:34.300 | WARNING | EndService - No images were processed
17:16:35.299 | ECLYPSE | PlacementManager - Placement established | app=ImagePrediction | mapping={'EndService': 'outer_1', 'PredictorService': 'outer_2', 'TrainerService': 'outer_4'}
17:16:35.299 | ECLYPSE | Simulation - Simulation step | step=504
17:16:35.303 | WARNING | EndService - No images were processed
17:16:35.412 | ERROR | EndService - Prediction on image 5608 is incorrect.
17:16:36.300 | ECLYPSE | PlacementManager - Placement established | app=ImagePrediction | mapping={'EndService': 'outer_1', 'PredictorService': 'outer_2', 'TrainerService': 'outer_4'}
17:16:36.301 | ECLYPSE | Simulation - Simulation step | step=505
17:16:37.302 | ECLYPSE | PlacementManager - Placement established | app=ImagePrediction | mapping={'EndService': 'outer_1', 'PredictorService': 'outer_2', 'TrainerService': 'outer_4'}
17:16:37.303 | ECLYPSE | Simulation - Simulation step | step=506
17:16:37.305 | WARNING | EndService - No images were processed
17:16:37.663 | SUCCESS | EndService - Prediction on image 4948 is correct.
17:16:38.303 | ECLYPSE | PlacementManager - Placement established | app=ImagePrediction | mapping={'EndService': 'outer_1', 'PredictorService': 'outer_2', 'TrainerService': 'outer_4'}
17:16:38.304 | ECLYPSE | Simulation - Simulation step | step=507
17:16:39.305 | ECLYPSE | PlacementManager - Placement established | app=ImagePrediction | mapping={'EndService': 'outer_1', 'PredictorService': 'outer_2', 'TrainerService': 'outer_4'}
17:16:39.305 | ECLYPSE | Simulation - Simulation step | step=508
17:16:39.308 | WARNING | EndService - No images were processed
17:16:39.978 | ERROR | EndService - Prediction on image 5266 is incorrect.
17:16:40.306 | ECLYPSE | PlacementManager - Placement established | app=ImagePrediction | mapping={'EndService': 'outer_1', 'PredictorService': 'outer_2', 'TrainerService': 'outer_4'}
17:16:40.307 | ECLYPSE | Simulation - Simulation step | step=509
17:16:41.308 | ECLYPSE | PlacementManager - Placement established | app=ImagePrediction | mapping={'EndService': 'outer_1', 'PredictorService': 'outer_2', 'TrainerService': 'outer_4'}
17:16:41.308 | ECLYPSE | Simulation - Simulation step | step=510
17:16:41.312 | WARNING | EndService - No images were processed
17:16:42.311 | ECLYPSE | PlacementManager - Placement established | app=ImagePrediction | mapping={'EndService': 'outer_1', 'PredictorService': 'outer_2', 'TrainerService': 'outer_4'}
17:16:42.312 | ECLYPSE | Simulation - Simulation step | step=511
17:16:42.316 | WARNING | EndService - No images were processed
17:16:42.360 | ERROR | EndService - Prediction on image 1269 is incorrect.
17:16:43.313 | ECLYPSE | PlacementManager - Placement established | app=ImagePrediction | mapping={'EndService': 'outer_1', 'PredictorService': 'outer_2', 'TrainerService': 'outer_4'}
17:16:43.313 | ECLYPSE | Simulation - Simulation step | step=512
17:16:44.314 | ECLYPSE | PlacementManager - Placement established | app=ImagePrediction | mapping={'EndService': 'outer_1', 'PredictorService': 'outer_2', 'TrainerService': 'outer_4'}
17:16:44.314 | ECLYPSE | Simulation - Simulation step | step=513
17:16:44.317 | WARNING | EndService - No images were processed
17:16:44.784 | SUCCESS | EndService - Prediction on image 9760 is correct.
17:16:45.315 | ECLYPSE | PlacementManager - Placement established | app=ImagePrediction | mapping={'EndService': 'outer_1', 'PredictorService': 'outer_2', 'TrainerService': 'outer_4'}
17:16:45.315 | ECLYPSE | Simulation - Simulation step | step=514
17:16:46.316 | ECLYPSE | PlacementManager - Placement established | app=ImagePrediction | mapping={'EndService': 'outer_1', 'PredictorService': 'outer_2', 'TrainerService': 'outer_4'}
17:16:46.317 | ECLYPSE | Simulation - Simulation step | step=515
17:16:46.319 | WARNING | EndService - No images were processed
17:16:47.293 | ERROR | EndService - Prediction on image 4478 is incorrect.
17:16:47.318 | ECLYPSE | PlacementManager - Placement established | app=ImagePrediction | mapping={'EndService': 'outer_1', 'PredictorService': 'outer_2', 'TrainerService': 'outer_4'}
17:16:47.318 | ECLYPSE | Simulation - Simulation step | step=516
17:16:48.319 | ECLYPSE | PlacementManager - Placement established | app=ImagePrediction | mapping={'EndService': 'outer_1', 'PredictorService': 'outer_2', 'TrainerService': 'outer_4'}
17:16:48.319 | ECLYPSE | Simulation - Simulation step | step=517
17:16:48.322 | WARNING | EndService - No images were processed
17:16:49.320 | ECLYPSE | PlacementManager - Placement established | app=ImagePrediction | mapping={'EndService': 'outer_1', 'PredictorService': 'outer_2', 'TrainerService': 'outer_4'}
17:16:49.320 | ECLYPSE | Simulation - Simulation step | step=518
17:16:49.324 | WARNING | EndService - No images were processed
17:16:49.877 | SUCCESS | EndService - Prediction on image 4937 is correct.
17:16:50.321 | ECLYPSE | PlacementManager - Placement established | app=ImagePrediction | mapping={'EndService': 'outer_1', 'PredictorService': 'outer_2', 'TrainerService': 'outer_4'}
17:16:50.321 | ECLYPSE | Simulation - Simulation step | step=519
17:16:51.322 | ECLYPSE | PlacementManager - Placement established | app=ImagePrediction | mapping={'EndService': 'outer_1', 'PredictorService': 'outer_2', 'TrainerService': 'outer_4'}
17:16:51.323 | ECLYPSE | Simulation - Simulation step | step=520
17:16:51.327 | WARNING | EndService - No images were processed
17:16:52.324 | ECLYPSE | PlacementManager - Placement established | app=ImagePrediction | mapping={'EndService': 'outer_1', 'PredictorService': 'outer_2', 'TrainerService': 'outer_4'}
17:16:52.324 | ECLYPSE | Simulation - Simulation step | step=521
17:16:52.328 | WARNING | EndService - No images were processed
17:16:52.537 | SUCCESS | EndService - Prediction on image 1430 is correct.
17:16:53.325 | ECLYPSE | PlacementManager - Placement established | app=ImagePrediction | mapping={'EndService': 'outer_1', 'PredictorService': 'outer_2', 'TrainerService': 'outer_4'}
17:16:53.325 | ECLYPSE | Simulation - Simulation step | step=522
17:16:54.327 | ECLYPSE | PlacementManager - Placement established | app=ImagePrediction | mapping={'EndService': 'outer_1', 'PredictorService': 'outer_2', 'TrainerService': 'outer_4'}
17:16:54.327 | ECLYPSE | Simulation - Simulation step | step=523
17:16:54.330 | WARNING | EndService - No images were processed
17:16:55.267 | SUCCESS | EndService - Prediction on image 6066 is correct.
17:16:55.328 | ECLYPSE | PlacementManager - Placement established | app=ImagePrediction | mapping={'EndService': 'outer_1', 'PredictorService': 'outer_2', 'TrainerService': 'outer_4'}
17:16:55.328 | ECLYPSE | Simulation - Simulation step | step=524
17:16:56.329 | ECLYPSE | PlacementManager - Placement established | app=ImagePrediction | mapping={'EndService': 'outer_1', 'PredictorService': 'outer_2', 'TrainerService': 'outer_4'}
17:16:56.330 | ECLYPSE | Simulation - Simulation step | step=525
17:16:56.334 | WARNING | EndService - No images were processed
17:16:57.331 | ECLYPSE | PlacementManager - Placement established | app=ImagePrediction | mapping={'EndService': 'outer_1', 'PredictorService': 'outer_2', 'TrainerService': 'outer_4'}
17:16:57.331 | ECLYPSE | Simulation - Simulation step | step=526
17:16:57.335 | WARNING | EndService - No images were processed
17:16:58.074 | SUCCESS | EndService - Prediction on image 1633 is correct.
17:16:58.332 | ECLYPSE | PlacementManager - Placement established | app=ImagePrediction | mapping={'EndService': 'outer_1', 'PredictorService': 'outer_2', 'TrainerService': 'outer_4'}
17:16:58.332 | ECLYPSE | Simulation - Simulation step | step=527
17:16:59.333 | ECLYPSE | PlacementManager - Placement established | app=ImagePrediction | mapping={'EndService': 'outer_1', 'PredictorService': 'outer_2', 'TrainerService': 'outer_4'}
17:16:59.334 | ECLYPSE | Simulation - Simulation step | step=528
17:16:59.338 | WARNING | EndService - No images were processed
17:17:00.335 | ECLYPSE | PlacementManager - Placement established | app=ImagePrediction | mapping={'EndService': 'outer_1', 'PredictorService': 'outer_2', 'TrainerService': 'outer_4'}
17:17:00.335 | ECLYPSE | Simulation - Simulation step | step=529
17:17:00.338 | WARNING | EndService - No images were processed
17:17:00.980 | SUCCESS | EndService - Prediction on image 6037 is correct.
17:17:01.336 | ECLYPSE | PlacementManager - Placement established | app=ImagePrediction | mapping={'EndService': 'outer_1', 'PredictorService': 'outer_2', 'TrainerService': 'outer_4'}
17:17:01.336 | ECLYPSE | Simulation - Simulation step | step=530
17:17:02.337 | ECLYPSE | PlacementManager - Placement established | app=ImagePrediction | mapping={'EndService': 'outer_1', 'PredictorService': 'outer_2', 'TrainerService': 'outer_4'}
17:17:02.338 | ECLYPSE | Simulation - Simulation step | step=531
17:17:02.340 | WARNING | EndService - No images were processed
17:17:03.265 | WARNING | PredictorService - Model updated.
17:17:03.339 | ECLYPSE | PlacementManager - Placement established | app=ImagePrediction | mapping={'EndService': 'outer_1', 'PredictorService': 'outer_2', 'TrainerService': 'outer_4'}
17:17:03.339 | ECLYPSE | Simulation - Simulation step | step=532
17:17:03.342 | WARNING | EndService - No images were processed
17:17:03.991 | ERROR | EndService - Prediction on image 5494 is incorrect.
17:17:04.340 | ECLYPSE | PlacementManager - Placement established | app=ImagePrediction | mapping={'EndService': 'outer_1', 'PredictorService': 'outer_2', 'TrainerService': 'outer_4'}
17:17:04.341 | ECLYPSE | Simulation - Simulation step | step=533
17:17:05.342 | ECLYPSE | PlacementManager - Placement established | app=ImagePrediction | mapping={'EndService': 'outer_1', 'PredictorService': 'outer_2', 'TrainerService': 'outer_4'}
17:17:05.342 | ECLYPSE | Simulation - Simulation step | step=534
17:17:05.345 | WARNING | EndService - No images were processed
17:17:05.492 | SUCCESS | EndService - Prediction on image 9644 is correct.
17:17:06.343 | ECLYPSE | PlacementManager - Placement established | app=ImagePrediction | mapping={'EndService': 'outer_1', 'PredictorService': 'outer_2', 'TrainerService': 'outer_4'}
17:17:06.344 | ECLYPSE | Simulation - Simulation step | step=535
17:17:07.004 | SUCCESS | EndService - Prediction on image 9565 is correct.
17:17:07.345 | ECLYPSE | PlacementManager - Placement established | app=ImagePrediction | mapping={'EndService': 'outer_1', 'PredictorService': 'outer_2', 'TrainerService': 'outer_4'}
17:17:07.345 | ECLYPSE | Simulation - Simulation step | step=536
17:17:08.346 | ECLYPSE | PlacementManager - Placement established | app=ImagePrediction | mapping={'EndService': 'outer_1', 'PredictorService': 'outer_2', 'TrainerService': 'outer_4'}
17:17:08.346 | ECLYPSE | Simulation - Simulation step | step=537
17:17:08.350 | WARNING | EndService - No images were processed
17:17:09.347 | ECLYPSE | PlacementManager - Placement established | app=ImagePrediction | mapping={'EndService': 'outer_1', 'PredictorService': 'outer_2', 'TrainerService': 'outer_4'}
17:17:09.348 | ECLYPSE | Simulation - Simulation step | step=538
17:17:09.352 | WARNING | EndService - No images were processed
17:17:10.122 | ERROR | EndService - Prediction on image 7403 is incorrect.
17:17:10.348 | ECLYPSE | PlacementManager - Placement established | app=ImagePrediction | mapping={'EndService': 'outer_1', 'PredictorService': 'outer_2', 'TrainerService': 'outer_4'}
17:17:10.349 | ECLYPSE | Simulation - Simulation step | step=539
17:17:11.350 | ECLYPSE | PlacementManager - Placement established | app=ImagePrediction | mapping={'EndService': 'outer_1', 'PredictorService': 'outer_2', 'TrainerService': 'outer_4'}
17:17:11.350 | ECLYPSE | Simulation - Simulation step | step=540
17:17:11.356 | WARNING | EndService - No images were processed
17:17:12.351 | ECLYPSE | PlacementManager - Placement established | app=ImagePrediction | mapping={'EndService': 'outer_1', 'PredictorService': 'outer_2', 'TrainerService': 'outer_4'}
17:17:12.352 | ECLYPSE | Simulation - Simulation step | step=541
17:17:12.356 | WARNING | EndService - No images were processed
17:17:13.332 | SUCCESS | EndService - Prediction on image 7655 is correct.
17:17:13.352 | ECLYPSE | PlacementManager - Placement established | app=ImagePrediction | mapping={'EndService': 'outer_1', 'PredictorService': 'outer_2', 'TrainerService': 'outer_4'}
17:17:13.353 | ECLYPSE | Simulation - Simulation step | step=542
17:17:14.353 | ECLYPSE | PlacementManager - Placement established | app=ImagePrediction | mapping={'EndService': 'outer_1', 'PredictorService': 'outer_2', 'TrainerService': 'outer_4'}
17:17:14.354 | ECLYPSE | Simulation - Simulation step | step=543
17:17:14.358 | WARNING | EndService - No images were processed
17:17:15.355 | ECLYPSE | PlacementManager - Placement established | app=ImagePrediction | mapping={'EndService': 'outer_1', 'PredictorService': 'outer_2', 'TrainerService': 'outer_4'}
17:17:15.355 | ECLYPSE | Simulation - Simulation step | step=544
17:17:15.358 | WARNING | EndService - No images were processed
17:17:16.357 | ECLYPSE | PlacementManager - Placement established | app=ImagePrediction | mapping={'EndService': 'outer_1', 'PredictorService': 'outer_2', 'TrainerService': 'outer_4'}
17:17:16.357 | ECLYPSE | Simulation - Simulation step | step=545
17:17:16.360 | WARNING | EndService - No images were processed
17:17:16.630 | SUCCESS | EndService - Prediction on image 3243 is correct.
17:17:17.358 | ECLYPSE | PlacementManager - Placement established | app=ImagePrediction | mapping={'EndService': 'outer_1', 'PredictorService': 'outer_2', 'TrainerService': 'outer_4'}
17:17:17.358 | ECLYPSE | Simulation - Simulation step | step=546
17:17:18.359 | ECLYPSE | PlacementManager - Placement established | app=ImagePrediction | mapping={'EndService': 'outer_1', 'PredictorService': 'outer_2', 'TrainerService': 'outer_4'}
17:17:18.359 | ECLYPSE | Simulation - Simulation step | step=547
17:17:18.363 | WARNING | EndService - No images were processed
17:17:19.360 | ECLYPSE | PlacementManager - Placement established | app=ImagePrediction | mapping={'EndService': 'outer_1', 'PredictorService': 'outer_2', 'TrainerService': 'outer_4'}
17:17:19.361 | ECLYPSE | Simulation - Simulation step | step=548
17:17:19.364 | WARNING | EndService - No images were processed
17:17:19.999 | SUCCESS | EndService - Prediction on image 9328 is correct.
17:17:20.362 | ECLYPSE | PlacementManager - Placement established | app=ImagePrediction | mapping={'EndService': 'outer_1', 'PredictorService': 'outer_2', 'TrainerService': 'outer_4'}
17:17:20.362 | ECLYPSE | Simulation - Simulation step | step=549
17:17:21.363 | ECLYPSE | PlacementManager - Placement established | app=ImagePrediction | mapping={'EndService': 'outer_1', 'PredictorService': 'outer_2', 'TrainerService': 'outer_4'}
17:17:21.363 | ECLYPSE | Simulation - Simulation step | step=550
17:17:21.367 | WARNING | EndService - No images were processed
17:17:22.364 | ECLYPSE | PlacementManager - Placement established | app=ImagePrediction | mapping={'EndService': 'outer_1', 'PredictorService': 'outer_2', 'TrainerService': 'outer_4'}
17:17:22.365 | ECLYPSE | Simulation - Simulation step | step=551
17:17:22.368 | WARNING | EndService - No images were processed
17:17:23.366 | ECLYPSE | PlacementManager - Placement established | app=ImagePrediction | mapping={'EndService': 'outer_1', 'PredictorService': 'outer_2', 'TrainerService': 'outer_4'}
17:17:23.366 | ECLYPSE | Simulation - Simulation step | step=552
17:17:23.369 | WARNING | EndService - No images were processed
17:17:23.441 | SUCCESS | EndService - Prediction on image 21 is correct.
17:17:24.367 | ECLYPSE | PlacementManager - Placement established | app=ImagePrediction | mapping={'EndService': 'outer_1', 'PredictorService': 'outer_2', 'TrainerService': 'outer_4'}
17:17:24.367 | ECLYPSE | Simulation - Simulation step | step=553
17:17:25.368 | ECLYPSE | PlacementManager - Placement established | app=ImagePrediction | mapping={'EndService': 'outer_1', 'PredictorService': 'outer_2', 'TrainerService': 'outer_4'}
17:17:25.369 | ECLYPSE | Simulation - Simulation step | step=554
17:17:25.372 | WARNING | EndService - No images were processed
17:17:26.370 | ECLYPSE | PlacementManager - Placement established | app=ImagePrediction | mapping={'EndService': 'outer_1', 'PredictorService': 'outer_2', 'TrainerService': 'outer_4'}
17:17:26.370 | ECLYPSE | Simulation - Simulation step | step=555
17:17:26.374 | WARNING | EndService - No images were processed
17:17:26.955 | ERROR | EndService - Prediction on image 66 is incorrect.
17:17:27.371 | ECLYPSE | PlacementManager - Placement established | app=ImagePrediction | mapping={'EndService': 'outer_1', 'PredictorService': 'outer_2', 'TrainerService': 'outer_4'}
17:17:27.371 | ECLYPSE | Simulation - Simulation step | step=556
17:17:28.372 | ECLYPSE | PlacementManager - Placement established | app=ImagePrediction | mapping={'EndService': 'outer_1', 'PredictorService': 'outer_2', 'TrainerService': 'outer_4'}
17:17:28.372 | ECLYPSE | Simulation - Simulation step | step=557
17:17:28.376 | WARNING | EndService - No images were processed
17:17:29.373 | ECLYPSE | PlacementManager - Placement established | app=ImagePrediction | mapping={'EndService': 'outer_1', 'PredictorService': 'outer_2', 'TrainerService': 'outer_4'}
17:17:29.374 | ECLYPSE | Simulation - Simulation step | step=558
17:17:29.377 | WARNING | EndService - No images were processed
17:17:30.375 | ECLYPSE | PlacementManager - Placement established | app=ImagePrediction | mapping={'EndService': 'outer_1', 'PredictorService': 'outer_2', 'TrainerService': 'outer_4'}
17:17:30.375 | ECLYPSE | Simulation - Simulation step | step=559
17:17:30.379 | WARNING | EndService - No images were processed
17:17:30.592 | SUCCESS | EndService - Prediction on image 2643 is correct.
17:17:31.376 | ECLYPSE | PlacementManager - Placement established | app=ImagePrediction | mapping={'EndService': 'outer_1', 'PredictorService': 'outer_2', 'TrainerService': 'outer_4'}
17:17:31.376 | ECLYPSE | Simulation - Simulation step | step=560
17:17:32.377 | ECLYPSE | PlacementManager - Placement established | app=ImagePrediction | mapping={'EndService': 'outer_1', 'PredictorService': 'outer_2', 'TrainerService': 'outer_4'}
17:17:32.377 | ECLYPSE | Simulation - Simulation step | step=561
17:17:32.381 | WARNING | EndService - No images were processed
17:17:33.379 | ECLYPSE | PlacementManager - Placement established | app=ImagePrediction | mapping={'EndService': 'outer_1', 'PredictorService': 'outer_2', 'TrainerService': 'outer_4'}
17:17:33.379 | ECLYPSE | Simulation - Simulation step | step=562
17:17:33.383 | WARNING | EndService - No images were processed
17:17:34.258 | ERROR | EndService - Prediction on image 9180 is incorrect.
17:17:34.380 | ECLYPSE | PlacementManager - Placement established | app=ImagePrediction | mapping={'EndService': 'outer_1', 'PredictorService': 'outer_2', 'TrainerService': 'outer_4'}
17:17:34.380 | ECLYPSE | Simulation - Simulation step | step=563
17:17:35.381 | ECLYPSE | PlacementManager - Placement established | app=ImagePrediction | mapping={'EndService': 'outer_1', 'PredictorService': 'outer_2', 'TrainerService': 'outer_4'}
17:17:35.381 | ECLYPSE | Simulation - Simulation step | step=564
17:17:35.385 | WARNING | EndService - No images were processed
17:17:36.382 | ECLYPSE | PlacementManager - Placement established | app=ImagePrediction | mapping={'EndService': 'outer_1', 'PredictorService': 'outer_2', 'TrainerService': 'outer_4'}
17:17:36.383 | ECLYPSE | Simulation - Simulation step | step=565
17:17:36.387 | WARNING | EndService - No images were processed
17:17:37.384 | ECLYPSE | PlacementManager - Placement established | app=ImagePrediction | mapping={'EndService': 'outer_1', 'PredictorService': 'outer_2', 'TrainerService': 'outer_4'}
17:17:37.384 | ECLYPSE | Simulation - Simulation step | step=566
17:17:37.387 | WARNING | EndService - No images were processed
17:17:38.059 | SUCCESS | EndService - Prediction on image 17 is correct.
17:17:38.385 | ECLYPSE | PlacementManager - Placement established | app=ImagePrediction | mapping={'EndService': 'outer_1', 'PredictorService': 'outer_2', 'TrainerService': 'outer_4'}
17:17:38.385 | ECLYPSE | Simulation - Simulation step | step=567
17:17:39.386 | ECLYPSE | PlacementManager - Placement established | app=ImagePrediction | mapping={'EndService': 'outer_1', 'PredictorService': 'outer_2', 'TrainerService': 'outer_4'}
17:17:39.386 | ECLYPSE | Simulation - Simulation step | step=568
17:17:39.389 | WARNING | EndService - No images were processed
17:17:40.387 | ECLYPSE | PlacementManager - Placement established | app=ImagePrediction | mapping={'EndService': 'outer_1', 'PredictorService': 'outer_2', 'TrainerService': 'outer_4'}
17:17:40.387 | ECLYPSE | Simulation - Simulation step | step=569
17:17:40.390 | WARNING | EndService - No images were processed
17:17:41.389 | ECLYPSE | PlacementManager - Placement established | app=ImagePrediction | mapping={'EndService': 'outer_1', 'PredictorService': 'outer_2', 'TrainerService': 'outer_4'}
17:17:41.389 | ECLYPSE | Simulation - Simulation step | step=570
17:17:41.393 | WARNING | EndService - No images were processed
17:17:41.915 | ERROR | EndService - Prediction on image 2990 is incorrect.
17:17:42.390 | ECLYPSE | PlacementManager - Placement established | app=ImagePrediction | mapping={'EndService': 'outer_1', 'PredictorService': 'outer_2', 'TrainerService': 'outer_4'}
17:17:42.390 | ECLYPSE | Simulation - Simulation step | step=571
17:17:43.391 | ECLYPSE | PlacementManager - Placement established | app=ImagePrediction | mapping={'EndService': 'outer_1', 'PredictorService': 'outer_2', 'TrainerService': 'outer_4'}
17:17:43.391 | ECLYPSE | Simulation - Simulation step | step=572
17:17:43.395 | WARNING | EndService - No images were processed
17:17:44.392 | ECLYPSE | PlacementManager - Placement established | app=ImagePrediction | mapping={'EndService': 'outer_1', 'PredictorService': 'outer_2', 'TrainerService': 'outer_4'}
17:17:44.393 | ECLYPSE | Simulation - Simulation step | step=573
17:17:44.397 | WARNING | EndService - No images were processed
17:17:45.394 | ECLYPSE | PlacementManager - Placement established | app=ImagePrediction | mapping={'EndService': 'outer_1', 'PredictorService': 'outer_2', 'TrainerService': 'outer_4'}
17:17:45.394 | ECLYPSE | Simulation - Simulation step | step=574
17:17:45.398 | WARNING | EndService - No images were processed
17:17:45.851 | ERROR | EndService - Prediction on image 307 is incorrect.
17:17:46.395 | ECLYPSE | PlacementManager - Placement established | app=ImagePrediction | mapping={'EndService': 'outer_1', 'PredictorService': 'outer_2', 'TrainerService': 'outer_4'}
17:17:46.395 | ECLYPSE | Simulation - Simulation step | step=575
17:17:47.396 | ECLYPSE | PlacementManager - Placement established | app=ImagePrediction | mapping={'EndService': 'outer_1', 'PredictorService': 'outer_2', 'TrainerService': 'outer_4'}
17:17:47.396 | ECLYPSE | Simulation - Simulation step | step=576
17:17:47.400 | WARNING | EndService - No images were processed
17:17:48.397 | ECLYPSE | PlacementManager - Placement established | app=ImagePrediction | mapping={'EndService': 'outer_1', 'PredictorService': 'outer_2', 'TrainerService': 'outer_4'}
17:17:48.398 | ECLYPSE | Simulation - Simulation step | step=577
17:17:48.400 | WARNING | EndService - No images were processed
17:17:49.399 | ECLYPSE | PlacementManager - Placement established | app=ImagePrediction | mapping={'EndService': 'outer_1', 'PredictorService': 'outer_2', 'TrainerService': 'outer_4'}
17:17:49.399 | ECLYPSE | Simulation - Simulation step | step=578
17:17:49.403 | WARNING | EndService - No images were processed
17:17:49.877 | SUCCESS | EndService - Prediction on image 5684 is correct.
17:17:50.400 | ECLYPSE | PlacementManager - Placement established | app=ImagePrediction | mapping={'EndService': 'outer_1', 'PredictorService': 'outer_2', 'TrainerService': 'outer_4'}
17:17:50.400 | ECLYPSE | Simulation - Simulation step | step=579
17:17:51.401 | ECLYPSE | PlacementManager - Placement established | app=ImagePrediction | mapping={'EndService': 'outer_1', 'PredictorService': 'outer_2', 'TrainerService': 'outer_4'}
17:17:51.401 | ECLYPSE | Simulation - Simulation step | step=580
17:17:51.405 | WARNING | EndService - No images were processed
17:17:52.402 | ECLYPSE | PlacementManager - Placement established | app=ImagePrediction | mapping={'EndService': 'outer_1', 'PredictorService': 'outer_2', 'TrainerService': 'outer_4'}
17:17:52.403 | ECLYPSE | Simulation - Simulation step | step=581
17:17:52.407 | WARNING | EndService - No images were processed
17:17:53.404 | ECLYPSE | PlacementManager - Placement established | app=ImagePrediction | mapping={'EndService': 'outer_1', 'PredictorService': 'outer_2', 'TrainerService': 'outer_4'}
17:17:53.404 | ECLYPSE | Simulation - Simulation step | step=582
17:17:53.408 | WARNING | EndService - No images were processed
17:17:54.007 | ERROR | EndService - Prediction on image 7018 is incorrect.
17:17:54.405 | ECLYPSE | PlacementManager - Placement established | app=ImagePrediction | mapping={'EndService': 'outer_1', 'PredictorService': 'outer_2', 'TrainerService': 'outer_4'}
17:17:54.405 | ECLYPSE | Simulation - Simulation step | step=583
17:17:55.406 | ECLYPSE | PlacementManager - Placement established | app=ImagePrediction | mapping={'EndService': 'outer_1', 'PredictorService': 'outer_2', 'TrainerService': 'outer_4'}
17:17:55.406 | ECLYPSE | Simulation - Simulation step | step=584
17:17:55.409 | WARNING | EndService - No images were processed
17:17:56.407 | ECLYPSE | PlacementManager - Placement established | app=ImagePrediction | mapping={'EndService': 'outer_1', 'PredictorService': 'outer_2', 'TrainerService': 'outer_4'}
17:17:56.408 | ECLYPSE | Simulation - Simulation step | step=585
17:17:56.411 | WARNING | EndService - No images were processed
17:17:57.409 | ECLYPSE | PlacementManager - Placement established | app=ImagePrediction | mapping={'EndService': 'outer_1', 'PredictorService': 'outer_2', 'TrainerService': 'outer_4'}
17:17:57.409 | ECLYPSE | Simulation - Simulation step | step=586
17:17:57.413 | WARNING | EndService - No images were processed
17:17:58.210 | SUCCESS | EndService - Prediction on image 1371 is correct.
17:17:58.410 | ECLYPSE | PlacementManager - Placement established | app=ImagePrediction | mapping={'EndService': 'outer_1', 'PredictorService': 'outer_2', 'TrainerService': 'outer_4'}
17:17:58.410 | ECLYPSE | Simulation - Simulation step | step=587
17:17:59.411 | ECLYPSE | PlacementManager - Placement established | app=ImagePrediction | mapping={'EndService': 'outer_1', 'PredictorService': 'outer_2', 'TrainerService': 'outer_4'}
17:17:59.411 | ECLYPSE | Simulation - Simulation step | step=588
17:17:59.415 | WARNING | EndService - No images were processed
17:18:00.412 | ECLYPSE | PlacementManager - Placement established | app=ImagePrediction | mapping={'EndService': 'outer_1', 'PredictorService': 'outer_2', 'TrainerService': 'outer_4'}
17:18:00.412 | ECLYPSE | Simulation - Simulation step | step=589
17:18:00.415 | WARNING | EndService - No images were processed
17:18:01.414 | ECLYPSE | PlacementManager - Placement established | app=ImagePrediction | mapping={'EndService': 'outer_1', 'PredictorService': 'outer_2', 'TrainerService': 'outer_4'}
17:18:01.414 | ECLYPSE | Simulation - Simulation step | step=590
17:18:01.418 | WARNING | EndService - No images were processed
17:18:02.415 | ECLYPSE | PlacementManager - Placement established | app=ImagePrediction | mapping={'EndService': 'outer_1', 'PredictorService': 'outer_2', 'TrainerService': 'outer_4'}
17:18:02.415 | ECLYPSE | Simulation - Simulation step | step=591
17:18:02.418 | WARNING | EndService - No images were processed
17:18:02.491 | ERROR | EndService - Prediction on image 4829 is incorrect.
17:18:03.417 | ECLYPSE | PlacementManager - Placement established | app=ImagePrediction | mapping={'EndService': 'outer_1', 'PredictorService': 'outer_2', 'TrainerService': 'outer_4'}
17:18:03.417 | ECLYPSE | Simulation - Simulation step | step=592
17:18:04.418 | ECLYPSE | PlacementManager - Placement established | app=ImagePrediction | mapping={'EndService': 'outer_1', 'PredictorService': 'outer_2', 'TrainerService': 'outer_4'}
17:18:04.418 | ECLYPSE | Simulation - Simulation step | step=593
17:18:04.422 | WARNING | EndService - No images were processed
17:18:05.420 | ECLYPSE | PlacementManager - Placement established | app=ImagePrediction | mapping={'EndService': 'outer_1', 'PredictorService': 'outer_2', 'TrainerService': 'outer_4'}
17:18:05.420 | ECLYPSE | Simulation - Simulation step | step=594
17:18:05.423 | WARNING | EndService - No images were processed
17:18:06.421 | ECLYPSE | PlacementManager - Placement established | app=ImagePrediction | mapping={'EndService': 'outer_1', 'PredictorService': 'outer_2', 'TrainerService': 'outer_4'}
17:18:06.421 | ECLYPSE | Simulation - Simulation step | step=595
17:18:06.424 | WARNING | EndService - No images were processed
17:18:06.821 | SUCCESS | EndService - Prediction on image 1340 is correct.
17:18:07.422 | ECLYPSE | PlacementManager - Placement established | app=ImagePrediction | mapping={'EndService': 'outer_1', 'PredictorService': 'outer_2', 'TrainerService': 'outer_4'}
17:18:07.422 | ECLYPSE | Simulation - Simulation step | step=596
17:18:08.423 | ECLYPSE | PlacementManager - Placement established | app=ImagePrediction | mapping={'EndService': 'outer_1', 'PredictorService': 'outer_2', 'TrainerService': 'outer_4'}
17:18:08.424 | ECLYPSE | Simulation - Simulation step | step=597
17:18:08.426 | WARNING | EndService - No images were processed
17:18:09.425 | ECLYPSE | PlacementManager - Placement established | app=ImagePrediction | mapping={'EndService': 'outer_1', 'PredictorService': 'outer_2', 'TrainerService': 'outer_4'}
17:18:09.425 | ECLYPSE | Simulation - Simulation step | step=598
17:18:09.428 | WARNING | EndService - No images were processed
17:18:10.426 | ECLYPSE | PlacementManager - Placement established | app=ImagePrediction | mapping={'EndService': 'outer_1', 'PredictorService': 'outer_2', 'TrainerService': 'outer_4'}
17:18:10.427 | ECLYPSE | Simulation - Simulation step | step=599
17:18:10.430 | WARNING | EndService - No images were processed
17:18:11.288 | SUCCESS | EndService - Prediction on image 6553 is correct.
17:18:11.427 | ECLYPSE | PlacementManager - Placement established | app=ImagePrediction | mapping={'EndService': 'outer_1', 'PredictorService': 'outer_2', 'TrainerService': 'outer_4'}
17:18:11.428 | ECLYPSE | Simulation - Simulation step | step=600
17:18:11.883 | ECLYPSE | Simulation - Simulation finished.
