16:49:48.580 | ECLYPSE | outer_1 - Node outer_1 created.
16:49:48.582 | ECLYPSE | outer_0 - Node outer_0 created.
16:49:48.608 | ECLYPSE | outer_2 - Node outer_2 created.
16:49:48.715 | ECLYPSE | outer_3 - Node outer_3 created.
16:49:48.726 | ECLYPSE | center - Node center created.
16:49:48.755 | ECLYPSE | outer_4 - Node outer_4 created.
16:49:50.793 | ECLYPSE | Simulation - Simulation configuration | infrastructure=IPInfr | path=results/uc3-20260709_164942 | remote=True | step_every_ms=1000 | max_steps=600 | seed=2 | report_format=csv | report_backend=pandas | log_level=ECLYPSE | log_to_file=True | include_default_metrics=False
16:49:50.794 | ECLYPSE | Simulation - Simulation started.
16:49:50.798 | WARNING | IPInfr - Node "outer_0" violated | assets=cpu,ram
16:49:50.798 | WARNING | PlacementManager - Resetting placement | app=ImagePrediction
16:49:50.798 | ECLYPSE | Simulation - Simulation step | step=1
16:49:51.800 | WARNING | IPInfr - Node "outer_0" violated | assets=ram,storage
16:49:51.800 | WARNING | PlacementManager - Resetting placement | app=ImagePrediction
16:49:51.800 | ECLYPSE | Simulation - Simulation step | step=2
16:49:54.729 | INFO | PredictorService - PredictorService deployed. Loading model...
16:49:54.744 | INFO | PredictorService - Model loaded successfully.
16:49:54.760 | INFO | TrainerService - TrainerService deployed. Loading model...
16:49:54.847 | INFO | TrainerService - Training started.
16:49:54.995 | INFO | EndService - EndService deployed. Loading dataset...
16:49:55.009 | INFO | EndService - Dataset loaded successfully.
16:49:55.104 | ECLYPSE | PlacementManager - Placement established | app=ImagePrediction | mapping={'EndService': 'outer_1', 'PredictorService': 'outer_2', 'TrainerService': 'outer_4'}
16:49:55.105 | ECLYPSE | Simulation - Simulation step | step=3
16:49:55.107 | WARNING | EndService - No images were processed
16:49:55.555 | ERROR | EndService - Prediction on image 9106 is incorrect.
16:49:55.996 | ERROR | EndService - Prediction on image 5339 is incorrect.
16:49:56.106 | ECLYPSE | PlacementManager - Placement established | app=ImagePrediction | mapping={'EndService': 'outer_1', 'PredictorService': 'outer_2', 'TrainerService': 'outer_4'}
16:49:56.107 | ECLYPSE | Simulation - Simulation step | step=4
16:49:56.421 | ERROR | EndService - Prediction on image 3726 is incorrect.
16:49:56.839 | ERROR | EndService - Prediction on image 994 is incorrect.
16:49:57.107 | ECLYPSE | PlacementManager - Placement established | app=ImagePrediction | mapping={'EndService': 'outer_1', 'PredictorService': 'outer_2', 'TrainerService': 'outer_4'}
16:49:57.108 | ECLYPSE | Simulation - Simulation step | step=5
16:49:57.292 | SUCCESS | EndService - Prediction on image 5304 is correct.
16:49:57.725 | ERROR | EndService - Prediction on image 5990 is incorrect.
16:49:58.109 | ECLYPSE | PlacementManager - Placement established | app=ImagePrediction | mapping={'EndService': 'outer_1', 'PredictorService': 'outer_2', 'TrainerService': 'outer_4'}
16:49:58.109 | ECLYPSE | Simulation - Simulation step | step=6
16:49:58.148 | ERROR | EndService - Prediction on image 3266 is incorrect.
16:49:58.556 | ERROR | EndService - Prediction on image 5290 is incorrect.
16:49:58.991 | ERROR | EndService - Prediction on image 9299 is incorrect.
16:49:59.110 | ECLYPSE | PlacementManager - Placement established | app=ImagePrediction | mapping={'EndService': 'outer_1', 'PredictorService': 'outer_2', 'TrainerService': 'outer_4'}
16:49:59.110 | ECLYPSE | Simulation - Simulation step | step=7
16:49:59.415 | ERROR | EndService - Prediction on image 9437 is incorrect.
16:49:59.852 | ERROR | EndService - Prediction on image 2185 is incorrect.
16:50:00.111 | ECLYPSE | PlacementManager - Placement established | app=ImagePrediction | mapping={'EndService': 'outer_1', 'PredictorService': 'outer_2', 'TrainerService': 'outer_4'}
16:50:00.112 | ECLYPSE | Simulation - Simulation step | step=8
16:50:00.296 | ERROR | EndService - Prediction on image 1703 is incorrect.
16:50:00.715 | ERROR | EndService - Prediction on image 7902 is incorrect.
16:50:01.112 | ECLYPSE | PlacementManager - Placement established | app=ImagePrediction | mapping={'EndService': 'outer_1', 'PredictorService': 'outer_2', 'TrainerService': 'outer_4'}
16:50:01.113 | ECLYPSE | Simulation - Simulation step | step=9
16:50:01.150 | SUCCESS | EndService - Prediction on image 209 is correct.
16:50:01.565 | ERROR | EndService - Prediction on image 2940 is incorrect.
16:50:01.986 | ERROR | EndService - Prediction on image 8783 is incorrect.
16:50:02.114 | ECLYPSE | PlacementManager - Placement established | app=ImagePrediction | mapping={'EndService': 'outer_1', 'PredictorService': 'outer_2', 'TrainerService': 'outer_4'}
16:50:02.114 | ECLYPSE | Simulation - Simulation step | step=10
16:50:02.413 | ERROR | EndService - Prediction on image 877 is incorrect.
16:50:02.836 | ERROR | EndService - Prediction on image 4726 is incorrect.
16:50:03.115 | ECLYPSE | PlacementManager - Placement established | app=ImagePrediction | mapping={'EndService': 'outer_1', 'PredictorService': 'outer_2', 'TrainerService': 'outer_4'}
16:50:03.115 | ECLYPSE | Simulation - Simulation step | step=11
16:50:03.263 | ERROR | EndService - Prediction on image 7653 is incorrect.
16:50:03.694 | ERROR | EndService - Prediction on image 6419 is incorrect.
16:50:04.116 | ECLYPSE | PlacementManager - Placement established | app=ImagePrediction | mapping={'EndService': 'outer_1', 'PredictorService': 'outer_2', 'TrainerService': 'outer_4'}
16:50:04.117 | ECLYPSE | Simulation - Simulation step | step=12
16:50:04.161 | ERROR | EndService - Prediction on image 5791 is incorrect.
16:50:04.577 | ERROR | EndService - Prediction on image 7947 is incorrect.
16:50:05.016 | ERROR | EndService - Prediction on image 740 is incorrect.
16:50:05.117 | ECLYPSE | PlacementManager - Placement established | app=ImagePrediction | mapping={'EndService': 'outer_1', 'PredictorService': 'outer_2', 'TrainerService': 'outer_4'}
16:50:05.118 | ECLYPSE | Simulation - Simulation step | step=13
16:50:05.446 | ERROR | EndService - Prediction on image 6054 is incorrect.
16:50:05.859 | ERROR | EndService - Prediction on image 6990 is incorrect.
16:50:06.119 | ECLYPSE | PlacementManager - Placement established | app=ImagePrediction | mapping={'EndService': 'outer_1', 'PredictorService': 'outer_2', 'TrainerService': 'outer_4'}
16:50:06.119 | ECLYPSE | Simulation - Simulation step | step=14
16:50:06.310 | ERROR | EndService - Prediction on image 6658 is incorrect.
16:50:06.724 | ERROR | EndService - Prediction on image 2489 is incorrect.
16:50:07.120 | ECLYPSE | PlacementManager - Placement established | app=ImagePrediction | mapping={'EndService': 'outer_1', 'PredictorService': 'outer_2', 'TrainerService': 'outer_4'}
16:50:07.120 | ECLYPSE | Simulation - Simulation step | step=15
16:50:07.138 | ERROR | EndService - Prediction on image 6339 is incorrect.
16:50:07.555 | ERROR | EndService - Prediction on image 5645 is incorrect.
16:50:07.980 | ERROR | EndService - Prediction on image 7845 is incorrect.
16:50:08.121 | ECLYPSE | PlacementManager - Placement established | app=ImagePrediction | mapping={'EndService': 'outer_1', 'PredictorService': 'outer_2', 'TrainerService': 'outer_4'}
16:50:08.121 | ECLYPSE | Simulation - Simulation step | step=16
16:50:08.428 | ERROR | EndService - Prediction on image 6281 is incorrect.
16:50:08.853 | ERROR | EndService - Prediction on image 4060 is incorrect.
16:50:09.122 | ECLYPSE | PlacementManager - Placement established | app=ImagePrediction | mapping={'EndService': 'outer_1', 'PredictorService': 'outer_2', 'TrainerService': 'outer_4'}
16:50:09.123 | ECLYPSE | Simulation - Simulation step | step=17
16:50:09.272 | ERROR | EndService - Prediction on image 5773 is incorrect.
16:50:09.715 | SUCCESS | EndService - Prediction on image 3713 is correct.
16:50:10.123 | ECLYPSE | PlacementManager - Placement established | app=ImagePrediction | mapping={'EndService': 'outer_1', 'PredictorService': 'outer_2', 'TrainerService': 'outer_4'}
16:50:10.124 | ECLYPSE | Simulation - Simulation step | step=18
16:50:10.154 | ERROR | EndService - Prediction on image 1146 is incorrect.
16:50:10.565 | ERROR | EndService - Prediction on image 8034 is incorrect.
16:50:11.007 | SUCCESS | EndService - Prediction on image 9272 is correct.
16:50:11.125 | ECLYPSE | PlacementManager - Placement established | app=ImagePrediction | mapping={'EndService': 'outer_1', 'PredictorService': 'outer_2', 'TrainerService': 'outer_4'}
16:50:11.125 | ECLYPSE | Simulation - Simulation step | step=19
16:50:11.446 | ERROR | EndService - Prediction on image 5976 is incorrect.
16:50:11.863 | ERROR | EndService - Prediction on image 1534 is incorrect.
16:50:12.126 | ECLYPSE | PlacementManager - Placement established | app=ImagePrediction | mapping={'EndService': 'outer_1', 'PredictorService': 'outer_2', 'TrainerService': 'outer_4'}
16:50:12.126 | ECLYPSE | Simulation - Simulation step | step=20
16:50:12.298 | ERROR | EndService - Prediction on image 236 is incorrect.
16:50:12.715 | ERROR | EndService - Prediction on image 5889 is incorrect.
16:50:13.127 | ECLYPSE | PlacementManager - Placement established | app=ImagePrediction | mapping={'EndService': 'outer_1', 'PredictorService': 'outer_2', 'TrainerService': 'outer_4'}
16:50:13.127 | ECLYPSE | Simulation - Simulation step | step=21
16:50:13.138 | ERROR | EndService - Prediction on image 8357 is incorrect.
16:50:13.562 | ERROR | EndService - Prediction on image 8111 is incorrect.
16:50:13.985 | ERROR | EndService - Prediction on image 114 is incorrect.
16:50:14.128 | ECLYPSE | PlacementManager - Placement established | app=ImagePrediction | mapping={'EndService': 'outer_1', 'PredictorService': 'outer_2', 'TrainerService': 'outer_4'}
16:50:14.128 | ECLYPSE | Simulation - Simulation step | step=22
16:50:14.420 | ERROR | EndService - Prediction on image 2218 is incorrect.
16:50:14.839 | ERROR | EndService - Prediction on image 3957 is incorrect.
16:50:15.129 | ECLYPSE | PlacementManager - Placement established | app=ImagePrediction | mapping={'EndService': 'outer_1', 'PredictorService': 'outer_2', 'TrainerService': 'outer_4'}
16:50:15.130 | ECLYPSE | Simulation - Simulation step | step=23
16:50:15.269 | ERROR | EndService - Prediction on image 3677 is incorrect.
16:50:15.694 | ERROR | EndService - Prediction on image 6882 is incorrect.
16:50:16.110 | ERROR | EndService - Prediction on image 5245 is incorrect.
16:50:16.131 | ECLYPSE | PlacementManager - Placement established | app=ImagePrediction | mapping={'EndService': 'outer_1', 'PredictorService': 'outer_2', 'TrainerService': 'outer_4'}
16:50:16.131 | ECLYPSE | Simulation - Simulation step | step=24
16:50:16.530 | ERROR | EndService - Prediction on image 3752 is incorrect.
16:50:16.955 | ERROR | EndService - Prediction on image 7431 is incorrect.
16:50:17.132 | ECLYPSE | PlacementManager - Placement established | app=ImagePrediction | mapping={'EndService': 'outer_1', 'PredictorService': 'outer_2', 'TrainerService': 'outer_4'}
16:50:17.132 | ECLYPSE | Simulation - Simulation step | step=25
16:50:17.391 | ERROR | EndService - Prediction on image 9568 is incorrect.
16:50:17.816 | ERROR | EndService - Prediction on image 1025 is incorrect.
16:50:18.133 | ECLYPSE | PlacementManager - Placement established | app=ImagePrediction | mapping={'EndService': 'outer_1', 'PredictorService': 'outer_2', 'TrainerService': 'outer_4'}
16:50:18.134 | ECLYPSE | Simulation - Simulation step | step=26
16:50:18.258 | ERROR | EndService - Prediction on image 2056 is incorrect.
16:50:18.673 | ERROR | EndService - Prediction on image 2515 is incorrect.
16:50:19.101 | ERROR | EndService - Prediction on image 8659 is incorrect.
16:50:19.134 | ECLYPSE | PlacementManager - Placement established | app=ImagePrediction | mapping={'EndService': 'outer_1', 'PredictorService': 'outer_2', 'TrainerService': 'outer_4'}
16:50:19.135 | ECLYPSE | Simulation - Simulation step | step=27
16:50:19.529 | ERROR | EndService - Prediction on image 2164 is incorrect.
16:50:19.968 | ERROR | EndService - Prediction on image 8379 is incorrect.
16:50:20.135 | ECLYPSE | PlacementManager - Placement established | app=ImagePrediction | mapping={'EndService': 'outer_1', 'PredictorService': 'outer_2', 'TrainerService': 'outer_4'}
16:50:20.136 | ECLYPSE | Simulation - Simulation step | step=28
16:50:20.402 | ERROR | EndService - Prediction on image 4159 is incorrect.
16:50:20.849 | ERROR | EndService - Prediction on image 157 is incorrect.
16:50:21.137 | ECLYPSE | PlacementManager - Placement established | app=ImagePrediction | mapping={'EndService': 'outer_1', 'PredictorService': 'outer_2', 'TrainerService': 'outer_4'}
16:50:21.138 | ECLYPSE | Simulation - Simulation step | step=29
16:50:21.269 | ERROR | EndService - Prediction on image 4785 is incorrect.
16:50:21.702 | SUCCESS | EndService - Prediction on image 3168 is correct.
16:50:22.138 | ECLYPSE | PlacementManager - Placement established | app=ImagePrediction | mapping={'EndService': 'outer_1', 'PredictorService': 'outer_2', 'TrainerService': 'outer_4'}
16:50:22.139 | ECLYPSE | Simulation - Simulation step | step=30
16:50:22.143 | ERROR | EndService - Prediction on image 7638 is incorrect.
16:50:22.564 | ERROR | EndService - Prediction on image 4635 is incorrect.
16:50:22.981 | ERROR | EndService - Prediction on image 4123 is incorrect.
16:50:23.139 | ECLYPSE | PlacementManager - Placement established | app=ImagePrediction | mapping={'EndService': 'outer_1', 'PredictorService': 'outer_2', 'TrainerService': 'outer_4'}
16:50:23.140 | ECLYPSE | Simulation - Simulation step | step=31
16:50:23.456 | ERROR | EndService - Prediction on image 2162 is incorrect.
16:50:23.900 | ERROR | EndService - Prediction on image 5533 is incorrect.
16:50:24.141 | ECLYPSE | PlacementManager - Placement established | app=ImagePrediction | mapping={'EndService': 'outer_1', 'PredictorService': 'outer_2', 'TrainerService': 'outer_4'}
16:50:24.141 | ECLYPSE | Simulation - Simulation step | step=32
16:50:24.345 | ERROR | EndService - Prediction on image 262 is incorrect.
16:50:24.762 | SUCCESS | EndService - Prediction on image 5171 is correct.
16:50:25.142 | ECLYPSE | PlacementManager - Placement established | app=ImagePrediction | mapping={'EndService': 'outer_1', 'PredictorService': 'outer_2', 'TrainerService': 'outer_4'}
16:50:25.142 | ECLYPSE | Simulation - Simulation step | step=33
16:50:25.207 | ERROR | EndService - Prediction on image 3956 is incorrect.
16:50:25.629 | ERROR | EndService - Prediction on image 151 is incorrect.
16:50:26.057 | ERROR | EndService - Prediction on image 5823 is incorrect.
16:50:26.143 | ECLYPSE | PlacementManager - Placement established | app=ImagePrediction | mapping={'EndService': 'outer_1', 'PredictorService': 'outer_2', 'TrainerService': 'outer_4'}
16:50:26.144 | ECLYPSE | Simulation - Simulation step | step=34
16:50:26.475 | ERROR | EndService - Prediction on image 8037 is incorrect.
16:50:26.905 | ERROR | EndService - Prediction on image 2509 is incorrect.
16:50:27.144 | ECLYPSE | PlacementManager - Placement established | app=ImagePrediction | mapping={'EndService': 'outer_1', 'PredictorService': 'outer_2', 'TrainerService': 'outer_4'}
16:50:27.145 | ECLYPSE | Simulation - Simulation step | step=35
16:50:27.345 | ERROR | EndService - Prediction on image 3272 is incorrect.
16:50:27.772 | ERROR | EndService - Prediction on image 6361 is incorrect.
16:50:28.145 | ECLYPSE | PlacementManager - Placement established | app=ImagePrediction | mapping={'EndService': 'outer_1', 'PredictorService': 'outer_2', 'TrainerService': 'outer_4'}
16:50:28.146 | ECLYPSE | Simulation - Simulation step | step=36
16:50:28.202 | ERROR | EndService - Prediction on image 7990 is incorrect.
16:50:28.617 | ERROR | EndService - Prediction on image 1006 is incorrect.
16:50:29.048 | ERROR | EndService - Prediction on image 3642 is incorrect.
16:50:29.147 | ECLYPSE | PlacementManager - Placement established | app=ImagePrediction | mapping={'EndService': 'outer_1', 'PredictorService': 'outer_2', 'TrainerService': 'outer_4'}
16:50:29.147 | ECLYPSE | Simulation - Simulation step | step=37
16:50:29.475 | ERROR | EndService - Prediction on image 3837 is incorrect.
16:50:29.896 | ERROR | EndService - Prediction on image 2365 is incorrect.
16:50:30.148 | ECLYPSE | PlacementManager - Placement established | app=ImagePrediction | mapping={'EndService': 'outer_1', 'PredictorService': 'outer_2', 'TrainerService': 'outer_4'}
16:50:30.148 | ECLYPSE | Simulation - Simulation step | step=38
16:50:30.339 | ERROR | EndService - Prediction on image 2375 is incorrect.
16:50:30.766 | ERROR | EndService - Prediction on image 1806 is incorrect.
16:50:31.149 | ECLYPSE | PlacementManager - Placement established | app=ImagePrediction | mapping={'EndService': 'outer_1', 'PredictorService': 'outer_2', 'TrainerService': 'outer_4'}
16:50:31.149 | ECLYPSE | Simulation - Simulation step | step=39
16:50:31.207 | ERROR | EndService - Prediction on image 2785 is incorrect.
16:50:31.630 | ERROR | EndService - Prediction on image 6655 is incorrect.
16:50:32.064 | ERROR | EndService - Prediction on image 8331 is incorrect.
16:50:32.150 | ECLYPSE | PlacementManager - Placement established | app=ImagePrediction | mapping={'EndService': 'outer_1', 'PredictorService': 'outer_2', 'TrainerService': 'outer_4'}
16:50:32.151 | ECLYPSE | Simulation - Simulation step | step=40
16:50:32.478 | ERROR | EndService - Prediction on image 366 is incorrect.
16:50:32.892 | ERROR | EndService - Prediction on image 3825 is incorrect.
16:50:33.151 | ECLYPSE | PlacementManager - Placement established | app=ImagePrediction | mapping={'EndService': 'outer_1', 'PredictorService': 'outer_2', 'TrainerService': 'outer_4'}
16:50:33.152 | ECLYPSE | Simulation - Simulation step | step=41
16:50:33.325 | ERROR | EndService - Prediction on image 9841 is incorrect.
16:50:33.759 | SUCCESS | EndService - Prediction on image 8990 is correct.
16:50:34.153 | ECLYPSE | PlacementManager - Placement established | app=ImagePrediction | mapping={'EndService': 'outer_1', 'PredictorService': 'outer_2', 'TrainerService': 'outer_4'}
16:50:34.153 | ECLYPSE | Simulation - Simulation step | step=42
16:50:34.178 | ERROR | EndService - Prediction on image 7007 is incorrect.
16:50:34.591 | SUCCESS | EndService - Prediction on image 3006 is correct.
16:50:35.047 | ERROR | EndService - Prediction on image 2344 is incorrect.
16:50:35.154 | ECLYPSE | PlacementManager - Placement established | app=ImagePrediction | mapping={'EndService': 'outer_1', 'PredictorService': 'outer_2', 'TrainerService': 'outer_4'}
16:50:35.154 | ECLYPSE | Simulation - Simulation step | step=43
16:50:35.475 | ERROR | EndService - Prediction on image 7737 is incorrect.
16:50:35.922 | ERROR | EndService - Prediction on image 638 is incorrect.
16:50:36.155 | ECLYPSE | PlacementManager - Placement established | app=ImagePrediction | mapping={'EndService': 'outer_1', 'PredictorService': 'outer_2', 'TrainerService': 'outer_4'}
16:50:36.155 | ECLYPSE | Simulation - Simulation step | step=44
16:50:36.349 | ERROR | EndService - Prediction on image 9939 is incorrect.
16:50:36.781 | ERROR | EndService - Prediction on image 4602 is incorrect.
16:50:37.156 | ECLYPSE | PlacementManager - Placement established | app=ImagePrediction | mapping={'EndService': 'outer_1', 'PredictorService': 'outer_2', 'TrainerService': 'outer_4'}
16:50:37.157 | ECLYPSE | Simulation - Simulation step | step=45
16:50:37.203 | ERROR | EndService - Prediction on image 2197 is incorrect.
16:50:37.612 | ERROR | EndService - Prediction on image 1480 is incorrect.
16:50:38.050 | SUCCESS | EndService - Prediction on image 587 is correct.
16:50:38.158 | ECLYPSE | PlacementManager - Placement established | app=ImagePrediction | mapping={'EndService': 'outer_1', 'PredictorService': 'outer_2', 'TrainerService': 'outer_4'}
16:50:38.158 | ECLYPSE | Simulation - Simulation step | step=46
16:50:38.476 | ERROR | EndService - Prediction on image 4597 is incorrect.
16:50:38.923 | ERROR | EndService - Prediction on image 9339 is incorrect.
16:50:39.159 | ECLYPSE | PlacementManager - Placement established | app=ImagePrediction | mapping={'EndService': 'outer_1', 'PredictorService': 'outer_2', 'TrainerService': 'outer_4'}
16:50:39.159 | ECLYPSE | Simulation - Simulation step | step=47
16:50:39.341 | ERROR | EndService - Prediction on image 8727 is incorrect.
16:50:39.761 | ERROR | EndService - Prediction on image 9360 is incorrect.
16:50:40.160 | ECLYPSE | PlacementManager - Placement established | app=ImagePrediction | mapping={'EndService': 'outer_1', 'PredictorService': 'outer_2', 'TrainerService': 'outer_4'}
16:50:40.160 | ECLYPSE | Simulation - Simulation step | step=48
16:50:40.196 | ERROR | EndService - Prediction on image 9264 is incorrect.
16:50:40.614 | ERROR | EndService - Prediction on image 8409 is incorrect.
16:50:41.029 | ERROR | EndService - Prediction on image 3741 is incorrect.
16:50:41.161 | ECLYPSE | PlacementManager - Placement established | app=ImagePrediction | mapping={'EndService': 'outer_1', 'PredictorService': 'outer_2', 'TrainerService': 'outer_4'}
16:50:41.161 | ECLYPSE | Simulation - Simulation step | step=49
16:50:41.458 | ERROR | EndService - Prediction on image 8650 is incorrect.
16:50:41.869 | ERROR | EndService - Prediction on image 1497 is incorrect.
16:50:42.162 | ECLYPSE | PlacementManager - Placement established | app=ImagePrediction | mapping={'EndService': 'outer_1', 'PredictorService': 'outer_2', 'TrainerService': 'outer_4'}
16:50:42.163 | ECLYPSE | Simulation - Simulation step | step=50
16:50:42.296 | ERROR | EndService - Prediction on image 5054 is incorrect.
16:50:42.712 | ERROR | EndService - Prediction on image 817 is incorrect.
16:50:43.161 | ERROR | EndService - Prediction on image 9284 is incorrect.
16:50:43.164 | ECLYPSE | PlacementManager - Placement established | app=ImagePrediction | mapping={'EndService': 'outer_1', 'PredictorService': 'outer_2', 'TrainerService': 'outer_4'}
16:50:43.165 | ECLYPSE | Simulation - Simulation step | step=51
16:50:43.581 | ERROR | EndService - Prediction on image 9722 is incorrect.
16:50:44.015 | ERROR | EndService - Prediction on image 3703 is incorrect.
16:50:44.166 | ECLYPSE | PlacementManager - Placement established | app=ImagePrediction | mapping={'EndService': 'outer_1', 'PredictorService': 'outer_2', 'TrainerService': 'outer_4'}
16:50:44.166 | ECLYPSE | Simulation - Simulation step | step=52
16:50:44.432 | ERROR | EndService - Prediction on image 8333 is incorrect.
16:50:44.852 | ERROR | EndService - Prediction on image 5900 is incorrect.
16:50:45.167 | ECLYPSE | PlacementManager - Placement established | app=ImagePrediction | mapping={'EndService': 'outer_1', 'PredictorService': 'outer_2', 'TrainerService': 'outer_4'}
16:50:45.167 | ECLYPSE | Simulation - Simulation step | step=53
16:50:45.290 | ERROR | EndService - Prediction on image 2001 is incorrect.
16:50:45.701 | ERROR | EndService - Prediction on image 8565 is incorrect.
16:50:46.129 | ERROR | EndService - Prediction on image 2354 is incorrect.
16:50:46.168 | ECLYPSE | PlacementManager - Placement established | app=ImagePrediction | mapping={'EndService': 'outer_1', 'PredictorService': 'outer_2', 'TrainerService': 'outer_4'}
16:50:46.169 | ECLYPSE | Simulation - Simulation step | step=54
16:50:46.567 | SUCCESS | EndService - Prediction on image 1153 is correct.
16:50:47.000 | ERROR | EndService - Prediction on image 6719 is incorrect.
16:50:47.169 | ECLYPSE | PlacementManager - Placement established | app=ImagePrediction | mapping={'EndService': 'outer_1', 'PredictorService': 'outer_2', 'TrainerService': 'outer_4'}
16:50:47.170 | ECLYPSE | Simulation - Simulation step | step=55
16:50:47.430 | ERROR | EndService - Prediction on image 405 is incorrect.
16:50:47.856 | ERROR | EndService - Prediction on image 9233 is incorrect.
16:50:48.171 | ECLYPSE | PlacementManager - Placement established | app=ImagePrediction | mapping={'EndService': 'outer_1', 'PredictorService': 'outer_2', 'TrainerService': 'outer_4'}
16:50:48.171 | ECLYPSE | Simulation - Simulation step | step=56
16:50:48.277 | ERROR | EndService - Prediction on image 652 is incorrect.
16:50:48.698 | ERROR | EndService - Prediction on image 7261 is incorrect.
16:50:49.108 | ERROR | EndService - Prediction on image 4196 is incorrect.
16:50:49.172 | ECLYPSE | PlacementManager - Placement established | app=ImagePrediction | mapping={'EndService': 'outer_1', 'PredictorService': 'outer_2', 'TrainerService': 'outer_4'}
16:50:49.173 | ECLYPSE | Simulation - Simulation step | step=57
16:50:49.517 | ERROR | EndService - Prediction on image 2397 is incorrect.
16:50:49.963 | ERROR | EndService - Prediction on image 5815 is incorrect.
16:50:50.173 | ECLYPSE | PlacementManager - Placement established | app=ImagePrediction | mapping={'EndService': 'outer_1', 'PredictorService': 'outer_2', 'TrainerService': 'outer_4'}
16:50:50.174 | ECLYPSE | Simulation - Simulation step | step=58
16:50:50.395 | ERROR | EndService - Prediction on image 9066 is incorrect.
16:50:50.837 | ERROR | EndService - Prediction on image 1548 is incorrect.
16:50:51.175 | ECLYPSE | PlacementManager - Placement established | app=ImagePrediction | mapping={'EndService': 'outer_1', 'PredictorService': 'outer_2', 'TrainerService': 'outer_4'}
16:50:51.175 | ECLYPSE | Simulation - Simulation step | step=59
16:50:51.262 | ERROR | EndService - Prediction on image 5779 is incorrect.
16:50:51.679 | ERROR | EndService - Prediction on image 3092 is incorrect.
16:50:52.114 | ERROR | EndService - Prediction on image 5236 is incorrect.
16:50:52.176 | ECLYPSE | PlacementManager - Placement established | app=ImagePrediction | mapping={'EndService': 'outer_1', 'PredictorService': 'outer_2', 'TrainerService': 'outer_4'}
16:50:52.176 | ECLYPSE | Simulation - Simulation step | step=60
16:50:52.548 | ERROR | EndService - Prediction on image 5532 is incorrect.
16:50:52.967 | ERROR | EndService - Prediction on image 9115 is incorrect.
16:50:53.177 | ECLYPSE | PlacementManager - Placement established | app=ImagePrediction | mapping={'EndService': 'outer_1', 'PredictorService': 'outer_2', 'TrainerService': 'outer_4'}
16:50:53.177 | ECLYPSE | Simulation - Simulation step | step=61
16:50:53.392 | ERROR | EndService - Prediction on image 2240 is incorrect.
16:50:53.815 | ERROR | EndService - Prediction on image 8709 is incorrect.
16:50:54.178 | ECLYPSE | PlacementManager - Placement established | app=ImagePrediction | mapping={'EndService': 'outer_1', 'PredictorService': 'outer_2', 'TrainerService': 'outer_4'}
16:50:54.179 | ECLYPSE | Simulation - Simulation step | step=62
16:50:54.227 | ERROR | EndService - Prediction on image 5140 is incorrect.
16:50:54.652 | ERROR | EndService - Prediction on image 8156 is incorrect.
16:50:55.080 | ERROR | EndService - Prediction on image 6474 is incorrect.
16:50:55.180 | ECLYPSE | PlacementManager - Placement established | app=ImagePrediction | mapping={'EndService': 'outer_1', 'PredictorService': 'outer_2', 'TrainerService': 'outer_4'}
16:50:55.180 | ECLYPSE | Simulation - Simulation step | step=63
16:50:55.504 | ERROR | EndService - Prediction on image 9045 is incorrect.
16:50:55.931 | ERROR | EndService - Prediction on image 3019 is incorrect.
16:50:56.181 | ECLYPSE | PlacementManager - Placement established | app=ImagePrediction | mapping={'EndService': 'outer_1', 'PredictorService': 'outer_2', 'TrainerService': 'outer_4'}
16:50:56.182 | ECLYPSE | Simulation - Simulation step | step=64
16:50:56.399 | ERROR | EndService - Prediction on image 3657 is incorrect.
16:50:56.814 | ERROR | EndService - Prediction on image 1052 is incorrect.
16:50:57.183 | ECLYPSE | PlacementManager - Placement established | app=ImagePrediction | mapping={'EndService': 'outer_1', 'PredictorService': 'outer_2', 'TrainerService': 'outer_4'}
16:50:57.183 | ECLYPSE | Simulation - Simulation step | step=65
16:50:57.251 | ERROR | EndService - Prediction on image 7001 is incorrect.
16:50:57.667 | ERROR | EndService - Prediction on image 2763 is incorrect.
16:50:58.096 | ERROR | EndService - Prediction on image 4220 is incorrect.
16:50:58.184 | ECLYPSE | PlacementManager - Placement established | app=ImagePrediction | mapping={'EndService': 'outer_1', 'PredictorService': 'outer_2', 'TrainerService': 'outer_4'}
16:50:58.184 | ECLYPSE | Simulation - Simulation step | step=66
16:50:58.515 | ERROR | EndService - Prediction on image 6110 is incorrect.
16:50:58.926 | SUCCESS | EndService - Prediction on image 8537 is correct.
16:50:59.185 | ECLYPSE | PlacementManager - Placement established | app=ImagePrediction | mapping={'EndService': 'outer_1', 'PredictorService': 'outer_2', 'TrainerService': 'outer_4'}
16:50:59.186 | ECLYPSE | Simulation - Simulation step | step=67
16:50:59.355 | ERROR | EndService - Prediction on image 5535 is incorrect.
16:50:59.776 | ERROR | EndService - Prediction on image 4593 is incorrect.
16:51:00.186 | ECLYPSE | PlacementManager - Placement established | app=ImagePrediction | mapping={'EndService': 'outer_1', 'PredictorService': 'outer_2', 'TrainerService': 'outer_4'}
16:51:00.187 | ECLYPSE | Simulation - Simulation step | step=68
16:51:00.212 | ERROR | EndService - Prediction on image 3421 is incorrect.
16:51:00.624 | ERROR | EndService - Prediction on image 8570 is incorrect.
16:51:01.053 | ERROR | EndService - Prediction on image 5526 is incorrect.
16:51:01.187 | ECLYPSE | PlacementManager - Placement established | app=ImagePrediction | mapping={'EndService': 'outer_1', 'PredictorService': 'outer_2', 'TrainerService': 'outer_4'}
16:51:01.188 | ECLYPSE | Simulation - Simulation step | step=69
16:51:01.472 | ERROR | EndService - Prediction on image 8614 is incorrect.
16:51:01.894 | ERROR | EndService - Prediction on image 9490 is incorrect.
16:51:02.189 | ECLYPSE | PlacementManager - Placement established | app=ImagePrediction | mapping={'EndService': 'outer_1', 'PredictorService': 'outer_2', 'TrainerService': 'outer_4'}
16:51:02.190 | ECLYPSE | Simulation - Simulation step | step=70
16:51:02.334 | ERROR | EndService - Prediction on image 7483 is incorrect.
16:51:02.749 | ERROR | EndService - Prediction on image 1190 is incorrect.
16:51:03.184 | ERROR | EndService - Prediction on image 2149 is incorrect.
16:51:03.190 | ECLYPSE | PlacementManager - Placement established | app=ImagePrediction | mapping={'EndService': 'outer_1', 'PredictorService': 'outer_2', 'TrainerService': 'outer_4'}
16:51:03.191 | ECLYPSE | Simulation - Simulation step | step=71
16:51:03.600 | ERROR | EndService - Prediction on image 6277 is incorrect.
16:51:04.031 | ERROR | EndService - Prediction on image 6571 is incorrect.
16:51:04.192 | ECLYPSE | PlacementManager - Placement established | app=ImagePrediction | mapping={'EndService': 'outer_1', 'PredictorService': 'outer_2', 'TrainerService': 'outer_4'}
16:51:04.192 | ECLYPSE | Simulation - Simulation step | step=72
16:51:04.463 | SUCCESS | EndService - Prediction on image 1668 is correct.
16:51:04.901 | ERROR | EndService - Prediction on image 3171 is incorrect.
16:51:05.193 | ECLYPSE | PlacementManager - Placement established | app=ImagePrediction | mapping={'EndService': 'outer_1', 'PredictorService': 'outer_2', 'TrainerService': 'outer_4'}
16:51:05.193 | ECLYPSE | Simulation - Simulation step | step=73
16:51:05.328 | ERROR | EndService - Prediction on image 9594 is incorrect.
16:51:05.747 | ERROR | EndService - Prediction on image 7332 is incorrect.
16:51:06.186 | ERROR | EndService - Prediction on image 9988 is incorrect.
16:51:06.194 | ECLYPSE | PlacementManager - Placement established | app=ImagePrediction | mapping={'EndService': 'outer_1', 'PredictorService': 'outer_2', 'TrainerService': 'outer_4'}
16:51:06.194 | ECLYPSE | Simulation - Simulation step | step=74
16:51:06.599 | ERROR | EndService - Prediction on image 4073 is incorrect.
16:51:07.045 | ERROR | EndService - Prediction on image 1382 is incorrect.
16:51:07.195 | ECLYPSE | PlacementManager - Placement established | app=ImagePrediction | mapping={'EndService': 'outer_1', 'PredictorService': 'outer_2', 'TrainerService': 'outer_4'}
16:51:07.196 | ECLYPSE | Simulation - Simulation step | step=75
16:51:07.488 | ERROR | EndService - Prediction on image 6390 is incorrect.
16:51:07.919 | ERROR | EndService - Prediction on image 9384 is incorrect.
16:51:08.197 | ECLYPSE | PlacementManager - Placement established | app=ImagePrediction | mapping={'EndService': 'outer_1', 'PredictorService': 'outer_2', 'TrainerService': 'outer_4'}
16:51:08.198 | ECLYPSE | Simulation - Simulation step | step=76
16:51:08.361 | ERROR | EndService - Prediction on image 2436 is incorrect.
16:51:08.787 | SUCCESS | EndService - Prediction on image 1181 is correct.
16:51:09.199 | ECLYPSE | PlacementManager - Placement established | app=ImagePrediction | mapping={'EndService': 'outer_1', 'PredictorService': 'outer_2', 'TrainerService': 'outer_4'}
16:51:09.199 | ECLYPSE | Simulation - Simulation step | step=77
16:51:09.209 | ERROR | EndService - Prediction on image 4878 is incorrect.
16:51:09.630 | ERROR | EndService - Prediction on image 583 is incorrect.
16:51:10.058 | ERROR | EndService - Prediction on image 4772 is incorrect.
16:51:10.200 | ECLYPSE | PlacementManager - Placement established | app=ImagePrediction | mapping={'EndService': 'outer_1', 'PredictorService': 'outer_2', 'TrainerService': 'outer_4'}
16:51:10.201 | ECLYPSE | Simulation - Simulation step | step=78
16:51:10.499 | ERROR | EndService - Prediction on image 194 is incorrect.
16:51:10.931 | ERROR | EndService - Prediction on image 7460 is incorrect.
16:51:11.202 | ECLYPSE | PlacementManager - Placement established | app=ImagePrediction | mapping={'EndService': 'outer_1', 'PredictorService': 'outer_2', 'TrainerService': 'outer_4'}
16:51:11.202 | ECLYPSE | Simulation - Simulation step | step=79
16:51:11.370 | ERROR | EndService - Prediction on image 3293 is incorrect.
16:51:11.800 | ERROR | EndService - Prediction on image 1701 is incorrect.
16:51:12.203 | ECLYPSE | PlacementManager - Placement established | app=ImagePrediction | mapping={'EndService': 'outer_1', 'PredictorService': 'outer_2', 'TrainerService': 'outer_4'}
16:51:12.204 | ECLYPSE | Simulation - Simulation step | step=80
16:51:12.250 | ERROR | EndService - Prediction on image 3128 is incorrect.
16:51:12.670 | ERROR | EndService - Prediction on image 9656 is incorrect.
16:51:13.113 | ERROR | EndService - Prediction on image 726 is incorrect.
16:51:13.204 | ECLYPSE | PlacementManager - Placement established | app=ImagePrediction | mapping={'EndService': 'outer_1', 'PredictorService': 'outer_2', 'TrainerService': 'outer_4'}
16:51:13.205 | ECLYPSE | Simulation - Simulation step | step=81
16:51:13.532 | ERROR | EndService - Prediction on image 2539 is incorrect.
16:51:13.976 | ERROR | EndService - Prediction on image 7944 is incorrect.
16:51:14.206 | ECLYPSE | PlacementManager - Placement established | app=ImagePrediction | mapping={'EndService': 'outer_1', 'PredictorService': 'outer_2', 'TrainerService': 'outer_4'}
16:51:14.206 | ECLYPSE | Simulation - Simulation step | step=82
16:51:14.396 | ERROR | EndService - Prediction on image 6979 is incorrect.
16:51:14.820 | ERROR | EndService - Prediction on image 1541 is incorrect.
16:51:15.207 | ECLYPSE | PlacementManager - Placement established | app=ImagePrediction | mapping={'EndService': 'outer_1', 'PredictorService': 'outer_2', 'TrainerService': 'outer_4'}
16:51:15.207 | ECLYPSE | Simulation - Simulation step | step=83
16:51:15.255 | ERROR | EndService - Prediction on image 8279 is incorrect.
16:51:15.669 | ERROR | EndService - Prediction on image 6247 is incorrect.
16:51:16.105 | ERROR | EndService - Prediction on image 3768 is incorrect.
16:51:16.208 | ECLYPSE | PlacementManager - Placement established | app=ImagePrediction | mapping={'EndService': 'outer_1', 'PredictorService': 'outer_2', 'TrainerService': 'outer_4'}
16:51:16.208 | ECLYPSE | Simulation - Simulation step | step=84
16:51:16.533 | SUCCESS | EndService - Prediction on image 3767 is correct.
16:51:16.954 | ERROR | EndService - Prediction on image 9677 is incorrect.
16:51:17.209 | ECLYPSE | PlacementManager - Placement established | app=ImagePrediction | mapping={'EndService': 'outer_1', 'PredictorService': 'outer_2', 'TrainerService': 'outer_4'}
16:51:17.210 | ECLYPSE | Simulation - Simulation step | step=85
16:51:17.392 | ERROR | EndService - Prediction on image 971 is incorrect.
16:51:17.811 | ERROR | EndService - Prediction on image 6034 is incorrect.
16:51:18.211 | ECLYPSE | PlacementManager - Placement established | app=ImagePrediction | mapping={'EndService': 'outer_1', 'PredictorService': 'outer_2', 'TrainerService': 'outer_4'}
16:51:18.211 | ECLYPSE | Simulation - Simulation step | step=86
16:51:18.242 | ERROR | EndService - Prediction on image 2853 is incorrect.
16:51:18.655 | ERROR | EndService - Prediction on image 5005 is incorrect.
16:51:19.091 | ERROR | EndService - Prediction on image 1300 is incorrect.
16:51:19.212 | ECLYPSE | PlacementManager - Placement established | app=ImagePrediction | mapping={'EndService': 'outer_1', 'PredictorService': 'outer_2', 'TrainerService': 'outer_4'}
16:51:19.213 | ECLYPSE | Simulation - Simulation step | step=87
16:51:19.531 | ERROR | EndService - Prediction on image 4323 is incorrect.
16:51:19.943 | SUCCESS | EndService - Prediction on image 8441 is correct.
16:51:20.213 | ECLYPSE | PlacementManager - Placement established | app=ImagePrediction | mapping={'EndService': 'outer_1', 'PredictorService': 'outer_2', 'TrainerService': 'outer_4'}
16:51:20.214 | ECLYPSE | Simulation - Simulation step | step=88
16:51:20.381 | ERROR | EndService - Prediction on image 2537 is incorrect.
16:51:20.813 | ERROR | EndService - Prediction on image 9776 is incorrect.
16:51:21.215 | ECLYPSE | PlacementManager - Placement established | app=ImagePrediction | mapping={'EndService': 'outer_1', 'PredictorService': 'outer_2', 'TrainerService': 'outer_4'}
16:51:21.215 | ECLYPSE | Simulation - Simulation step | step=89
16:51:21.248 | ERROR | EndService - Prediction on image 3843 is incorrect.
16:51:21.661 | ERROR | EndService - Prediction on image 2389 is incorrect.
16:51:22.098 | ERROR | EndService - Prediction on image 3423 is incorrect.
16:51:22.216 | ECLYPSE | PlacementManager - Placement established | app=ImagePrediction | mapping={'EndService': 'outer_1', 'PredictorService': 'outer_2', 'TrainerService': 'outer_4'}
16:51:22.216 | ECLYPSE | Simulation - Simulation step | step=90
16:51:22.530 | SUCCESS | EndService - Prediction on image 5057 is correct.
16:51:22.981 | ERROR | EndService - Prediction on image 6712 is incorrect.
16:51:23.217 | ECLYPSE | PlacementManager - Placement established | app=ImagePrediction | mapping={'EndService': 'outer_1', 'PredictorService': 'outer_2', 'TrainerService': 'outer_4'}
16:51:23.217 | ECLYPSE | Simulation - Simulation step | step=91
16:51:23.431 | ERROR | EndService - Prediction on image 3282 is incorrect.
16:51:23.880 | ERROR | EndService - Prediction on image 2027 is incorrect.
16:51:24.218 | ECLYPSE | PlacementManager - Placement established | app=ImagePrediction | mapping={'EndService': 'outer_1', 'PredictorService': 'outer_2', 'TrainerService': 'outer_4'}
16:51:24.219 | ECLYPSE | Simulation - Simulation step | step=92
16:51:24.326 | ERROR | EndService - Prediction on image 8957 is incorrect.
16:51:24.745 | ERROR | EndService - Prediction on image 95 is incorrect.
16:51:25.172 | ERROR | EndService - Prediction on image 6746 is incorrect.
16:51:25.221 | ECLYPSE | PlacementManager - Placement established | app=ImagePrediction | mapping={'EndService': 'outer_1', 'PredictorService': 'outer_2', 'TrainerService': 'outer_4'}
16:51:25.221 | ECLYPSE | Simulation - Simulation step | step=93
16:51:25.591 | ERROR | EndService - Prediction on image 4202 is incorrect.
16:51:26.018 | ERROR | EndService - Prediction on image 3717 is incorrect.
16:51:26.222 | ECLYPSE | PlacementManager - Placement established | app=ImagePrediction | mapping={'EndService': 'outer_1', 'PredictorService': 'outer_2', 'TrainerService': 'outer_4'}
16:51:26.222 | ECLYPSE | Simulation - Simulation step | step=94
16:51:26.445 | ERROR | EndService - Prediction on image 4194 is incorrect.
16:51:26.875 | ERROR | EndService - Prediction on image 346 is incorrect.
16:51:27.223 | ECLYPSE | PlacementManager - Placement established | app=ImagePrediction | mapping={'EndService': 'outer_1', 'PredictorService': 'outer_2', 'TrainerService': 'outer_4'}
16:51:27.224 | ECLYPSE | Simulation - Simulation step | step=95
16:51:27.310 | ERROR | EndService - Prediction on image 4295 is incorrect.
16:51:27.725 | ERROR | EndService - Prediction on image 3281 is incorrect.
16:51:28.153 | ERROR | EndService - Prediction on image 8518 is incorrect.
16:51:28.224 | ECLYPSE | PlacementManager - Placement established | app=ImagePrediction | mapping={'EndService': 'outer_1', 'PredictorService': 'outer_2', 'TrainerService': 'outer_4'}
16:51:28.225 | ECLYPSE | Simulation - Simulation step | step=96
16:51:28.576 | SUCCESS | EndService - Prediction on image 2711 is correct.
16:51:29.006 | ERROR | EndService - Prediction on image 8913 is incorrect.
16:51:29.225 | ECLYPSE | PlacementManager - Placement established | app=ImagePrediction | mapping={'EndService': 'outer_1', 'PredictorService': 'outer_2', 'TrainerService': 'outer_4'}
16:51:29.226 | ECLYPSE | Simulation - Simulation step | step=97
16:51:29.474 | ERROR | EndService - Prediction on image 2662 is incorrect.
16:51:29.898 | ERROR | EndService - Prediction on image 1056 is incorrect.
16:51:30.227 | ECLYPSE | PlacementManager - Placement established | app=ImagePrediction | mapping={'EndService': 'outer_1', 'PredictorService': 'outer_2', 'TrainerService': 'outer_4'}
16:51:30.227 | ECLYPSE | Simulation - Simulation step | step=98
16:51:30.325 | SUCCESS | EndService - Prediction on image 1812 is correct.
16:51:30.742 | SUCCESS | EndService - Prediction on image 6538 is correct.
16:51:31.174 | ERROR | EndService - Prediction on image 7946 is incorrect.
16:51:31.228 | ECLYPSE | PlacementManager - Placement established | app=ImagePrediction | mapping={'EndService': 'outer_1', 'PredictorService': 'outer_2', 'TrainerService': 'outer_4'}
16:51:31.228 | ECLYPSE | Simulation - Simulation step | step=99
16:51:31.596 | ERROR | EndService - Prediction on image 3716 is incorrect.
16:51:32.020 | ERROR | EndService - Prediction on image 2245 is incorrect.
16:51:32.229 | ECLYPSE | PlacementManager - Placement established | app=ImagePrediction | mapping={'EndService': 'outer_1', 'PredictorService': 'outer_2', 'TrainerService': 'outer_4'}
16:51:32.230 | ECLYPSE | Simulation - Simulation step | step=100
16:51:32.439 | ERROR | EndService - Prediction on image 548 is incorrect.
16:51:32.871 | ERROR | EndService - Prediction on image 3962 is incorrect.
16:51:33.231 | ECLYPSE | PlacementManager - Placement established | app=ImagePrediction | mapping={'EndService': 'outer_1', 'PredictorService': 'outer_2', 'TrainerService': 'outer_4'}
16:51:33.231 | ECLYPSE | Simulation - Simulation step | step=101
16:51:33.289 | ERROR | EndService - Prediction on image 7951 is incorrect.
16:51:33.708 | ERROR | EndService - Prediction on image 157 is incorrect.
16:51:34.145 | ERROR | EndService - Prediction on image 2501 is incorrect.
16:51:34.232 | ECLYPSE | PlacementManager - Placement established | app=ImagePrediction | mapping={'EndService': 'outer_1', 'PredictorService': 'outer_2', 'TrainerService': 'outer_4'}
16:51:34.232 | ECLYPSE | Simulation - Simulation step | step=102
16:51:34.562 | ERROR | EndService - Prediction on image 3652 is incorrect.
16:51:34.994 | ERROR | EndService - Prediction on image 3643 is incorrect.
16:51:35.233 | ECLYPSE | PlacementManager - Placement established | app=ImagePrediction | mapping={'EndService': 'outer_1', 'PredictorService': 'outer_2', 'TrainerService': 'outer_4'}
16:51:35.234 | ECLYPSE | Simulation - Simulation step | step=103
16:51:35.417 | ERROR | EndService - Prediction on image 9102 is incorrect.
16:51:35.831 | ERROR | EndService - Prediction on image 9354 is incorrect.
16:51:36.235 | ECLYPSE | PlacementManager - Placement established | app=ImagePrediction | mapping={'EndService': 'outer_1', 'PredictorService': 'outer_2', 'TrainerService': 'outer_4'}
16:51:36.235 | ECLYPSE | Simulation - Simulation step | step=104
16:51:36.256 | ERROR | EndService - Prediction on image 815 is incorrect.
16:51:36.666 | ERROR | EndService - Prediction on image 5620 is incorrect.
16:51:37.100 | ERROR | EndService - Prediction on image 2886 is incorrect.
16:51:37.236 | ECLYPSE | PlacementManager - Placement established | app=ImagePrediction | mapping={'EndService': 'outer_1', 'PredictorService': 'outer_2', 'TrainerService': 'outer_4'}
16:51:37.236 | ECLYPSE | Simulation - Simulation step | step=105
16:51:37.531 | ERROR | EndService - Prediction on image 1609 is incorrect.
16:51:37.955 | ERROR | EndService - Prediction on image 2202 is incorrect.
16:51:38.237 | ECLYPSE | PlacementManager - Placement established | app=ImagePrediction | mapping={'EndService': 'outer_1', 'PredictorService': 'outer_2', 'TrainerService': 'outer_4'}
16:51:38.237 | ECLYPSE | Simulation - Simulation step | step=106
16:51:38.373 | SUCCESS | EndService - Prediction on image 1255 is correct.
16:51:38.788 | ERROR | EndService - Prediction on image 2056 is incorrect.
16:51:39.208 | ERROR | EndService - Prediction on image 7793 is incorrect.
16:51:39.238 | ECLYPSE | PlacementManager - Placement established | app=ImagePrediction | mapping={'EndService': 'outer_1', 'PredictorService': 'outer_2', 'TrainerService': 'outer_4'}
16:51:39.239 | ECLYPSE | Simulation - Simulation step | step=107
16:51:39.636 | ERROR | EndService - Prediction on image 5711 is incorrect.
16:51:40.070 | ERROR | EndService - Prediction on image 4639 is incorrect.
16:51:40.240 | ECLYPSE | PlacementManager - Placement established | app=ImagePrediction | mapping={'EndService': 'outer_1', 'PredictorService': 'outer_2', 'TrainerService': 'outer_4'}
16:51:40.240 | ECLYPSE | Simulation - Simulation step | step=108
16:51:40.502 | SUCCESS | EndService - Prediction on image 8605 is correct.
16:51:40.919 | ERROR | EndService - Prediction on image 3120 is incorrect.
16:51:41.241 | ECLYPSE | PlacementManager - Placement established | app=ImagePrediction | mapping={'EndService': 'outer_1', 'PredictorService': 'outer_2', 'TrainerService': 'outer_4'}
16:51:41.241 | ECLYPSE | Simulation - Simulation step | step=109
16:51:41.337 | ERROR | EndService - Prediction on image 1987 is incorrect.
16:51:41.675 | WARNING | PredictorService - Model updated.
16:51:41.773 | SUCCESS | EndService - Prediction on image 1412 is correct.
16:51:41.958 | SUCCESS | EndService - Prediction on image 4201 is correct.
16:51:42.160 | SUCCESS | EndService - Prediction on image 9511 is correct.
16:51:42.242 | ECLYPSE | PlacementManager - Placement established | app=ImagePrediction | mapping={'EndService': 'outer_1', 'PredictorService': 'outer_2', 'TrainerService': 'outer_4'}
16:51:42.243 | ECLYPSE | Simulation - Simulation step | step=110
16:51:42.341 | ERROR | EndService - Prediction on image 5986 is incorrect.
16:51:42.528 | SUCCESS | EndService - Prediction on image 9545 is correct.
16:51:42.725 | SUCCESS | EndService - Prediction on image 9593 is correct.
16:51:42.911 | SUCCESS | EndService - Prediction on image 8067 is correct.
16:51:43.092 | ERROR | EndService - Prediction on image 6538 is incorrect.
16:51:43.244 | ECLYPSE | PlacementManager - Placement established | app=ImagePrediction | mapping={'EndService': 'outer_1', 'PredictorService': 'outer_2', 'TrainerService': 'outer_4'}
16:51:43.244 | ECLYPSE | Simulation - Simulation step | step=111
16:51:43.279 | ERROR | EndService - Prediction on image 9212 is incorrect.
16:51:43.468 | ERROR | EndService - Prediction on image 1194 is incorrect.
16:51:43.663 | ERROR | EndService - Prediction on image 9355 is incorrect.
16:51:43.851 | SUCCESS | EndService - Prediction on image 6444 is correct.
16:51:44.034 | SUCCESS | EndService - Prediction on image 2433 is correct.
16:51:44.219 | SUCCESS | EndService - Prediction on image 5689 is correct.
16:51:44.245 | ECLYPSE | PlacementManager - Placement established | app=ImagePrediction | mapping={'EndService': 'outer_1', 'PredictorService': 'outer_2', 'TrainerService': 'outer_4'}
16:51:44.246 | ECLYPSE | Simulation - Simulation step | step=112
16:51:44.414 | SUCCESS | EndService - Prediction on image 9641 is correct.
16:51:44.596 | SUCCESS | EndService - Prediction on image 9140 is correct.
16:51:44.779 | SUCCESS | EndService - Prediction on image 6442 is correct.
16:51:44.969 | SUCCESS | EndService - Prediction on image 1216 is correct.
16:51:45.179 | ERROR | EndService - Prediction on image 2624 is incorrect.
16:51:45.246 | ECLYPSE | PlacementManager - Placement established | app=ImagePrediction | mapping={'EndService': 'outer_1', 'PredictorService': 'outer_2', 'TrainerService': 'outer_4'}
16:51:45.247 | ECLYPSE | Simulation - Simulation step | step=113
16:51:45.393 | ERROR | EndService - Prediction on image 4484 is incorrect.
16:51:45.581 | ERROR | EndService - Prediction on image 5702 is incorrect.
16:51:45.765 | ERROR | EndService - Prediction on image 6893 is incorrect.
16:51:45.956 | SUCCESS | EndService - Prediction on image 3368 is correct.
16:51:46.145 | ERROR | EndService - Prediction on image 6116 is incorrect.
16:51:46.248 | ECLYPSE | PlacementManager - Placement established | app=ImagePrediction | mapping={'EndService': 'outer_1', 'PredictorService': 'outer_2', 'TrainerService': 'outer_4'}
16:51:46.248 | ECLYPSE | Simulation - Simulation step | step=114
16:51:46.340 | ERROR | EndService - Prediction on image 2854 is incorrect.
16:51:46.528 | SUCCESS | EndService - Prediction on image 2661 is correct.
16:51:46.722 | ERROR | EndService - Prediction on image 286 is incorrect.
16:51:46.912 | ERROR | EndService - Prediction on image 1981 is incorrect.
16:51:47.111 | ERROR | EndService - Prediction on image 7761 is incorrect.
16:51:47.249 | ECLYPSE | PlacementManager - Placement established | app=ImagePrediction | mapping={'EndService': 'outer_1', 'PredictorService': 'outer_2', 'TrainerService': 'outer_4'}
16:51:47.249 | ECLYPSE | Simulation - Simulation step | step=115
16:51:47.298 | SUCCESS | EndService - Prediction on image 5943 is correct.
16:51:47.484 | ERROR | EndService - Prediction on image 3262 is incorrect.
16:51:47.926 | ERROR | EndService - Prediction on image 5099 is incorrect.
16:51:48.250 | ECLYPSE | PlacementManager - Placement established | app=ImagePrediction | mapping={'EndService': 'outer_1', 'PredictorService': 'outer_2', 'TrainerService': 'outer_4'}
16:51:48.250 | ECLYPSE | Simulation - Simulation step | step=116
16:51:48.356 | ERROR | EndService - Prediction on image 7584 is incorrect.
16:51:48.769 | ERROR | EndService - Prediction on image 8663 is incorrect.
16:51:49.206 | ERROR | EndService - Prediction on image 2780 is incorrect.
16:51:49.251 | ECLYPSE | PlacementManager - Placement established | app=ImagePrediction | mapping={'EndService': 'outer_1', 'PredictorService': 'outer_2', 'TrainerService': 'outer_4'}
16:51:49.251 | ECLYPSE | Simulation - Simulation step | step=117
16:51:49.621 | ERROR | EndService - Prediction on image 3981 is incorrect.
16:51:50.050 | ERROR | EndService - Prediction on image 2246 is incorrect.
16:51:50.252 | ECLYPSE | PlacementManager - Placement established | app=ImagePrediction | mapping={'EndService': 'outer_1', 'PredictorService': 'outer_2', 'TrainerService': 'outer_4'}
16:51:50.253 | ECLYPSE | Simulation - Simulation step | step=118
16:51:50.482 | SUCCESS | EndService - Prediction on image 5606 is correct.
16:51:50.901 | ERROR | EndService - Prediction on image 6811 is incorrect.
16:51:51.253 | ECLYPSE | PlacementManager - Placement established | app=ImagePrediction | mapping={'EndService': 'outer_1', 'PredictorService': 'outer_2', 'TrainerService': 'outer_4'}
16:51:51.254 | ECLYPSE | Simulation - Simulation step | step=119
16:51:51.338 | ERROR | EndService - Prediction on image 9807 is incorrect.
16:51:51.753 | ERROR | EndService - Prediction on image 1199 is incorrect.
16:51:52.170 | SUCCESS | EndService - Prediction on image 3894 is correct.
16:51:52.255 | ECLYPSE | PlacementManager - Placement established | app=ImagePrediction | mapping={'EndService': 'outer_1', 'PredictorService': 'outer_2', 'TrainerService': 'outer_4'}
16:51:52.255 | ECLYPSE | Simulation - Simulation step | step=120
16:51:52.582 | ERROR | EndService - Prediction on image 3008 is incorrect.
16:51:53.005 | SUCCESS | EndService - Prediction on image 7491 is correct.
16:51:53.256 | ECLYPSE | PlacementManager - Placement established | app=ImagePrediction | mapping={'EndService': 'outer_1', 'PredictorService': 'outer_2', 'TrainerService': 'outer_4'}
16:51:53.256 | ECLYPSE | Simulation - Simulation step | step=121
16:51:53.441 | SUCCESS | EndService - Prediction on image 6947 is correct.
16:51:53.862 | ERROR | EndService - Prediction on image 1218 is incorrect.
16:51:54.257 | ECLYPSE | PlacementManager - Placement established | app=ImagePrediction | mapping={'EndService': 'outer_1', 'PredictorService': 'outer_2', 'TrainerService': 'outer_4'}
16:51:54.257 | ECLYPSE | Simulation - Simulation step | step=122
16:51:54.303 | ERROR | EndService - Prediction on image 9735 is incorrect.
16:51:54.725 | ERROR | EndService - Prediction on image 7055 is incorrect.
16:51:55.145 | ERROR | EndService - Prediction on image 206 is incorrect.
16:51:55.258 | ECLYPSE | PlacementManager - Placement established | app=ImagePrediction | mapping={'EndService': 'outer_1', 'PredictorService': 'outer_2', 'TrainerService': 'outer_4'}
16:51:55.258 | ECLYPSE | Simulation - Simulation step | step=123
16:51:55.569 | ERROR | EndService - Prediction on image 4893 is incorrect.
16:51:56.033 | ERROR | EndService - Prediction on image 9736 is incorrect.
16:51:56.259 | ECLYPSE | PlacementManager - Placement established | app=ImagePrediction | mapping={'EndService': 'outer_1', 'PredictorService': 'outer_2', 'TrainerService': 'outer_4'}
16:51:56.260 | ECLYPSE | Simulation - Simulation step | step=124
16:51:56.489 | SUCCESS | EndService - Prediction on image 8988 is correct.
16:51:56.949 | ERROR | EndService - Prediction on image 3423 is incorrect.
16:51:57.260 | ECLYPSE | PlacementManager - Placement established | app=ImagePrediction | mapping={'EndService': 'outer_1', 'PredictorService': 'outer_2', 'TrainerService': 'outer_4'}
16:51:57.261 | ECLYPSE | Simulation - Simulation step | step=125
16:51:57.365 | ERROR | EndService - Prediction on image 2507 is incorrect.
16:51:57.789 | ERROR | EndService - Prediction on image 521 is incorrect.
16:51:58.205 | ERROR | EndService - Prediction on image 258 is incorrect.
16:51:58.262 | ECLYPSE | PlacementManager - Placement established | app=ImagePrediction | mapping={'EndService': 'outer_1', 'PredictorService': 'outer_2', 'TrainerService': 'outer_4'}
16:51:58.262 | ECLYPSE | Simulation - Simulation step | step=126
16:51:58.630 | ERROR | EndService - Prediction on image 9949 is incorrect.
16:51:59.052 | SUCCESS | EndService - Prediction on image 6461 is correct.
16:51:59.263 | ECLYPSE | PlacementManager - Placement established | app=ImagePrediction | mapping={'EndService': 'outer_1', 'PredictorService': 'outer_2', 'TrainerService': 'outer_4'}
16:51:59.264 | ECLYPSE | Simulation - Simulation step | step=127
16:51:59.495 | SUCCESS | EndService - Prediction on image 6206 is correct.
16:51:59.913 | ERROR | EndService - Prediction on image 8027 is incorrect.
16:52:00.264 | ECLYPSE | PlacementManager - Placement established | app=ImagePrediction | mapping={'EndService': 'outer_1', 'PredictorService': 'outer_2', 'TrainerService': 'outer_4'}
16:52:00.265 | ECLYPSE | Simulation - Simulation step | step=128
16:52:00.339 | ERROR | EndService - Prediction on image 5084 is incorrect.
16:52:00.751 | ERROR | EndService - Prediction on image 3626 is incorrect.
16:52:01.174 | ERROR | EndService - Prediction on image 4750 is incorrect.
16:52:01.265 | ECLYPSE | PlacementManager - Placement established | app=ImagePrediction | mapping={'EndService': 'outer_1', 'PredictorService': 'outer_2', 'TrainerService': 'outer_4'}
16:52:01.266 | ECLYPSE | Simulation - Simulation step | step=129
16:52:01.603 | ERROR | EndService - Prediction on image 6186 is incorrect.
16:52:02.027 | SUCCESS | EndService - Prediction on image 8867 is correct.
16:52:02.267 | ECLYPSE | PlacementManager - Placement established | app=ImagePrediction | mapping={'EndService': 'outer_1', 'PredictorService': 'outer_2', 'TrainerService': 'outer_4'}
16:52:02.267 | ECLYPSE | Simulation - Simulation step | step=130
16:52:02.466 | ERROR | EndService - Prediction on image 8541 is incorrect.
16:52:02.892 | ERROR | EndService - Prediction on image 8807 is incorrect.
16:52:03.268 | ECLYPSE | PlacementManager - Placement established | app=ImagePrediction | mapping={'EndService': 'outer_1', 'PredictorService': 'outer_2', 'TrainerService': 'outer_4'}
16:52:03.268 | ECLYPSE | Simulation - Simulation step | step=131
16:52:03.303 | ERROR | EndService - Prediction on image 6024 is incorrect.
16:52:03.722 | ERROR | EndService - Prediction on image 7606 is incorrect.
16:52:04.188 | ERROR | EndService - Prediction on image 6417 is incorrect.
16:52:04.269 | ECLYPSE | PlacementManager - Placement established | app=ImagePrediction | mapping={'EndService': 'outer_1', 'PredictorService': 'outer_2', 'TrainerService': 'outer_4'}
16:52:04.269 | ECLYPSE | Simulation - Simulation step | step=132
16:52:04.609 | SUCCESS | EndService - Prediction on image 9791 is correct.
16:52:05.036 | ERROR | EndService - Prediction on image 6200 is incorrect.
16:52:05.270 | ECLYPSE | PlacementManager - Placement established | app=ImagePrediction | mapping={'EndService': 'outer_1', 'PredictorService': 'outer_2', 'TrainerService': 'outer_4'}
16:52:05.271 | ECLYPSE | Simulation - Simulation step | step=133
16:52:05.459 | ERROR | EndService - Prediction on image 456 is incorrect.
16:52:05.892 | SUCCESS | EndService - Prediction on image 9101 is correct.
16:52:06.271 | ECLYPSE | PlacementManager - Placement established | app=ImagePrediction | mapping={'EndService': 'outer_1', 'PredictorService': 'outer_2', 'TrainerService': 'outer_4'}
16:52:06.272 | ECLYPSE | Simulation - Simulation step | step=134
16:52:06.305 | ERROR | EndService - Prediction on image 6051 is incorrect.
16:52:06.714 | SUCCESS | EndService - Prediction on image 7507 is correct.
16:52:07.152 | ERROR | EndService - Prediction on image 9267 is incorrect.
16:52:07.272 | ECLYPSE | PlacementManager - Placement established | app=ImagePrediction | mapping={'EndService': 'outer_1', 'PredictorService': 'outer_2', 'TrainerService': 'outer_4'}
16:52:07.273 | ECLYPSE | Simulation - Simulation step | step=135
16:52:07.586 | SUCCESS | EndService - Prediction on image 1316 is correct.
16:52:08.027 | SUCCESS | EndService - Prediction on image 3655 is correct.
16:52:08.274 | ECLYPSE | PlacementManager - Placement established | app=ImagePrediction | mapping={'EndService': 'outer_1', 'PredictorService': 'outer_2', 'TrainerService': 'outer_4'}
16:52:08.274 | ECLYPSE | Simulation - Simulation step | step=136
16:52:08.468 | SUCCESS | EndService - Prediction on image 1358 is correct.
16:52:08.878 | ERROR | EndService - Prediction on image 8585 is incorrect.
16:52:09.275 | ECLYPSE | PlacementManager - Placement established | app=ImagePrediction | mapping={'EndService': 'outer_1', 'PredictorService': 'outer_2', 'TrainerService': 'outer_4'}
16:52:09.275 | ECLYPSE | Simulation - Simulation step | step=137
16:52:09.291 | SUCCESS | EndService - Prediction on image 5630 is correct.
16:52:09.709 | ERROR | EndService - Prediction on image 2140 is incorrect.
16:52:10.121 | SUCCESS | EndService - Prediction on image 5576 is correct.
16:52:10.276 | ECLYPSE | PlacementManager - Placement established | app=ImagePrediction | mapping={'EndService': 'outer_1', 'PredictorService': 'outer_2', 'TrainerService': 'outer_4'}
16:52:10.277 | ECLYPSE | Simulation - Simulation step | step=138
16:52:10.555 | SUCCESS | EndService - Prediction on image 6111 is correct.
16:52:10.981 | ERROR | EndService - Prediction on image 9293 is incorrect.
16:52:11.277 | ECLYPSE | PlacementManager - Placement established | app=ImagePrediction | mapping={'EndService': 'outer_1', 'PredictorService': 'outer_2', 'TrainerService': 'outer_4'}
16:52:11.278 | ECLYPSE | Simulation - Simulation step | step=139
16:52:11.420 | SUCCESS | EndService - Prediction on image 9603 is correct.
16:52:11.848 | ERROR | EndService - Prediction on image 1044 is incorrect.
16:52:12.277 | ERROR | EndService - Prediction on image 4468 is incorrect.
16:52:12.279 | ECLYPSE | PlacementManager - Placement established | app=ImagePrediction | mapping={'EndService': 'outer_1', 'PredictorService': 'outer_2', 'TrainerService': 'outer_4'}
16:52:12.279 | ECLYPSE | Simulation - Simulation step | step=140
16:52:12.695 | ERROR | EndService - Prediction on image 2331 is incorrect.
16:52:13.120 | ERROR | EndService - Prediction on image 1429 is incorrect.
16:52:13.280 | ECLYPSE | PlacementManager - Placement established | app=ImagePrediction | mapping={'EndService': 'outer_1', 'PredictorService': 'outer_2', 'TrainerService': 'outer_4'}
16:52:13.281 | ECLYPSE | Simulation - Simulation step | step=141
16:52:13.563 | ERROR | EndService - Prediction on image 2013 is incorrect.
16:52:13.985 | ERROR | EndService - Prediction on image 3373 is incorrect.
16:52:14.281 | ECLYPSE | PlacementManager - Placement established | app=ImagePrediction | mapping={'EndService': 'outer_1', 'PredictorService': 'outer_2', 'TrainerService': 'outer_4'}
16:52:14.282 | ECLYPSE | Simulation - Simulation step | step=142
16:52:14.430 | ERROR | EndService - Prediction on image 3200 is incorrect.
16:52:14.846 | ERROR | EndService - Prediction on image 3943 is incorrect.
16:52:15.278 | ERROR | EndService - Prediction on image 6057 is incorrect.
16:52:15.282 | ECLYPSE | PlacementManager - Placement established | app=ImagePrediction | mapping={'EndService': 'outer_1', 'PredictorService': 'outer_2', 'TrainerService': 'outer_4'}
16:52:15.284 | ECLYPSE | Simulation - Simulation step | step=143
16:52:15.701 | SUCCESS | EndService - Prediction on image 4222 is correct.
16:52:16.136 | SUCCESS | EndService - Prediction on image 2035 is correct.
16:52:16.284 | ECLYPSE | PlacementManager - Placement established | app=ImagePrediction | mapping={'EndService': 'outer_1', 'PredictorService': 'outer_2', 'TrainerService': 'outer_4'}
16:52:16.285 | ECLYPSE | Simulation - Simulation step | step=144
16:52:16.579 | ERROR | EndService - Prediction on image 2227 is incorrect.
16:52:17.007 | SUCCESS | EndService - Prediction on image 7390 is correct.
16:52:17.285 | ECLYPSE | PlacementManager - Placement established | app=ImagePrediction | mapping={'EndService': 'outer_1', 'PredictorService': 'outer_2', 'TrainerService': 'outer_4'}
16:52:17.286 | ECLYPSE | Simulation - Simulation step | step=145
16:52:17.431 | ERROR | EndService - Prediction on image 7824 is incorrect.
16:52:17.859 | ERROR | EndService - Prediction on image 4825 is incorrect.
16:52:18.287 | ECLYPSE | PlacementManager - Placement established | app=ImagePrediction | mapping={'EndService': 'outer_1', 'PredictorService': 'outer_2', 'TrainerService': 'outer_4'}
16:52:18.288 | ECLYPSE | Simulation - Simulation step | step=146
16:52:18.327 | ERROR | EndService - Prediction on image 4388 is incorrect.
16:52:18.738 | SUCCESS | EndService - Prediction on image 875 is correct.
16:52:19.201 | ERROR | EndService - Prediction on image 5851 is incorrect.
16:52:19.288 | ECLYPSE | PlacementManager - Placement established | app=ImagePrediction | mapping={'EndService': 'outer_1', 'PredictorService': 'outer_2', 'TrainerService': 'outer_4'}
16:52:19.289 | ECLYPSE | Simulation - Simulation step | step=147
16:52:19.620 | SUCCESS | EndService - Prediction on image 3458 is correct.
16:52:20.050 | SUCCESS | EndService - Prediction on image 4888 is correct.
16:52:20.290 | ECLYPSE | PlacementManager - Placement established | app=ImagePrediction | mapping={'EndService': 'outer_1', 'PredictorService': 'outer_2', 'TrainerService': 'outer_4'}
16:52:20.290 | ECLYPSE | Simulation - Simulation step | step=148
16:52:20.478 | SUCCESS | EndService - Prediction on image 2261 is correct.
16:52:20.920 | ERROR | EndService - Prediction on image 2066 is incorrect.
16:52:21.291 | ECLYPSE | PlacementManager - Placement established | app=ImagePrediction | mapping={'EndService': 'outer_1', 'PredictorService': 'outer_2', 'TrainerService': 'outer_4'}
16:52:21.292 | ECLYPSE | Simulation - Simulation step | step=149
16:52:21.342 | ERROR | EndService - Prediction on image 6324 is incorrect.
16:52:21.754 | ERROR | EndService - Prediction on image 322 is incorrect.
16:52:22.191 | ERROR | EndService - Prediction on image 2644 is incorrect.
16:52:22.292 | ECLYPSE | PlacementManager - Placement established | app=ImagePrediction | mapping={'EndService': 'outer_1', 'PredictorService': 'outer_2', 'TrainerService': 'outer_4'}
16:52:22.293 | ECLYPSE | Simulation - Simulation step | step=150
16:52:22.613 | ERROR | EndService - Prediction on image 4685 is incorrect.
16:52:23.030 | SUCCESS | EndService - Prediction on image 6726 is correct.
16:52:23.294 | ECLYPSE | PlacementManager - Placement established | app=ImagePrediction | mapping={'EndService': 'outer_1', 'PredictorService': 'outer_2', 'TrainerService': 'outer_4'}
16:52:23.294 | ECLYPSE | Simulation - Simulation step | step=151
16:52:23.461 | ERROR | EndService - Prediction on image 5015 is incorrect.
16:52:23.873 | SUCCESS | EndService - Prediction on image 5196 is correct.
16:52:24.293 | ERROR | EndService - Prediction on image 1442 is incorrect.
16:52:24.295 | ECLYPSE | PlacementManager - Placement established | app=ImagePrediction | mapping={'EndService': 'outer_1', 'PredictorService': 'outer_2', 'TrainerService': 'outer_4'}
16:52:24.295 | ECLYPSE | Simulation - Simulation step | step=152
16:52:24.708 | ERROR | EndService - Prediction on image 5491 is incorrect.
16:52:25.154 | SUCCESS | EndService - Prediction on image 2734 is correct.
16:52:25.296 | ECLYPSE | PlacementManager - Placement established | app=ImagePrediction | mapping={'EndService': 'outer_1', 'PredictorService': 'outer_2', 'TrainerService': 'outer_4'}
16:52:25.297 | ECLYPSE | Simulation - Simulation step | step=153
16:52:25.575 | ERROR | EndService - Prediction on image 9524 is incorrect.
16:52:25.992 | ERROR | EndService - Prediction on image 8542 is incorrect.
16:52:26.297 | ECLYPSE | PlacementManager - Placement established | app=ImagePrediction | mapping={'EndService': 'outer_1', 'PredictorService': 'outer_2', 'TrainerService': 'outer_4'}
16:52:26.298 | ECLYPSE | Simulation - Simulation step | step=154
16:52:26.410 | ERROR | EndService - Prediction on image 4845 is incorrect.
16:52:26.825 | ERROR | EndService - Prediction on image 9684 is incorrect.
16:52:27.246 | SUCCESS | EndService - Prediction on image 6437 is correct.
16:52:27.299 | ECLYPSE | PlacementManager - Placement established | app=ImagePrediction | mapping={'EndService': 'outer_1', 'PredictorService': 'outer_2', 'TrainerService': 'outer_4'}
16:52:27.299 | ECLYPSE | Simulation - Simulation step | step=155
16:52:27.659 | ERROR | EndService - Prediction on image 4212 is incorrect.
16:52:28.113 | ERROR | EndService - Prediction on image 8928 is incorrect.
16:52:28.300 | ECLYPSE | PlacementManager - Placement established | app=ImagePrediction | mapping={'EndService': 'outer_1', 'PredictorService': 'outer_2', 'TrainerService': 'outer_4'}
16:52:28.301 | ECLYPSE | Simulation - Simulation step | step=156
16:52:28.552 | SUCCESS | EndService - Prediction on image 9660 is correct.
16:52:28.968 | SUCCESS | EndService - Prediction on image 8671 is correct.
16:52:29.302 | ECLYPSE | PlacementManager - Placement established | app=ImagePrediction | mapping={'EndService': 'outer_1', 'PredictorService': 'outer_2', 'TrainerService': 'outer_4'}
16:52:29.302 | ECLYPSE | Simulation - Simulation step | step=157
16:52:29.388 | ERROR | EndService - Prediction on image 6497 is incorrect.
16:52:29.806 | ERROR | EndService - Prediction on image 3021 is incorrect.
16:52:30.232 | SUCCESS | EndService - Prediction on image 7449 is correct.
16:52:30.303 | ECLYPSE | PlacementManager - Placement established | app=ImagePrediction | mapping={'EndService': 'outer_1', 'PredictorService': 'outer_2', 'TrainerService': 'outer_4'}
16:52:30.303 | ECLYPSE | Simulation - Simulation step | step=158
16:52:30.651 | SUCCESS | EndService - Prediction on image 8510 is correct.
16:52:31.090 | ERROR | EndService - Prediction on image 3576 is incorrect.
16:52:31.304 | ECLYPSE | PlacementManager - Placement established | app=ImagePrediction | mapping={'EndService': 'outer_1', 'PredictorService': 'outer_2', 'TrainerService': 'outer_4'}
16:52:31.304 | ECLYPSE | Simulation - Simulation step | step=159
16:52:31.524 | SUCCESS | EndService - Prediction on image 3097 is correct.
16:52:31.963 | ERROR | EndService - Prediction on image 844 is incorrect.
16:52:32.305 | ECLYPSE | PlacementManager - Placement established | app=ImagePrediction | mapping={'EndService': 'outer_1', 'PredictorService': 'outer_2', 'TrainerService': 'outer_4'}
16:52:32.306 | ECLYPSE | Simulation - Simulation step | step=160
16:52:32.396 | SUCCESS | EndService - Prediction on image 588 is correct.
16:52:32.812 | SUCCESS | EndService - Prediction on image 5157 is correct.
16:52:33.234 | ERROR | EndService - Prediction on image 7786 is incorrect.
16:52:33.306 | ECLYPSE | PlacementManager - Placement established | app=ImagePrediction | mapping={'EndService': 'outer_1', 'PredictorService': 'outer_2', 'TrainerService': 'outer_4'}
16:52:33.307 | ECLYPSE | Simulation - Simulation step | step=161
16:52:33.666 | ERROR | EndService - Prediction on image 4358 is incorrect.
16:52:34.082 | ERROR | EndService - Prediction on image 1746 is incorrect.
16:52:34.308 | ECLYPSE | PlacementManager - Placement established | app=ImagePrediction | mapping={'EndService': 'outer_1', 'PredictorService': 'outer_2', 'TrainerService': 'outer_4'}
16:52:34.308 | ECLYPSE | Simulation - Simulation step | step=162
16:52:34.507 | ERROR | EndService - Prediction on image 9040 is incorrect.
16:52:34.923 | ERROR | EndService - Prediction on image 6716 is incorrect.
16:52:35.309 | ECLYPSE | PlacementManager - Placement established | app=ImagePrediction | mapping={'EndService': 'outer_1', 'PredictorService': 'outer_2', 'TrainerService': 'outer_4'}
16:52:35.309 | ECLYPSE | Simulation - Simulation step | step=163
16:52:35.346 | ERROR | EndService - Prediction on image 565 is incorrect.
16:52:35.769 | SUCCESS | EndService - Prediction on image 5750 is correct.
16:52:36.190 | ERROR | EndService - Prediction on image 4856 is incorrect.
16:52:36.310 | ECLYPSE | PlacementManager - Placement established | app=ImagePrediction | mapping={'EndService': 'outer_1', 'PredictorService': 'outer_2', 'TrainerService': 'outer_4'}
16:52:36.311 | ECLYPSE | Simulation - Simulation step | step=164
16:52:36.621 | ERROR | EndService - Prediction on image 2537 is incorrect.
16:52:37.037 | ERROR | EndService - Prediction on image 4116 is incorrect.
16:52:37.311 | ECLYPSE | PlacementManager - Placement established | app=ImagePrediction | mapping={'EndService': 'outer_1', 'PredictorService': 'outer_2', 'TrainerService': 'outer_4'}
16:52:37.312 | ECLYPSE | Simulation - Simulation step | step=165
16:52:37.456 | SUCCESS | EndService - Prediction on image 8803 is correct.
16:52:37.883 | ERROR | EndService - Prediction on image 9298 is incorrect.
16:52:38.313 | ECLYPSE | PlacementManager - Placement established | app=ImagePrediction | mapping={'EndService': 'outer_1', 'PredictorService': 'outer_2', 'TrainerService': 'outer_4'}
16:52:38.313 | ECLYPSE | Simulation - Simulation step | step=166
16:52:38.323 | SUCCESS | EndService - Prediction on image 1408 is correct.
16:52:38.740 | ERROR | EndService - Prediction on image 8486 is incorrect.
16:52:39.162 | SUCCESS | EndService - Prediction on image 3412 is correct.
16:52:39.314 | ECLYPSE | PlacementManager - Placement established | app=ImagePrediction | mapping={'EndService': 'outer_1', 'PredictorService': 'outer_2', 'TrainerService': 'outer_4'}
16:52:39.314 | ECLYPSE | Simulation - Simulation step | step=167
16:52:39.594 | SUCCESS | EndService - Prediction on image 7688 is correct.
16:52:40.036 | SUCCESS | EndService - Prediction on image 7203 is correct.
16:52:40.315 | ECLYPSE | PlacementManager - Placement established | app=ImagePrediction | mapping={'EndService': 'outer_1', 'PredictorService': 'outer_2', 'TrainerService': 'outer_4'}
16:52:40.315 | ECLYPSE | Simulation - Simulation step | step=168
16:52:40.477 | ERROR | EndService - Prediction on image 878 is incorrect.
16:52:40.906 | SUCCESS | EndService - Prediction on image 6540 is correct.
16:52:41.316 | ECLYPSE | PlacementManager - Placement established | app=ImagePrediction | mapping={'EndService': 'outer_1', 'PredictorService': 'outer_2', 'TrainerService': 'outer_4'}
16:52:41.317 | ECLYPSE | Simulation - Simulation step | step=169
16:52:41.326 | ERROR | EndService - Prediction on image 6033 is incorrect.
16:52:41.740 | ERROR | EndService - Prediction on image 4346 is incorrect.
16:52:42.163 | ERROR | EndService - Prediction on image 2770 is incorrect.
16:52:42.318 | ECLYPSE | PlacementManager - Placement established | app=ImagePrediction | mapping={'EndService': 'outer_1', 'PredictorService': 'outer_2', 'TrainerService': 'outer_4'}
16:52:42.318 | ECLYPSE | Simulation - Simulation step | step=170
16:52:42.583 | ERROR | EndService - Prediction on image 2441 is incorrect.
16:52:42.998 | ERROR | EndService - Prediction on image 2193 is incorrect.
16:52:43.319 | ECLYPSE | PlacementManager - Placement established | app=ImagePrediction | mapping={'EndService': 'outer_1', 'PredictorService': 'outer_2', 'TrainerService': 'outer_4'}
16:52:43.320 | ECLYPSE | Simulation - Simulation step | step=171
16:52:43.423 | ERROR | EndService - Prediction on image 9595 is incorrect.
16:52:43.843 | ERROR | EndService - Prediction on image 7936 is incorrect.
16:52:44.273 | ERROR | EndService - Prediction on image 4161 is incorrect.
16:52:44.320 | ECLYPSE | PlacementManager - Placement established | app=ImagePrediction | mapping={'EndService': 'outer_1', 'PredictorService': 'outer_2', 'TrainerService': 'outer_4'}
16:52:44.321 | ECLYPSE | Simulation - Simulation step | step=172
16:52:44.705 | ERROR | EndService - Prediction on image 6647 is incorrect.
16:52:45.129 | ERROR | EndService - Prediction on image 9194 is incorrect.
16:52:45.321 | ECLYPSE | PlacementManager - Placement established | app=ImagePrediction | mapping={'EndService': 'outer_1', 'PredictorService': 'outer_2', 'TrainerService': 'outer_4'}
16:52:45.322 | ECLYPSE | Simulation - Simulation step | step=173
16:52:45.551 | ERROR | EndService - Prediction on image 8557 is incorrect.
16:52:45.965 | SUCCESS | EndService - Prediction on image 7686 is correct.
16:52:46.324 | ECLYPSE | PlacementManager - Placement established | app=ImagePrediction | mapping={'EndService': 'outer_1', 'PredictorService': 'outer_2', 'TrainerService': 'outer_4'}
16:52:46.325 | ECLYPSE | Simulation - Simulation step | step=174
16:52:46.384 | ERROR | EndService - Prediction on image 3257 is incorrect.
16:52:46.800 | ERROR | EndService - Prediction on image 6177 is incorrect.
16:52:47.232 | SUCCESS | EndService - Prediction on image 4631 is correct.
16:52:47.325 | ECLYPSE | PlacementManager - Placement established | app=ImagePrediction | mapping={'EndService': 'outer_1', 'PredictorService': 'outer_2', 'TrainerService': 'outer_4'}
16:52:47.326 | ECLYPSE | Simulation - Simulation step | step=175
16:52:47.670 | SUCCESS | EndService - Prediction on image 4066 is correct.
16:52:48.088 | ERROR | EndService - Prediction on image 8546 is incorrect.
16:52:48.327 | ECLYPSE | PlacementManager - Placement established | app=ImagePrediction | mapping={'EndService': 'outer_1', 'PredictorService': 'outer_2', 'TrainerService': 'outer_4'}
16:52:48.328 | ECLYPSE | Simulation - Simulation step | step=176
16:52:48.533 | ERROR | EndService - Prediction on image 7332 is incorrect.
16:52:48.952 | SUCCESS | EndService - Prediction on image 979 is correct.
16:52:49.328 | ECLYPSE | PlacementManager - Placement established | app=ImagePrediction | mapping={'EndService': 'outer_1', 'PredictorService': 'outer_2', 'TrainerService': 'outer_4'}
16:52:49.329 | ECLYPSE | Simulation - Simulation step | step=177
16:52:49.384 | SUCCESS | EndService - Prediction on image 1879 is correct.
16:52:49.805 | ERROR | EndService - Prediction on image 9554 is incorrect.
16:52:50.233 | ERROR | EndService - Prediction on image 9330 is incorrect.
16:52:50.329 | ECLYPSE | PlacementManager - Placement established | app=ImagePrediction | mapping={'EndService': 'outer_1', 'PredictorService': 'outer_2', 'TrainerService': 'outer_4'}
16:52:50.330 | ECLYPSE | Simulation - Simulation step | step=178
16:52:50.648 | ERROR | EndService - Prediction on image 1706 is incorrect.
16:52:51.064 | SUCCESS | EndService - Prediction on image 2954 is correct.
16:52:51.330 | ECLYPSE | PlacementManager - Placement established | app=ImagePrediction | mapping={'EndService': 'outer_1', 'PredictorService': 'outer_2', 'TrainerService': 'outer_4'}
16:52:51.331 | ECLYPSE | Simulation - Simulation step | step=179
16:52:51.498 | ERROR | EndService - Prediction on image 111 is incorrect.
16:52:51.921 | ERROR | EndService - Prediction on image 7574 is incorrect.
16:52:52.332 | ECLYPSE | PlacementManager - Placement established | app=ImagePrediction | mapping={'EndService': 'outer_1', 'PredictorService': 'outer_2', 'TrainerService': 'outer_4'}
16:52:52.332 | ECLYPSE | Simulation - Simulation step | step=180
16:52:52.346 | ERROR | EndService - Prediction on image 8511 is incorrect.
16:52:52.762 | ERROR | EndService - Prediction on image 738 is incorrect.
16:52:53.187 | ERROR | EndService - Prediction on image 5433 is incorrect.
16:52:53.333 | ECLYPSE | PlacementManager - Placement established | app=ImagePrediction | mapping={'EndService': 'outer_1', 'PredictorService': 'outer_2', 'TrainerService': 'outer_4'}
16:52:53.333 | ECLYPSE | Simulation - Simulation step | step=181
16:52:53.644 | SUCCESS | EndService - Prediction on image 8634 is correct.
16:52:54.061 | ERROR | EndService - Prediction on image 8516 is incorrect.
16:52:54.334 | ECLYPSE | PlacementManager - Placement established | app=ImagePrediction | mapping={'EndService': 'outer_1', 'PredictorService': 'outer_2', 'TrainerService': 'outer_4'}
16:52:54.334 | ECLYPSE | Simulation - Simulation step | step=182
16:52:54.488 | ERROR | EndService - Prediction on image 1345 is incorrect.
16:52:54.927 | ERROR | EndService - Prediction on image 648 is incorrect.
16:52:55.335 | ECLYPSE | PlacementManager - Placement established | app=ImagePrediction | mapping={'EndService': 'outer_1', 'PredictorService': 'outer_2', 'TrainerService': 'outer_4'}
16:52:55.336 | ECLYPSE | Simulation - Simulation step | step=183
16:52:55.355 | ERROR | EndService - Prediction on image 7425 is incorrect.
16:52:55.769 | ERROR | EndService - Prediction on image 7631 is incorrect.
16:52:56.192 | ERROR | EndService - Prediction on image 338 is incorrect.
16:52:56.336 | ECLYPSE | PlacementManager - Placement established | app=ImagePrediction | mapping={'EndService': 'outer_1', 'PredictorService': 'outer_2', 'TrainerService': 'outer_4'}
16:52:56.337 | ECLYPSE | Simulation - Simulation step | step=184
16:52:56.634 | ERROR | EndService - Prediction on image 3807 is incorrect.
16:52:57.054 | ERROR | EndService - Prediction on image 151 is incorrect.
16:52:57.337 | ECLYPSE | PlacementManager - Placement established | app=ImagePrediction | mapping={'EndService': 'outer_1', 'PredictorService': 'outer_2', 'TrainerService': 'outer_4'}
16:52:57.338 | ECLYPSE | Simulation - Simulation step | step=185
16:52:57.470 | ERROR | EndService - Prediction on image 5925 is incorrect.
16:52:57.905 | ERROR | EndService - Prediction on image 3671 is incorrect.
16:52:58.331 | ERROR | EndService - Prediction on image 2104 is incorrect.
16:52:58.339 | ECLYPSE | PlacementManager - Placement established | app=ImagePrediction | mapping={'EndService': 'outer_1', 'PredictorService': 'outer_2', 'TrainerService': 'outer_4'}
16:52:58.340 | ECLYPSE | Simulation - Simulation step | step=186
16:52:58.756 | ERROR | EndService - Prediction on image 8993 is incorrect.
16:52:59.193 | SUCCESS | EndService - Prediction on image 6079 is correct.
16:52:59.341 | ECLYPSE | PlacementManager - Placement established | app=ImagePrediction | mapping={'EndService': 'outer_1', 'PredictorService': 'outer_2', 'TrainerService': 'outer_4'}
16:52:59.341 | ECLYPSE | Simulation - Simulation step | step=187
16:52:59.607 | SUCCESS | EndService - Prediction on image 4356 is correct.
16:53:00.045 | ERROR | EndService - Prediction on image 3404 is incorrect.
16:53:00.342 | ECLYPSE | PlacementManager - Placement established | app=ImagePrediction | mapping={'EndService': 'outer_1', 'PredictorService': 'outer_2', 'TrainerService': 'outer_4'}
16:53:00.342 | ECLYPSE | Simulation - Simulation step | step=188
16:53:00.475 | ERROR | EndService - Prediction on image 6893 is incorrect.
16:53:00.917 | ERROR | EndService - Prediction on image 6405 is incorrect.
16:53:01.343 | ECLYPSE | PlacementManager - Placement established | app=ImagePrediction | mapping={'EndService': 'outer_1', 'PredictorService': 'outer_2', 'TrainerService': 'outer_4'}
16:53:01.343 | ECLYPSE | Simulation - Simulation step | step=189
16:53:01.345 | ERROR | EndService - Prediction on image 8711 is incorrect.
16:53:01.763 | SUCCESS | EndService - Prediction on image 9189 is correct.
16:53:02.204 | ERROR | EndService - Prediction on image 4161 is incorrect.
16:53:02.344 | ECLYPSE | PlacementManager - Placement established | app=ImagePrediction | mapping={'EndService': 'outer_1', 'PredictorService': 'outer_2', 'TrainerService': 'outer_4'}
16:53:02.345 | ECLYPSE | Simulation - Simulation step | step=190
16:53:02.652 | SUCCESS | EndService - Prediction on image 990 is correct.
16:53:03.081 | SUCCESS | EndService - Prediction on image 6110 is correct.
16:53:03.346 | ECLYPSE | PlacementManager - Placement established | app=ImagePrediction | mapping={'EndService': 'outer_1', 'PredictorService': 'outer_2', 'TrainerService': 'outer_4'}
16:53:03.346 | ECLYPSE | Simulation - Simulation step | step=191
16:53:03.517 | ERROR | EndService - Prediction on image 4605 is incorrect.
16:53:03.942 | SUCCESS | EndService - Prediction on image 4542 is correct.
16:53:04.347 | ECLYPSE | PlacementManager - Placement established | app=ImagePrediction | mapping={'EndService': 'outer_1', 'PredictorService': 'outer_2', 'TrainerService': 'outer_4'}
16:53:04.347 | ECLYPSE | Simulation - Simulation step | step=192
16:53:04.393 | ERROR | EndService - Prediction on image 1073 is incorrect.
16:53:04.804 | ERROR | EndService - Prediction on image 2812 is incorrect.
16:53:05.224 | ERROR | EndService - Prediction on image 8841 is incorrect.
16:53:05.348 | ECLYPSE | PlacementManager - Placement established | app=ImagePrediction | mapping={'EndService': 'outer_1', 'PredictorService': 'outer_2', 'TrainerService': 'outer_4'}
16:53:05.349 | ECLYPSE | Simulation - Simulation step | step=193
16:53:05.638 | ERROR | EndService - Prediction on image 2609 is incorrect.
16:53:06.051 | SUCCESS | EndService - Prediction on image 1944 is correct.
16:53:06.349 | ECLYPSE | PlacementManager - Placement established | app=ImagePrediction | mapping={'EndService': 'outer_1', 'PredictorService': 'outer_2', 'TrainerService': 'outer_4'}
16:53:06.350 | ECLYPSE | Simulation - Simulation step | step=194
16:53:06.479 | SUCCESS | EndService - Prediction on image 1925 is correct.
16:53:06.894 | ERROR | EndService - Prediction on image 1184 is incorrect.
16:53:07.349 | ERROR | EndService - Prediction on image 7657 is incorrect.
16:53:07.351 | ECLYPSE | PlacementManager - Placement established | app=ImagePrediction | mapping={'EndService': 'outer_1', 'PredictorService': 'outer_2', 'TrainerService': 'outer_4'}
16:53:07.352 | ECLYPSE | Simulation - Simulation step | step=195
16:53:07.770 | ERROR | EndService - Prediction on image 1552 is incorrect.
16:53:08.195 | SUCCESS | EndService - Prediction on image 4120 is correct.
16:53:08.353 | ECLYPSE | PlacementManager - Placement established | app=ImagePrediction | mapping={'EndService': 'outer_1', 'PredictorService': 'outer_2', 'TrainerService': 'outer_4'}
16:53:08.353 | ECLYPSE | Simulation - Simulation step | step=196
16:53:08.611 | ERROR | EndService - Prediction on image 7532 is incorrect.
16:53:09.043 | SUCCESS | EndService - Prediction on image 1745 is correct.
16:53:09.354 | ECLYPSE | PlacementManager - Placement established | app=ImagePrediction | mapping={'EndService': 'outer_1', 'PredictorService': 'outer_2', 'TrainerService': 'outer_4'}
16:53:09.354 | ECLYPSE | Simulation - Simulation step | step=197
16:53:09.478 | ERROR | EndService - Prediction on image 1649 is incorrect.
16:53:09.898 | SUCCESS | EndService - Prediction on image 7600 is correct.
16:53:10.316 | ERROR | EndService - Prediction on image 4047 is incorrect.
16:53:10.355 | ECLYPSE | PlacementManager - Placement established | app=ImagePrediction | mapping={'EndService': 'outer_1', 'PredictorService': 'outer_2', 'TrainerService': 'outer_4'}
16:53:10.356 | ECLYPSE | Simulation - Simulation step | step=198
16:53:10.733 | ERROR | EndService - Prediction on image 8597 is incorrect.
16:53:11.160 | SUCCESS | EndService - Prediction on image 9345 is correct.
16:53:11.357 | ECLYPSE | PlacementManager - Placement established | app=ImagePrediction | mapping={'EndService': 'outer_1', 'PredictorService': 'outer_2', 'TrainerService': 'outer_4'}
16:53:11.357 | ECLYPSE | Simulation - Simulation step | step=199
16:53:11.587 | ERROR | EndService - Prediction on image 286 is incorrect.
16:53:12.021 | ERROR | EndService - Prediction on image 4430 is incorrect.
16:53:12.358 | ECLYPSE | PlacementManager - Placement established | app=ImagePrediction | mapping={'EndService': 'outer_1', 'PredictorService': 'outer_2', 'TrainerService': 'outer_4'}
16:53:12.358 | ECLYPSE | Simulation - Simulation step | step=200
16:53:12.440 | ERROR | EndService - Prediction on image 6910 is incorrect.
16:53:12.854 | SUCCESS | EndService - Prediction on image 4563 is correct.
16:53:13.287 | SUCCESS | EndService - Prediction on image 690 is correct.
16:53:13.359 | ECLYPSE | PlacementManager - Placement established | app=ImagePrediction | mapping={'EndService': 'outer_1', 'PredictorService': 'outer_2', 'TrainerService': 'outer_4'}
16:53:13.360 | ECLYPSE | Simulation - Simulation step | step=201
16:53:13.697 | ERROR | EndService - Prediction on image 9672 is incorrect.
16:53:14.127 | ERROR | EndService - Prediction on image 4311 is incorrect.
16:53:14.360 | ECLYPSE | PlacementManager - Placement established | app=ImagePrediction | mapping={'EndService': 'outer_1', 'PredictorService': 'outer_2', 'TrainerService': 'outer_4'}
16:53:14.361 | ECLYPSE | Simulation - Simulation step | step=202
16:53:14.563 | SUCCESS | EndService - Prediction on image 4586 is correct.
16:53:14.984 | ERROR | EndService - Prediction on image 9053 is incorrect.
16:53:15.362 | ECLYPSE | PlacementManager - Placement established | app=ImagePrediction | mapping={'EndService': 'outer_1', 'PredictorService': 'outer_2', 'TrainerService': 'outer_4'}
16:53:15.362 | ECLYPSE | Simulation - Simulation step | step=203
16:53:15.397 | ERROR | EndService - Prediction on image 6768 is incorrect.
16:53:15.812 | SUCCESS | EndService - Prediction on image 2705 is correct.
16:53:16.271 | ERROR | EndService - Prediction on image 6705 is incorrect.
16:53:16.363 | ECLYPSE | PlacementManager - Placement established | app=ImagePrediction | mapping={'EndService': 'outer_1', 'PredictorService': 'outer_2', 'TrainerService': 'outer_4'}
16:53:16.364 | ECLYPSE | Simulation - Simulation step | step=204
16:53:16.681 | SUCCESS | EndService - Prediction on image 2391 is correct.
16:53:17.145 | ERROR | EndService - Prediction on image 5782 is incorrect.
16:53:17.364 | ECLYPSE | PlacementManager - Placement established | app=ImagePrediction | mapping={'EndService': 'outer_1', 'PredictorService': 'outer_2', 'TrainerService': 'outer_4'}
16:53:17.365 | ECLYPSE | Simulation - Simulation step | step=205
16:53:17.573 | ERROR | EndService - Prediction on image 4883 is incorrect.
16:53:18.002 | ERROR | EndService - Prediction on image 4025 is incorrect.
16:53:18.366 | ECLYPSE | PlacementManager - Placement established | app=ImagePrediction | mapping={'EndService': 'outer_1', 'PredictorService': 'outer_2', 'TrainerService': 'outer_4'}
16:53:18.366 | ECLYPSE | Simulation - Simulation step | step=206
16:53:18.425 | SUCCESS | EndService - Prediction on image 1126 is correct.
16:53:18.838 | SUCCESS | EndService - Prediction on image 7537 is correct.
16:53:19.277 | ERROR | EndService - Prediction on image 2685 is incorrect.
16:53:19.367 | ECLYPSE | PlacementManager - Placement established | app=ImagePrediction | mapping={'EndService': 'outer_1', 'PredictorService': 'outer_2', 'TrainerService': 'outer_4'}
16:53:19.368 | ECLYPSE | Simulation - Simulation step | step=207
16:53:19.692 | ERROR | EndService - Prediction on image 8794 is incorrect.
16:53:20.133 | ERROR | EndService - Prediction on image 8936 is incorrect.
16:53:20.369 | ECLYPSE | PlacementManager - Placement established | app=ImagePrediction | mapping={'EndService': 'outer_1', 'PredictorService': 'outer_2', 'TrainerService': 'outer_4'}
16:53:20.369 | ECLYPSE | Simulation - Simulation step | step=208
16:53:20.562 | SUCCESS | EndService - Prediction on image 2416 is correct.
16:53:20.982 | SUCCESS | EndService - Prediction on image 5326 is correct.
16:53:21.370 | ECLYPSE | PlacementManager - Placement established | app=ImagePrediction | mapping={'EndService': 'outer_1', 'PredictorService': 'outer_2', 'TrainerService': 'outer_4'}
16:53:21.371 | ECLYPSE | Simulation - Simulation step | step=209
16:53:21.429 | ERROR | EndService - Prediction on image 2870 is incorrect.
16:53:21.842 | ERROR | EndService - Prediction on image 4975 is incorrect.
16:53:22.285 | SUCCESS | EndService - Prediction on image 203 is correct.
16:53:22.371 | ECLYPSE | PlacementManager - Placement established | app=ImagePrediction | mapping={'EndService': 'outer_1', 'PredictorService': 'outer_2', 'TrainerService': 'outer_4'}
16:53:22.372 | ECLYPSE | Simulation - Simulation step | step=210
16:53:22.695 | ERROR | EndService - Prediction on image 2774 is incorrect.
16:53:23.106 | ERROR | EndService - Prediction on image 3711 is incorrect.
16:53:23.373 | ECLYPSE | PlacementManager - Placement established | app=ImagePrediction | mapping={'EndService': 'outer_1', 'PredictorService': 'outer_2', 'TrainerService': 'outer_4'}
16:53:23.373 | ECLYPSE | Simulation - Simulation step | step=211
16:53:23.534 | ERROR | EndService - Prediction on image 2608 is incorrect.
16:53:23.949 | ERROR | EndService - Prediction on image 2182 is incorrect.
16:53:24.374 | ECLYPSE | PlacementManager - Placement established | app=ImagePrediction | mapping={'EndService': 'outer_1', 'PredictorService': 'outer_2', 'TrainerService': 'outer_4'}
16:53:24.374 | ECLYPSE | Simulation - Simulation step | step=212
16:53:24.388 | ERROR | EndService - Prediction on image 82 is incorrect.
16:53:24.806 | ERROR | EndService - Prediction on image 9404 is incorrect.
16:53:25.271 | SUCCESS | EndService - Prediction on image 8581 is correct.
16:53:25.375 | ECLYPSE | PlacementManager - Placement established | app=ImagePrediction | mapping={'EndService': 'outer_1', 'PredictorService': 'outer_2', 'TrainerService': 'outer_4'}
16:53:25.375 | ECLYPSE | Simulation - Simulation step | step=213
16:53:25.689 | ERROR | EndService - Prediction on image 450 is incorrect.
16:53:26.133 | SUCCESS | EndService - Prediction on image 2638 is correct.
16:53:26.376 | ECLYPSE | PlacementManager - Placement established | app=ImagePrediction | mapping={'EndService': 'outer_1', 'PredictorService': 'outer_2', 'TrainerService': 'outer_4'}
16:53:26.376 | ECLYPSE | Simulation - Simulation step | step=214
16:53:26.554 | ERROR | EndService - Prediction on image 384 is incorrect.
16:53:26.989 | ERROR | EndService - Prediction on image 2812 is incorrect.
16:53:27.377 | ECLYPSE | PlacementManager - Placement established | app=ImagePrediction | mapping={'EndService': 'outer_1', 'PredictorService': 'outer_2', 'TrainerService': 'outer_4'}
16:53:27.378 | ECLYPSE | Simulation - Simulation step | step=215
16:53:27.432 | ERROR | EndService - Prediction on image 7905 is incorrect.
16:53:27.769 | WARNING | PredictorService - Model updated.
16:53:27.861 | SUCCESS | EndService - Prediction on image 1711 is correct.
16:53:28.061 | ERROR | EndService - Prediction on image 3463 is incorrect.
16:53:28.253 | SUCCESS | EndService - Prediction on image 4513 is correct.
16:53:28.378 | ECLYPSE | PlacementManager - Placement established | app=ImagePrediction | mapping={'EndService': 'outer_1', 'PredictorService': 'outer_2', 'TrainerService': 'outer_4'}
16:53:28.379 | ECLYPSE | Simulation - Simulation step | step=216
16:53:28.446 | SUCCESS | EndService - Prediction on image 2718 is correct.
16:53:28.630 | SUCCESS | EndService - Prediction on image 8756 is correct.
16:53:28.819 | SUCCESS | EndService - Prediction on image 3621 is correct.
16:53:29.008 | SUCCESS | EndService - Prediction on image 9499 is correct.
16:53:29.206 | SUCCESS | EndService - Prediction on image 3426 is correct.
16:53:29.380 | ECLYPSE | PlacementManager - Placement established | app=ImagePrediction | mapping={'EndService': 'outer_1', 'PredictorService': 'outer_2', 'TrainerService': 'outer_4'}
16:53:29.380 | ECLYPSE | Simulation - Simulation step | step=217
16:53:29.406 | SUCCESS | EndService - Prediction on image 6374 is correct.
16:53:29.595 | SUCCESS | EndService - Prediction on image 2045 is correct.
16:53:29.780 | SUCCESS | EndService - Prediction on image 6105 is correct.
16:53:29.990 | ERROR | EndService - Prediction on image 7521 is incorrect.
16:53:30.191 | SUCCESS | EndService - Prediction on image 3569 is correct.
16:53:30.381 | ECLYPSE | PlacementManager - Placement established | app=ImagePrediction | mapping={'EndService': 'outer_1', 'PredictorService': 'outer_2', 'TrainerService': 'outer_4'}
16:53:30.381 | ECLYPSE | Simulation - Simulation step | step=218
16:53:30.403 | SUCCESS | EndService - Prediction on image 8994 is correct.
16:53:30.590 | ERROR | EndService - Prediction on image 2895 is incorrect.
16:53:30.774 | SUCCESS | EndService - Prediction on image 695 is correct.
16:53:30.961 | SUCCESS | EndService - Prediction on image 2226 is correct.
16:53:31.162 | SUCCESS | EndService - Prediction on image 7367 is correct.
16:53:31.351 | ERROR | EndService - Prediction on image 9372 is incorrect.
16:53:31.382 | ECLYPSE | PlacementManager - Placement established | app=ImagePrediction | mapping={'EndService': 'outer_1', 'PredictorService': 'outer_2', 'TrainerService': 'outer_4'}
16:53:31.382 | ECLYPSE | Simulation - Simulation step | step=219
16:53:31.544 | ERROR | EndService - Prediction on image 8961 is incorrect.
16:53:31.725 | ERROR | EndService - Prediction on image 1553 is incorrect.
16:53:31.919 | ERROR | EndService - Prediction on image 8322 is incorrect.
16:53:32.116 | ERROR | EndService - Prediction on image 6983 is incorrect.
16:53:32.311 | SUCCESS | EndService - Prediction on image 3075 is correct.
16:53:32.383 | ECLYPSE | PlacementManager - Placement established | app=ImagePrediction | mapping={'EndService': 'outer_1', 'PredictorService': 'outer_2', 'TrainerService': 'outer_4'}
16:53:32.384 | ECLYPSE | Simulation - Simulation step | step=220
16:53:32.535 | SUCCESS | EndService - Prediction on image 7271 is correct.
16:53:32.719 | SUCCESS | EndService - Prediction on image 7517 is correct.
16:53:32.913 | SUCCESS | EndService - Prediction on image 9594 is correct.
16:53:33.107 | SUCCESS | EndService - Prediction on image 686 is correct.
16:53:33.299 | SUCCESS | EndService - Prediction on image 5589 is correct.
16:53:33.385 | ECLYPSE | PlacementManager - Placement established | app=ImagePrediction | mapping={'EndService': 'outer_1', 'PredictorService': 'outer_2', 'TrainerService': 'outer_4'}
16:53:33.385 | ECLYPSE | Simulation - Simulation step | step=221
16:53:33.487 | ERROR | EndService - Prediction on image 882 is incorrect.
16:53:33.905 | SUCCESS | EndService - Prediction on image 6726 is correct.
16:53:34.324 | SUCCESS | EndService - Prediction on image 3982 is correct.
16:53:34.386 | ECLYPSE | PlacementManager - Placement established | app=ImagePrediction | mapping={'EndService': 'outer_1', 'PredictorService': 'outer_2', 'TrainerService': 'outer_4'}
16:53:34.386 | ECLYPSE | Simulation - Simulation step | step=222
16:53:34.740 | SUCCESS | EndService - Prediction on image 6617 is correct.
16:53:35.162 | ERROR | EndService - Prediction on image 5302 is incorrect.
16:53:35.387 | ECLYPSE | PlacementManager - Placement established | app=ImagePrediction | mapping={'EndService': 'outer_1', 'PredictorService': 'outer_2', 'TrainerService': 'outer_4'}
16:53:35.388 | ECLYPSE | Simulation - Simulation step | step=223
16:53:35.590 | SUCCESS | EndService - Prediction on image 5193 is correct.
16:53:36.030 | SUCCESS | EndService - Prediction on image 3560 is correct.
16:53:36.389 | ECLYPSE | PlacementManager - Placement established | app=ImagePrediction | mapping={'EndService': 'outer_1', 'PredictorService': 'outer_2', 'TrainerService': 'outer_4'}
16:53:36.389 | ECLYPSE | Simulation - Simulation step | step=224
16:53:36.468 | SUCCESS | EndService - Prediction on image 8306 is correct.
16:53:36.882 | ERROR | EndService - Prediction on image 284 is incorrect.
16:53:37.320 | ERROR | EndService - Prediction on image 2731 is incorrect.
16:53:37.390 | ECLYPSE | PlacementManager - Placement established | app=ImagePrediction | mapping={'EndService': 'outer_1', 'PredictorService': 'outer_2', 'TrainerService': 'outer_4'}
16:53:37.391 | ECLYPSE | Simulation - Simulation step | step=225
16:53:37.735 | SUCCESS | EndService - Prediction on image 9875 is correct.
16:53:38.177 | SUCCESS | EndService - Prediction on image 804 is correct.
16:53:38.391 | ECLYPSE | PlacementManager - Placement established | app=ImagePrediction | mapping={'EndService': 'outer_1', 'PredictorService': 'outer_2', 'TrainerService': 'outer_4'}
16:53:38.392 | ECLYPSE | Simulation - Simulation step | step=226
16:53:38.596 | SUCCESS | EndService - Prediction on image 6270 is correct.
16:53:39.010 | SUCCESS | EndService - Prediction on image 1295 is correct.
16:53:39.393 | ECLYPSE | PlacementManager - Placement established | app=ImagePrediction | mapping={'EndService': 'outer_1', 'PredictorService': 'outer_2', 'TrainerService': 'outer_4'}
16:53:39.393 | ECLYPSE | Simulation - Simulation step | step=227
16:53:39.438 | SUCCESS | EndService - Prediction on image 1947 is correct.
16:53:39.848 | SUCCESS | EndService - Prediction on image 4668 is correct.
16:53:40.277 | SUCCESS | EndService - Prediction on image 6675 is correct.
16:53:40.394 | ECLYPSE | PlacementManager - Placement established | app=ImagePrediction | mapping={'EndService': 'outer_1', 'PredictorService': 'outer_2', 'TrainerService': 'outer_4'}
16:53:40.396 | ECLYPSE | Simulation - Simulation step | step=228
16:53:40.717 | ERROR | EndService - Prediction on image 9974 is incorrect.
16:53:41.148 | SUCCESS | EndService - Prediction on image 8379 is correct.
16:53:41.396 | ECLYPSE | PlacementManager - Placement established | app=ImagePrediction | mapping={'EndService': 'outer_1', 'PredictorService': 'outer_2', 'TrainerService': 'outer_4'}
16:53:41.397 | ECLYPSE | Simulation - Simulation step | step=229
16:53:41.578 | SUCCESS | EndService - Prediction on image 8083 is correct.
16:53:41.998 | SUCCESS | EndService - Prediction on image 6340 is correct.
16:53:42.398 | ECLYPSE | PlacementManager - Placement established | app=ImagePrediction | mapping={'EndService': 'outer_1', 'PredictorService': 'outer_2', 'TrainerService': 'outer_4'}
16:53:42.398 | ECLYPSE | Simulation - Simulation step | step=230
16:53:42.416 | SUCCESS | EndService - Prediction on image 5582 is correct.
16:53:42.824 | SUCCESS | EndService - Prediction on image 459 is correct.
16:53:43.256 | SUCCESS | EndService - Prediction on image 7701 is correct.
16:53:43.399 | ECLYPSE | PlacementManager - Placement established | app=ImagePrediction | mapping={'EndService': 'outer_1', 'PredictorService': 'outer_2', 'TrainerService': 'outer_4'}
16:53:43.400 | ECLYPSE | Simulation - Simulation step | step=231
16:53:43.702 | ERROR | EndService - Prediction on image 217 is incorrect.
16:53:44.120 | SUCCESS | EndService - Prediction on image 9699 is correct.
16:53:44.400 | ECLYPSE | PlacementManager - Placement established | app=ImagePrediction | mapping={'EndService': 'outer_1', 'PredictorService': 'outer_2', 'TrainerService': 'outer_4'}
16:53:44.401 | ECLYPSE | Simulation - Simulation step | step=232
16:53:44.541 | SUCCESS | EndService - Prediction on image 2383 is correct.
16:53:44.987 | SUCCESS | EndService - Prediction on image 6678 is correct.
16:53:45.402 | ECLYPSE | PlacementManager - Placement established | app=ImagePrediction | mapping={'EndService': 'outer_1', 'PredictorService': 'outer_2', 'TrainerService': 'outer_4'}
16:53:45.402 | ECLYPSE | Simulation - Simulation step | step=233
16:53:45.417 | SUCCESS | EndService - Prediction on image 8409 is correct.
16:53:45.824 | ERROR | EndService - Prediction on image 8466 is incorrect.
16:53:46.254 | ERROR | EndService - Prediction on image 8477 is incorrect.
16:53:46.403 | ECLYPSE | PlacementManager - Placement established | app=ImagePrediction | mapping={'EndService': 'outer_1', 'PredictorService': 'outer_2', 'TrainerService': 'outer_4'}
16:53:46.404 | ECLYPSE | Simulation - Simulation step | step=234
16:53:46.670 | ERROR | EndService - Prediction on image 2598 is incorrect.
16:53:47.131 | SUCCESS | EndService - Prediction on image 7634 is correct.
16:53:47.404 | ECLYPSE | PlacementManager - Placement established | app=ImagePrediction | mapping={'EndService': 'outer_1', 'PredictorService': 'outer_2', 'TrainerService': 'outer_4'}
16:53:47.405 | ECLYPSE | Simulation - Simulation step | step=235
16:53:47.569 | SUCCESS | EndService - Prediction on image 9994 is correct.
16:53:47.986 | ERROR | EndService - Prediction on image 467 is incorrect.
16:53:48.406 | ECLYPSE | PlacementManager - Placement established | app=ImagePrediction | mapping={'EndService': 'outer_1', 'PredictorService': 'outer_2', 'TrainerService': 'outer_4'}
16:53:48.406 | ECLYPSE | Simulation - Simulation step | step=236
16:53:48.408 | SUCCESS | EndService - Prediction on image 7820 is correct.
16:53:48.826 | ERROR | EndService - Prediction on image 1086 is incorrect.
16:53:49.252 | SUCCESS | EndService - Prediction on image 6335 is correct.
16:53:49.407 | ECLYPSE | PlacementManager - Placement established | app=ImagePrediction | mapping={'EndService': 'outer_1', 'PredictorService': 'outer_2', 'TrainerService': 'outer_4'}
16:53:49.407 | ECLYPSE | Simulation - Simulation step | step=237
16:53:49.686 | SUCCESS | EndService - Prediction on image 164 is correct.
16:53:50.107 | SUCCESS | EndService - Prediction on image 4189 is correct.
16:53:50.408 | ECLYPSE | PlacementManager - Placement established | app=ImagePrediction | mapping={'EndService': 'outer_1', 'PredictorService': 'outer_2', 'TrainerService': 'outer_4'}
16:53:50.409 | ECLYPSE | Simulation - Simulation step | step=238
16:53:50.523 | ERROR | EndService - Prediction on image 3189 is incorrect.
16:53:50.934 | SUCCESS | EndService - Prediction on image 3837 is correct.
16:53:51.363 | SUCCESS | EndService - Prediction on image 25 is correct.
16:53:51.409 | ECLYPSE | PlacementManager - Placement established | app=ImagePrediction | mapping={'EndService': 'outer_1', 'PredictorService': 'outer_2', 'TrainerService': 'outer_4'}
16:53:51.410 | ECLYPSE | Simulation - Simulation step | step=239
16:53:51.781 | SUCCESS | EndService - Prediction on image 7669 is correct.
16:53:52.216 | SUCCESS | EndService - Prediction on image 3489 is correct.
16:53:52.411 | ECLYPSE | PlacementManager - Placement established | app=ImagePrediction | mapping={'EndService': 'outer_1', 'PredictorService': 'outer_2', 'TrainerService': 'outer_4'}
16:53:52.411 | ECLYPSE | Simulation - Simulation step | step=240
16:53:52.639 | SUCCESS | EndService - Prediction on image 1846 is correct.
16:53:53.065 | SUCCESS | EndService - Prediction on image 8056 is correct.
16:53:53.412 | ECLYPSE | PlacementManager - Placement established | app=ImagePrediction | mapping={'EndService': 'outer_1', 'PredictorService': 'outer_2', 'TrainerService': 'outer_4'}
16:53:53.412 | ECLYPSE | Simulation - Simulation step | step=241
16:53:53.509 | SUCCESS | EndService - Prediction on image 9220 is correct.
16:53:53.928 | SUCCESS | EndService - Prediction on image 9549 is correct.
16:53:54.364 | SUCCESS | EndService - Prediction on image 2384 is correct.
16:53:54.413 | ECLYPSE | PlacementManager - Placement established | app=ImagePrediction | mapping={'EndService': 'outer_1', 'PredictorService': 'outer_2', 'TrainerService': 'outer_4'}
16:53:54.413 | ECLYPSE | Simulation - Simulation step | step=242
16:53:54.806 | SUCCESS | EndService - Prediction on image 2373 is correct.
16:53:55.233 | SUCCESS | EndService - Prediction on image 529 is correct.
16:53:55.414 | ECLYPSE | PlacementManager - Placement established | app=ImagePrediction | mapping={'EndService': 'outer_1', 'PredictorService': 'outer_2', 'TrainerService': 'outer_4'}
16:53:55.415 | ECLYPSE | Simulation - Simulation step | step=243
16:53:55.673 | ERROR | EndService - Prediction on image 9675 is incorrect.
16:53:56.132 | ERROR | EndService - Prediction on image 2758 is incorrect.
16:53:56.415 | ECLYPSE | PlacementManager - Placement established | app=ImagePrediction | mapping={'EndService': 'outer_1', 'PredictorService': 'outer_2', 'TrainerService': 'outer_4'}
16:53:56.416 | ECLYPSE | Simulation - Simulation step | step=244
16:53:56.567 | SUCCESS | EndService - Prediction on image 3999 is correct.
16:53:56.999 | SUCCESS | EndService - Prediction on image 4801 is correct.
16:53:57.414 | SUCCESS | EndService - Prediction on image 5042 is correct.
16:53:57.416 | ECLYPSE | PlacementManager - Placement established | app=ImagePrediction | mapping={'EndService': 'outer_1', 'PredictorService': 'outer_2', 'TrainerService': 'outer_4'}
16:53:57.417 | ECLYPSE | Simulation - Simulation step | step=245
16:53:57.834 | SUCCESS | EndService - Prediction on image 1007 is correct.
16:53:58.266 | ERROR | EndService - Prediction on image 6651 is incorrect.
16:53:58.418 | ECLYPSE | PlacementManager - Placement established | app=ImagePrediction | mapping={'EndService': 'outer_1', 'PredictorService': 'outer_2', 'TrainerService': 'outer_4'}
16:53:58.418 | ECLYPSE | Simulation - Simulation step | step=246
16:53:58.698 | SUCCESS | EndService - Prediction on image 5596 is correct.
16:53:59.135 | SUCCESS | EndService - Prediction on image 5513 is correct.
16:53:59.419 | ECLYPSE | PlacementManager - Placement established | app=ImagePrediction | mapping={'EndService': 'outer_1', 'PredictorService': 'outer_2', 'TrainerService': 'outer_4'}
16:53:59.420 | ECLYPSE | Simulation - Simulation step | step=247
16:53:59.556 | ERROR | EndService - Prediction on image 2406 is incorrect.
16:53:59.980 | SUCCESS | EndService - Prediction on image 2421 is correct.
16:54:00.406 | SUCCESS | EndService - Prediction on image 9143 is correct.
16:54:00.420 | ECLYPSE | PlacementManager - Placement established | app=ImagePrediction | mapping={'EndService': 'outer_1', 'PredictorService': 'outer_2', 'TrainerService': 'outer_4'}
16:54:00.421 | ECLYPSE | Simulation - Simulation step | step=248
16:54:00.820 | ERROR | EndService - Prediction on image 7724 is incorrect.
16:54:01.236 | SUCCESS | EndService - Prediction on image 5455 is correct.
16:54:01.421 | ECLYPSE | PlacementManager - Placement established | app=ImagePrediction | mapping={'EndService': 'outer_1', 'PredictorService': 'outer_2', 'TrainerService': 'outer_4'}
16:54:01.422 | ECLYPSE | Simulation - Simulation step | step=249
16:54:01.655 | SUCCESS | EndService - Prediction on image 2723 is correct.
16:54:02.095 | SUCCESS | EndService - Prediction on image 4524 is correct.
16:54:02.423 | ECLYPSE | PlacementManager - Placement established | app=ImagePrediction | mapping={'EndService': 'outer_1', 'PredictorService': 'outer_2', 'TrainerService': 'outer_4'}
16:54:02.423 | ECLYPSE | Simulation - Simulation step | step=250
16:54:02.515 | SUCCESS | EndService - Prediction on image 5429 is correct.
16:54:02.926 | ERROR | EndService - Prediction on image 3923 is incorrect.
16:54:03.355 | SUCCESS | EndService - Prediction on image 8892 is correct.
16:54:03.424 | ECLYPSE | PlacementManager - Placement established | app=ImagePrediction | mapping={'EndService': 'outer_1', 'PredictorService': 'outer_2', 'TrainerService': 'outer_4'}
16:54:03.425 | ECLYPSE | Simulation - Simulation step | step=251
16:54:03.771 | SUCCESS | EndService - Prediction on image 6902 is correct.
16:54:04.235 | SUCCESS | EndService - Prediction on image 6685 is correct.
16:54:04.426 | ECLYPSE | PlacementManager - Placement established | app=ImagePrediction | mapping={'EndService': 'outer_1', 'PredictorService': 'outer_2', 'TrainerService': 'outer_4'}
16:54:04.426 | ECLYPSE | Simulation - Simulation step | step=252
16:54:04.667 | SUCCESS | EndService - Prediction on image 6459 is correct.
16:54:05.094 | SUCCESS | EndService - Prediction on image 3137 is correct.
16:54:05.427 | ECLYPSE | PlacementManager - Placement established | app=ImagePrediction | mapping={'EndService': 'outer_1', 'PredictorService': 'outer_2', 'TrainerService': 'outer_4'}
16:54:05.427 | ECLYPSE | Simulation - Simulation step | step=253
16:54:05.530 | ERROR | EndService - Prediction on image 7818 is incorrect.
16:54:05.945 | ERROR | EndService - Prediction on image 299 is incorrect.
16:54:06.392 | SUCCESS | EndService - Prediction on image 808 is correct.
16:54:06.428 | ECLYPSE | PlacementManager - Placement established | app=ImagePrediction | mapping={'EndService': 'outer_1', 'PredictorService': 'outer_2', 'TrainerService': 'outer_4'}
16:54:06.428 | ECLYPSE | Simulation - Simulation step | step=254
16:54:06.814 | SUCCESS | EndService - Prediction on image 6979 is correct.
16:54:07.252 | ERROR | EndService - Prediction on image 2410 is incorrect.
16:54:07.429 | ECLYPSE | PlacementManager - Placement established | app=ImagePrediction | mapping={'EndService': 'outer_1', 'PredictorService': 'outer_2', 'TrainerService': 'outer_4'}
16:54:07.430 | ECLYPSE | Simulation - Simulation step | step=255
16:54:07.711 | ERROR | EndService - Prediction on image 8463 is incorrect.
16:54:08.153 | SUCCESS | EndService - Prediction on image 1310 is correct.
16:54:08.430 | ECLYPSE | PlacementManager - Placement established | app=ImagePrediction | mapping={'EndService': 'outer_1', 'PredictorService': 'outer_2', 'TrainerService': 'outer_4'}
16:54:08.431 | ECLYPSE | Simulation - Simulation step | step=256
16:54:08.591 | SUCCESS | EndService - Prediction on image 4069 is correct.
16:54:09.025 | ERROR | EndService - Prediction on image 8204 is incorrect.
16:54:09.432 | ECLYPSE | PlacementManager - Placement established | app=ImagePrediction | mapping={'EndService': 'outer_1', 'PredictorService': 'outer_2', 'TrainerService': 'outer_4'}
16:54:09.432 | ECLYPSE | Simulation - Simulation step | step=257
16:54:09.446 | ERROR | EndService - Prediction on image 7613 is incorrect.
16:54:09.861 | SUCCESS | EndService - Prediction on image 1489 is correct.
16:54:10.301 | SUCCESS | EndService - Prediction on image 8350 is correct.
16:54:10.433 | ECLYPSE | PlacementManager - Placement established | app=ImagePrediction | mapping={'EndService': 'outer_1', 'PredictorService': 'outer_2', 'TrainerService': 'outer_4'}
16:54:10.434 | ECLYPSE | Simulation - Simulation step | step=258
16:54:10.725 | SUCCESS | EndService - Prediction on image 8651 is correct.
16:54:11.156 | SUCCESS | EndService - Prediction on image 3578 is correct.
16:54:11.434 | ECLYPSE | PlacementManager - Placement established | app=ImagePrediction | mapping={'EndService': 'outer_1', 'PredictorService': 'outer_2', 'TrainerService': 'outer_4'}
16:54:11.435 | ECLYPSE | Simulation - Simulation step | step=259
16:54:11.586 | ERROR | EndService - Prediction on image 3901 is incorrect.
16:54:12.003 | ERROR | EndService - Prediction on image 8625 is incorrect.
16:54:12.424 | ERROR | EndService - Prediction on image 3234 is incorrect.
16:54:12.436 | ECLYPSE | PlacementManager - Placement established | app=ImagePrediction | mapping={'EndService': 'outer_1', 'PredictorService': 'outer_2', 'TrainerService': 'outer_4'}
16:54:12.437 | ECLYPSE | Simulation - Simulation step | step=260
16:54:12.848 | SUCCESS | EndService - Prediction on image 1037 is correct.
16:54:13.304 | ERROR | EndService - Prediction on image 2985 is incorrect.
16:54:13.437 | ECLYPSE | PlacementManager - Placement established | app=ImagePrediction | mapping={'EndService': 'outer_1', 'PredictorService': 'outer_2', 'TrainerService': 'outer_4'}
16:54:13.438 | ECLYPSE | Simulation - Simulation step | step=261
16:54:13.733 | ERROR | EndService - Prediction on image 7301 is incorrect.
16:54:14.165 | SUCCESS | EndService - Prediction on image 2174 is correct.
16:54:14.439 | ECLYPSE | PlacementManager - Placement established | app=ImagePrediction | mapping={'EndService': 'outer_1', 'PredictorService': 'outer_2', 'TrainerService': 'outer_4'}
16:54:14.439 | ECLYPSE | Simulation - Simulation step | step=262
16:54:14.580 | ERROR | EndService - Prediction on image 4658 is incorrect.
16:54:14.994 | SUCCESS | EndService - Prediction on image 5407 is correct.
16:54:15.433 | ERROR | EndService - Prediction on image 4078 is incorrect.
16:54:15.440 | ECLYPSE | PlacementManager - Placement established | app=ImagePrediction | mapping={'EndService': 'outer_1', 'PredictorService': 'outer_2', 'TrainerService': 'outer_4'}
16:54:15.441 | ECLYPSE | Simulation - Simulation step | step=263
16:54:15.852 | SUCCESS | EndService - Prediction on image 9458 is correct.
16:54:16.281 | ERROR | EndService - Prediction on image 4008 is incorrect.
16:54:16.442 | ECLYPSE | PlacementManager - Placement established | app=ImagePrediction | mapping={'EndService': 'outer_1', 'PredictorService': 'outer_2', 'TrainerService': 'outer_4'}
16:54:16.442 | ECLYPSE | Simulation - Simulation step | step=264
16:54:16.706 | ERROR | EndService - Prediction on image 5676 is incorrect.
16:54:17.139 | ERROR | EndService - Prediction on image 3525 is incorrect.
16:54:17.443 | ECLYPSE | PlacementManager - Placement established | app=ImagePrediction | mapping={'EndService': 'outer_1', 'PredictorService': 'outer_2', 'TrainerService': 'outer_4'}
16:54:17.444 | ECLYPSE | Simulation - Simulation step | step=265
16:54:17.573 | SUCCESS | EndService - Prediction on image 8032 is correct.
16:54:17.992 | ERROR | EndService - Prediction on image 1580 is incorrect.
16:54:18.431 | SUCCESS | EndService - Prediction on image 6681 is correct.
16:54:18.444 | ECLYPSE | PlacementManager - Placement established | app=ImagePrediction | mapping={'EndService': 'outer_1', 'PredictorService': 'outer_2', 'TrainerService': 'outer_4'}
16:54:18.445 | ECLYPSE | Simulation - Simulation step | step=266
16:54:18.858 | SUCCESS | EndService - Prediction on image 550 is correct.
16:54:19.308 | SUCCESS | EndService - Prediction on image 5695 is correct.
16:54:19.446 | ECLYPSE | PlacementManager - Placement established | app=ImagePrediction | mapping={'EndService': 'outer_1', 'PredictorService': 'outer_2', 'TrainerService': 'outer_4'}
16:54:19.446 | ECLYPSE | Simulation - Simulation step | step=267
16:54:19.724 | ERROR | EndService - Prediction on image 9552 is incorrect.
16:54:20.163 | SUCCESS | EndService - Prediction on image 1522 is correct.
16:54:20.447 | ECLYPSE | PlacementManager - Placement established | app=ImagePrediction | mapping={'EndService': 'outer_1', 'PredictorService': 'outer_2', 'TrainerService': 'outer_4'}
16:54:20.447 | ECLYPSE | Simulation - Simulation step | step=268
16:54:20.582 | SUCCESS | EndService - Prediction on image 7526 is correct.
16:54:21.005 | SUCCESS | EndService - Prediction on image 2528 is correct.
16:54:21.443 | ERROR | EndService - Prediction on image 4368 is incorrect.
16:54:21.448 | ECLYPSE | PlacementManager - Placement established | app=ImagePrediction | mapping={'EndService': 'outer_1', 'PredictorService': 'outer_2', 'TrainerService': 'outer_4'}
16:54:21.448 | ECLYPSE | Simulation - Simulation step | step=269
16:54:21.864 | SUCCESS | EndService - Prediction on image 9463 is correct.
16:54:22.301 | SUCCESS | EndService - Prediction on image 1080 is correct.
16:54:22.449 | ECLYPSE | PlacementManager - Placement established | app=ImagePrediction | mapping={'EndService': 'outer_1', 'PredictorService': 'outer_2', 'TrainerService': 'outer_4'}
16:54:22.450 | ECLYPSE | Simulation - Simulation step | step=270
16:54:22.743 | ERROR | EndService - Prediction on image 1143 is incorrect.
16:54:23.184 | ERROR | EndService - Prediction on image 9234 is incorrect.
16:54:23.450 | ECLYPSE | PlacementManager - Placement established | app=ImagePrediction | mapping={'EndService': 'outer_1', 'PredictorService': 'outer_2', 'TrainerService': 'outer_4'}
16:54:23.451 | ECLYPSE | Simulation - Simulation step | step=271
16:54:23.602 | ERROR | EndService - Prediction on image 8028 is incorrect.
16:54:24.018 | SUCCESS | EndService - Prediction on image 1906 is correct.
16:54:24.444 | SUCCESS | EndService - Prediction on image 5186 is correct.
16:54:24.451 | ECLYPSE | PlacementManager - Placement established | app=ImagePrediction | mapping={'EndService': 'outer_1', 'PredictorService': 'outer_2', 'TrainerService': 'outer_4'}
16:54:24.452 | ECLYPSE | Simulation - Simulation step | step=272
16:54:24.860 | ERROR | EndService - Prediction on image 9646 is incorrect.
16:54:25.289 | ERROR | EndService - Prediction on image 4712 is incorrect.
16:54:25.453 | ECLYPSE | PlacementManager - Placement established | app=ImagePrediction | mapping={'EndService': 'outer_1', 'PredictorService': 'outer_2', 'TrainerService': 'outer_4'}
16:54:25.454 | ECLYPSE | Simulation - Simulation step | step=273
16:54:25.712 | ERROR | EndService - Prediction on image 602 is incorrect.
16:54:26.141 | SUCCESS | EndService - Prediction on image 8623 is correct.
16:54:26.455 | ECLYPSE | PlacementManager - Placement established | app=ImagePrediction | mapping={'EndService': 'outer_1', 'PredictorService': 'outer_2', 'TrainerService': 'outer_4'}
16:54:26.455 | ECLYPSE | Simulation - Simulation step | step=274
16:54:26.584 | SUCCESS | EndService - Prediction on image 3212 is correct.
16:54:27.012 | ERROR | EndService - Prediction on image 3023 is incorrect.
16:54:27.455 | SUCCESS | EndService - Prediction on image 7949 is correct.
16:54:27.457 | ECLYPSE | PlacementManager - Placement established | app=ImagePrediction | mapping={'EndService': 'outer_1', 'PredictorService': 'outer_2', 'TrainerService': 'outer_4'}
16:54:27.458 | ECLYPSE | Simulation - Simulation step | step=275
16:54:27.872 | SUCCESS | EndService - Prediction on image 8541 is correct.
16:54:28.307 | SUCCESS | EndService - Prediction on image 2678 is correct.
16:54:28.459 | ECLYPSE | PlacementManager - Placement established | app=ImagePrediction | mapping={'EndService': 'outer_1', 'PredictorService': 'outer_2', 'TrainerService': 'outer_4'}
16:54:28.459 | ECLYPSE | Simulation - Simulation step | step=276
16:54:28.749 | SUCCESS | EndService - Prediction on image 929 is correct.
16:54:29.190 | SUCCESS | EndService - Prediction on image 9448 is correct.
16:54:29.460 | ECLYPSE | PlacementManager - Placement established | app=ImagePrediction | mapping={'EndService': 'outer_1', 'PredictorService': 'outer_2', 'TrainerService': 'outer_4'}
16:54:29.460 | ECLYPSE | Simulation - Simulation step | step=277
16:54:29.617 | ERROR | EndService - Prediction on image 789 is incorrect.
16:54:30.036 | SUCCESS | EndService - Prediction on image 5748 is correct.
16:54:30.461 | ECLYPSE | PlacementManager - Placement established | app=ImagePrediction | mapping={'EndService': 'outer_1', 'PredictorService': 'outer_2', 'TrainerService': 'outer_4'}
16:54:30.462 | ECLYPSE | Simulation - Simulation step | step=278
16:54:30.467 | SUCCESS | EndService - Prediction on image 3027 is correct.
16:54:30.887 | SUCCESS | EndService - Prediction on image 7193 is correct.
16:54:31.331 | SUCCESS | EndService - Prediction on image 8794 is correct.
16:54:31.462 | ECLYPSE | PlacementManager - Placement established | app=ImagePrediction | mapping={'EndService': 'outer_1', 'PredictorService': 'outer_2', 'TrainerService': 'outer_4'}
16:54:31.463 | ECLYPSE | Simulation - Simulation step | step=279
16:54:31.765 | SUCCESS | EndService - Prediction on image 3640 is correct.
16:54:32.211 | SUCCESS | EndService - Prediction on image 3290 is correct.
16:54:32.464 | ECLYPSE | PlacementManager - Placement established | app=ImagePrediction | mapping={'EndService': 'outer_1', 'PredictorService': 'outer_2', 'TrainerService': 'outer_4'}
16:54:32.464 | ECLYPSE | Simulation - Simulation step | step=280
16:54:32.640 | SUCCESS | EndService - Prediction on image 2277 is correct.
16:54:33.055 | SUCCESS | EndService - Prediction on image 9258 is correct.
16:54:33.465 | ECLYPSE | PlacementManager - Placement established | app=ImagePrediction | mapping={'EndService': 'outer_1', 'PredictorService': 'outer_2', 'TrainerService': 'outer_4'}
16:54:33.465 | ECLYPSE | Simulation - Simulation step | step=281
16:54:33.488 | SUCCESS | EndService - Prediction on image 5114 is correct.
16:54:33.911 | ERROR | EndService - Prediction on image 7872 is incorrect.
16:54:34.348 | ERROR | EndService - Prediction on image 4177 is incorrect.
16:54:34.466 | ECLYPSE | PlacementManager - Placement established | app=ImagePrediction | mapping={'EndService': 'outer_1', 'PredictorService': 'outer_2', 'TrainerService': 'outer_4'}
16:54:34.467 | ECLYPSE | Simulation - Simulation step | step=282
16:54:34.782 | SUCCESS | EndService - Prediction on image 964 is correct.
16:54:35.228 | SUCCESS | EndService - Prediction on image 7686 is correct.
16:54:35.468 | ECLYPSE | PlacementManager - Placement established | app=ImagePrediction | mapping={'EndService': 'outer_1', 'PredictorService': 'outer_2', 'TrainerService': 'outer_4'}
16:54:35.469 | ECLYPSE | Simulation - Simulation step | step=283
16:54:35.653 | SUCCESS | EndService - Prediction on image 9908 is correct.
16:54:36.072 | SUCCESS | EndService - Prediction on image 2221 is correct.
16:54:36.469 | ECLYPSE | PlacementManager - Placement established | app=ImagePrediction | mapping={'EndService': 'outer_1', 'PredictorService': 'outer_2', 'TrainerService': 'outer_4'}
16:54:36.470 | ECLYPSE | Simulation - Simulation step | step=284
16:54:36.507 | SUCCESS | EndService - Prediction on image 7728 is correct.
16:54:36.918 | SUCCESS | EndService - Prediction on image 9474 is correct.
16:54:37.352 | SUCCESS | EndService - Prediction on image 3476 is correct.
16:54:37.471 | ECLYPSE | PlacementManager - Placement established | app=ImagePrediction | mapping={'EndService': 'outer_1', 'PredictorService': 'outer_2', 'TrainerService': 'outer_4'}
16:54:37.471 | ECLYPSE | Simulation - Simulation step | step=285
16:54:37.784 | ERROR | EndService - Prediction on image 4873 is incorrect.
16:54:38.215 | ERROR | EndService - Prediction on image 6452 is incorrect.
16:54:38.472 | ECLYPSE | PlacementManager - Placement established | app=ImagePrediction | mapping={'EndService': 'outer_1', 'PredictorService': 'outer_2', 'TrainerService': 'outer_4'}
16:54:38.472 | ECLYPSE | Simulation - Simulation step | step=286
16:54:38.638 | SUCCESS | EndService - Prediction on image 2613 is correct.
16:54:39.063 | ERROR | EndService - Prediction on image 1969 is incorrect.
16:54:39.473 | ECLYPSE | PlacementManager - Placement established | app=ImagePrediction | mapping={'EndService': 'outer_1', 'PredictorService': 'outer_2', 'TrainerService': 'outer_4'}
16:54:39.474 | ECLYPSE | Simulation - Simulation step | step=287
16:54:39.481 | ERROR | EndService - Prediction on image 9783 is incorrect.
16:54:39.897 | ERROR | EndService - Prediction on image 6341 is incorrect.
16:54:40.331 | SUCCESS | EndService - Prediction on image 4208 is correct.
16:54:40.475 | ECLYPSE | PlacementManager - Placement established | app=ImagePrediction | mapping={'EndService': 'outer_1', 'PredictorService': 'outer_2', 'TrainerService': 'outer_4'}
16:54:40.475 | ECLYPSE | Simulation - Simulation step | step=288
16:54:40.766 | SUCCESS | EndService - Prediction on image 5196 is correct.
16:54:41.200 | SUCCESS | EndService - Prediction on image 7336 is correct.
16:54:41.476 | ECLYPSE | PlacementManager - Placement established | app=ImagePrediction | mapping={'EndService': 'outer_1', 'PredictorService': 'outer_2', 'TrainerService': 'outer_4'}
16:54:41.477 | ECLYPSE | Simulation - Simulation step | step=289
16:54:41.631 | ERROR | EndService - Prediction on image 5668 is incorrect.
16:54:42.048 | SUCCESS | EndService - Prediction on image 3660 is correct.
16:54:42.477 | ECLYPSE | PlacementManager - Placement established | app=ImagePrediction | mapping={'EndService': 'outer_1', 'PredictorService': 'outer_2', 'TrainerService': 'outer_4'}
16:54:42.478 | ECLYPSE | Simulation - Simulation step | step=290
16:54:42.482 | ERROR | EndService - Prediction on image 7413 is incorrect.
16:54:42.893 | SUCCESS | EndService - Prediction on image 4815 is correct.
16:54:43.309 | ERROR | EndService - Prediction on image 671 is incorrect.
16:54:43.478 | ECLYPSE | PlacementManager - Placement established | app=ImagePrediction | mapping={'EndService': 'outer_1', 'PredictorService': 'outer_2', 'TrainerService': 'outer_4'}
16:54:43.479 | ECLYPSE | Simulation - Simulation step | step=291
16:54:43.725 | ERROR | EndService - Prediction on image 5078 is incorrect.
16:54:44.153 | SUCCESS | EndService - Prediction on image 768 is correct.
16:54:44.481 | ECLYPSE | PlacementManager - Placement established | app=ImagePrediction | mapping={'EndService': 'outer_1', 'PredictorService': 'outer_2', 'TrainerService': 'outer_4'}
16:54:44.482 | ECLYPSE | Simulation - Simulation step | step=292
16:54:44.570 | ERROR | EndService - Prediction on image 3102 is incorrect.
16:54:44.986 | SUCCESS | EndService - Prediction on image 5499 is correct.
16:54:45.409 | SUCCESS | EndService - Prediction on image 8889 is correct.
16:54:45.483 | ECLYPSE | PlacementManager - Placement established | app=ImagePrediction | mapping={'EndService': 'outer_1', 'PredictorService': 'outer_2', 'TrainerService': 'outer_4'}
16:54:45.483 | ECLYPSE | Simulation - Simulation step | step=293
16:54:45.836 | SUCCESS | EndService - Prediction on image 7717 is correct.
16:54:46.258 | SUCCESS | EndService - Prediction on image 8414 is correct.
16:54:46.484 | ECLYPSE | PlacementManager - Placement established | app=ImagePrediction | mapping={'EndService': 'outer_1', 'PredictorService': 'outer_2', 'TrainerService': 'outer_4'}
16:54:46.484 | ECLYPSE | Simulation - Simulation step | step=294
16:54:46.701 | ERROR | EndService - Prediction on image 5097 is incorrect.
16:54:47.120 | SUCCESS | EndService - Prediction on image 2083 is correct.
16:54:47.485 | ECLYPSE | PlacementManager - Placement established | app=ImagePrediction | mapping={'EndService': 'outer_1', 'PredictorService': 'outer_2', 'TrainerService': 'outer_4'}
16:54:47.486 | ECLYPSE | Simulation - Simulation step | step=295
16:54:47.579 | ERROR | EndService - Prediction on image 4492 is incorrect.
16:54:47.993 | ERROR | EndService - Prediction on image 1208 is incorrect.
16:54:48.427 | SUCCESS | EndService - Prediction on image 6810 is correct.
16:54:48.487 | ECLYPSE | PlacementManager - Placement established | app=ImagePrediction | mapping={'EndService': 'outer_1', 'PredictorService': 'outer_2', 'TrainerService': 'outer_4'}
16:54:48.488 | ECLYPSE | Simulation - Simulation step | step=296
16:54:48.846 | SUCCESS | EndService - Prediction on image 5018 is correct.
16:54:49.262 | SUCCESS | EndService - Prediction on image 3016 is correct.
16:54:49.488 | ECLYPSE | PlacementManager - Placement established | app=ImagePrediction | mapping={'EndService': 'outer_1', 'PredictorService': 'outer_2', 'TrainerService': 'outer_4'}
16:54:49.489 | ECLYPSE | Simulation - Simulation step | step=297
16:54:49.679 | SUCCESS | EndService - Prediction on image 1345 is correct.
16:54:50.103 | SUCCESS | EndService - Prediction on image 4309 is correct.
16:54:50.490 | ECLYPSE | PlacementManager - Placement established | app=ImagePrediction | mapping={'EndService': 'outer_1', 'PredictorService': 'outer_2', 'TrainerService': 'outer_4'}
16:54:50.491 | ECLYPSE | Simulation - Simulation step | step=298
16:54:50.547 | SUCCESS | EndService - Prediction on image 2435 is correct.
16:54:50.961 | SUCCESS | EndService - Prediction on image 4642 is correct.
16:54:51.378 | SUCCESS | EndService - Prediction on image 42 is correct.
16:54:51.492 | ECLYPSE | PlacementManager - Placement established | app=ImagePrediction | mapping={'EndService': 'outer_1', 'PredictorService': 'outer_2', 'TrainerService': 'outer_4'}
16:54:51.492 | ECLYPSE | Simulation - Simulation step | step=299
16:54:51.803 | ERROR | EndService - Prediction on image 3342 is incorrect.
16:54:52.254 | SUCCESS | EndService - Prediction on image 6844 is correct.
16:54:52.493 | ECLYPSE | PlacementManager - Placement established | app=ImagePrediction | mapping={'EndService': 'outer_1', 'PredictorService': 'outer_2', 'TrainerService': 'outer_4'}
16:54:52.494 | ECLYPSE | Simulation - Simulation step | step=300
16:54:52.691 | SUCCESS | EndService - Prediction on image 485 is correct.
16:54:53.130 | ERROR | EndService - Prediction on image 7499 is incorrect.
16:54:53.494 | ECLYPSE | PlacementManager - Placement established | app=ImagePrediction | mapping={'EndService': 'outer_1', 'PredictorService': 'outer_2', 'TrainerService': 'outer_4'}
16:54:53.495 | ECLYPSE | Simulation - Simulation step | step=301
16:54:53.561 | SUCCESS | EndService - Prediction on image 5008 is correct.
16:54:53.984 | SUCCESS | EndService - Prediction on image 6923 is correct.
16:54:54.434 | SUCCESS | EndService - Prediction on image 5342 is correct.
16:54:54.496 | ECLYPSE | PlacementManager - Placement established | app=ImagePrediction | mapping={'EndService': 'outer_1', 'PredictorService': 'outer_2', 'TrainerService': 'outer_4'}
16:54:54.496 | ECLYPSE | Simulation - Simulation step | step=302
16:54:54.846 | SUCCESS | EndService - Prediction on image 8073 is correct.
16:54:55.283 | SUCCESS | EndService - Prediction on image 7607 is correct.
16:54:55.497 | ECLYPSE | PlacementManager - Placement established | app=ImagePrediction | mapping={'EndService': 'outer_1', 'PredictorService': 'outer_2', 'TrainerService': 'outer_4'}
16:54:55.497 | ECLYPSE | Simulation - Simulation step | step=303
16:54:55.710 | ERROR | EndService - Prediction on image 399 is incorrect.
16:54:56.144 | ERROR | EndService - Prediction on image 8006 is incorrect.
16:54:56.498 | ECLYPSE | PlacementManager - Placement established | app=ImagePrediction | mapping={'EndService': 'outer_1', 'PredictorService': 'outer_2', 'TrainerService': 'outer_4'}
16:54:56.499 | ECLYPSE | Simulation - Simulation step | step=304
16:54:56.566 | SUCCESS | EndService - Prediction on image 3529 is correct.
16:54:56.984 | ERROR | EndService - Prediction on image 2642 is incorrect.
16:54:57.403 | SUCCESS | EndService - Prediction on image 5659 is correct.
16:54:57.499 | ECLYPSE | PlacementManager - Placement established | app=ImagePrediction | mapping={'EndService': 'outer_1', 'PredictorService': 'outer_2', 'TrainerService': 'outer_4'}
16:54:57.500 | ECLYPSE | Simulation - Simulation step | step=305
16:54:57.825 | SUCCESS | EndService - Prediction on image 9802 is correct.
16:54:58.253 | ERROR | EndService - Prediction on image 1868 is incorrect.
16:54:58.502 | ECLYPSE | PlacementManager - Placement established | app=ImagePrediction | mapping={'EndService': 'outer_1', 'PredictorService': 'outer_2', 'TrainerService': 'outer_4'}
16:54:58.503 | ECLYPSE | Simulation - Simulation step | step=306
16:54:58.692 | ERROR | EndService - Prediction on image 6113 is incorrect.
16:54:59.135 | SUCCESS | EndService - Prediction on image 2187 is correct.
16:54:59.505 | ECLYPSE | PlacementManager - Placement established | app=ImagePrediction | mapping={'EndService': 'outer_1', 'PredictorService': 'outer_2', 'TrainerService': 'outer_4'}
16:54:59.506 | ECLYPSE | Simulation - Simulation step | step=307
16:54:59.579 | ERROR | EndService - Prediction on image 2165 is incorrect.
16:54:59.994 | SUCCESS | EndService - Prediction on image 1600 is correct.
16:55:00.439 | SUCCESS | EndService - Prediction on image 1310 is correct.
16:55:00.506 | ECLYPSE | PlacementManager - Placement established | app=ImagePrediction | mapping={'EndService': 'outer_1', 'PredictorService': 'outer_2', 'TrainerService': 'outer_4'}
16:55:00.507 | ECLYPSE | Simulation - Simulation step | step=308
16:55:00.862 | ERROR | EndService - Prediction on image 1081 is incorrect.
16:55:01.292 | SUCCESS | EndService - Prediction on image 4114 is correct.
16:55:01.509 | ECLYPSE | PlacementManager - Placement established | app=ImagePrediction | mapping={'EndService': 'outer_1', 'PredictorService': 'outer_2', 'TrainerService': 'outer_4'}
16:55:01.510 | ECLYPSE | Simulation - Simulation step | step=309
16:55:01.723 | SUCCESS | EndService - Prediction on image 5379 is correct.
16:55:02.137 | SUCCESS | EndService - Prediction on image 9458 is correct.
16:55:02.510 | ECLYPSE | PlacementManager - Placement established | app=ImagePrediction | mapping={'EndService': 'outer_1', 'PredictorService': 'outer_2', 'TrainerService': 'outer_4'}
16:55:02.511 | ECLYPSE | Simulation - Simulation step | step=310
16:55:02.562 | ERROR | EndService - Prediction on image 4827 is incorrect.
16:55:02.981 | SUCCESS | EndService - Prediction on image 2284 is correct.
16:55:03.408 | SUCCESS | EndService - Prediction on image 9967 is correct.
16:55:03.511 | ECLYPSE | PlacementManager - Placement established | app=ImagePrediction | mapping={'EndService': 'outer_1', 'PredictorService': 'outer_2', 'TrainerService': 'outer_4'}
16:55:03.512 | ECLYPSE | Simulation - Simulation step | step=311
16:55:03.838 | ERROR | EndService - Prediction on image 9718 is incorrect.
16:55:04.268 | ERROR | EndService - Prediction on image 8006 is incorrect.
16:55:04.513 | ECLYPSE | PlacementManager - Placement established | app=ImagePrediction | mapping={'EndService': 'outer_1', 'PredictorService': 'outer_2', 'TrainerService': 'outer_4'}
16:55:04.513 | ECLYPSE | Simulation - Simulation step | step=312
16:55:04.721 | ERROR | EndService - Prediction on image 8947 is incorrect.
16:55:05.134 | ERROR | EndService - Prediction on image 6632 is incorrect.
16:55:05.514 | ECLYPSE | PlacementManager - Placement established | app=ImagePrediction | mapping={'EndService': 'outer_1', 'PredictorService': 'outer_2', 'TrainerService': 'outer_4'}
16:55:05.515 | ECLYPSE | Simulation - Simulation step | step=313
16:55:05.550 | SUCCESS | EndService - Prediction on image 296 is correct.
16:55:05.963 | SUCCESS | EndService - Prediction on image 3150 is correct.
16:55:06.388 | SUCCESS | EndService - Prediction on image 982 is correct.
16:55:06.515 | ECLYPSE | PlacementManager - Placement established | app=ImagePrediction | mapping={'EndService': 'outer_1', 'PredictorService': 'outer_2', 'TrainerService': 'outer_4'}
16:55:06.516 | ECLYPSE | Simulation - Simulation step | step=314
16:55:06.807 | SUCCESS | EndService - Prediction on image 7647 is correct.
16:55:07.223 | SUCCESS | EndService - Prediction on image 7971 is correct.
16:55:07.517 | ECLYPSE | PlacementManager - Placement established | app=ImagePrediction | mapping={'EndService': 'outer_1', 'PredictorService': 'outer_2', 'TrainerService': 'outer_4'}
16:55:07.517 | ECLYPSE | Simulation - Simulation step | step=315
16:55:07.660 | SUCCESS | EndService - Prediction on image 5591 is correct.
16:55:08.079 | SUCCESS | EndService - Prediction on image 7399 is correct.
16:55:08.499 | SUCCESS | EndService - Prediction on image 586 is correct.
16:55:08.518 | ECLYPSE | PlacementManager - Placement established | app=ImagePrediction | mapping={'EndService': 'outer_1', 'PredictorService': 'outer_2', 'TrainerService': 'outer_4'}
16:55:08.519 | ECLYPSE | Simulation - Simulation step | step=316
16:55:08.914 | ERROR | EndService - Prediction on image 7656 is incorrect.
16:55:09.348 | SUCCESS | EndService - Prediction on image 2973 is correct.
16:55:09.519 | ECLYPSE | PlacementManager - Placement established | app=ImagePrediction | mapping={'EndService': 'outer_1', 'PredictorService': 'outer_2', 'TrainerService': 'outer_4'}
16:55:09.520 | ECLYPSE | Simulation - Simulation step | step=317
16:55:09.782 | SUCCESS | EndService - Prediction on image 1372 is correct.
16:55:10.211 | SUCCESS | EndService - Prediction on image 6729 is correct.
16:55:10.522 | ECLYPSE | PlacementManager - Placement established | app=ImagePrediction | mapping={'EndService': 'outer_1', 'PredictorService': 'outer_2', 'TrainerService': 'outer_4'}
16:55:10.523 | ECLYPSE | Simulation - Simulation step | step=318
16:55:10.630 | ERROR | EndService - Prediction on image 7002 is incorrect.
16:55:11.042 | SUCCESS | EndService - Prediction on image 8890 is correct.
16:55:11.470 | ERROR | EndService - Prediction on image 3473 is incorrect.
16:55:11.523 | ECLYPSE | PlacementManager - Placement established | app=ImagePrediction | mapping={'EndService': 'outer_1', 'PredictorService': 'outer_2', 'TrainerService': 'outer_4'}
16:55:11.524 | ECLYPSE | Simulation - Simulation step | step=319
16:55:11.898 | ERROR | EndService - Prediction on image 2773 is incorrect.
16:55:12.327 | ERROR | EndService - Prediction on image 8178 is incorrect.
16:55:12.525 | ECLYPSE | PlacementManager - Placement established | app=ImagePrediction | mapping={'EndService': 'outer_1', 'PredictorService': 'outer_2', 'TrainerService': 'outer_4'}
16:55:12.526 | ECLYPSE | Simulation - Simulation step | step=320
16:55:12.746 | SUCCESS | EndService - Prediction on image 9436 is correct.
16:55:13.176 | SUCCESS | EndService - Prediction on image 5744 is correct.
16:55:13.526 | ECLYPSE | PlacementManager - Placement established | app=ImagePrediction | mapping={'EndService': 'outer_1', 'PredictorService': 'outer_2', 'TrainerService': 'outer_4'}
16:55:13.527 | ECLYPSE | Simulation - Simulation step | step=321
16:55:13.547 | WARNING | PredictorService - Model updated.
16:55:13.641 | SUCCESS | EndService - Prediction on image 3748 is correct.
16:55:13.829 | SUCCESS | EndService - Prediction on image 1736 is correct.
16:55:14.018 | ERROR | EndService - Prediction on image 4929 is incorrect.
16:55:14.204 | SUCCESS | EndService - Prediction on image 5035 is correct.
16:55:14.410 | SUCCESS | EndService - Prediction on image 3790 is correct.
16:55:14.528 | ECLYPSE | PlacementManager - Placement established | app=ImagePrediction | mapping={'EndService': 'outer_1', 'PredictorService': 'outer_2', 'TrainerService': 'outer_4'}
16:55:14.528 | ECLYPSE | Simulation - Simulation step | step=322
16:55:14.603 | SUCCESS | EndService - Prediction on image 2344 is correct.
16:55:14.791 | ERROR | EndService - Prediction on image 501 is incorrect.
16:55:14.993 | SUCCESS | EndService - Prediction on image 7527 is correct.
16:55:15.208 | SUCCESS | EndService - Prediction on image 2570 is correct.
16:55:15.413 | ERROR | EndService - Prediction on image 7872 is incorrect.
16:55:15.529 | ECLYPSE | PlacementManager - Placement established | app=ImagePrediction | mapping={'EndService': 'outer_1', 'PredictorService': 'outer_2', 'TrainerService': 'outer_4'}
16:55:15.530 | ECLYPSE | Simulation - Simulation step | step=323
16:55:15.604 | SUCCESS | EndService - Prediction on image 9282 is correct.
16:55:15.791 | SUCCESS | EndService - Prediction on image 4136 is correct.
16:55:15.976 | ERROR | EndService - Prediction on image 4075 is incorrect.
16:55:16.185 | SUCCESS | EndService - Prediction on image 7648 is correct.
16:55:16.374 | ERROR | EndService - Prediction on image 6641 is incorrect.
16:55:16.530 | ECLYPSE | PlacementManager - Placement established | app=ImagePrediction | mapping={'EndService': 'outer_1', 'PredictorService': 'outer_2', 'TrainerService': 'outer_4'}
16:55:16.531 | ECLYPSE | Simulation - Simulation step | step=324
16:55:16.575 | ERROR | EndService - Prediction on image 5950 is incorrect.
16:55:16.757 | ERROR | EndService - Prediction on image 8495 is incorrect.
16:55:16.951 | SUCCESS | EndService - Prediction on image 9865 is correct.
16:55:17.138 | SUCCESS | EndService - Prediction on image 9255 is correct.
16:55:17.331 | SUCCESS | EndService - Prediction on image 4010 is correct.
16:55:17.516 | SUCCESS | EndService - Prediction on image 7745 is correct.
16:55:17.532 | ECLYPSE | PlacementManager - Placement established | app=ImagePrediction | mapping={'EndService': 'outer_1', 'PredictorService': 'outer_2', 'TrainerService': 'outer_4'}
16:55:17.532 | ECLYPSE | Simulation - Simulation step | step=325
16:55:17.704 | SUCCESS | EndService - Prediction on image 6376 is correct.
16:55:17.890 | SUCCESS | EndService - Prediction on image 3648 is correct.
16:55:18.109 | SUCCESS | EndService - Prediction on image 7568 is correct.
16:55:18.296 | SUCCESS | EndService - Prediction on image 4869 is correct.
16:55:18.490 | SUCCESS | EndService - Prediction on image 6630 is correct.
16:55:18.533 | ECLYPSE | PlacementManager - Placement established | app=ImagePrediction | mapping={'EndService': 'outer_1', 'PredictorService': 'outer_2', 'TrainerService': 'outer_4'}
16:55:18.534 | ECLYPSE | Simulation - Simulation step | step=326
16:55:18.693 | SUCCESS | EndService - Prediction on image 2471 is correct.
16:55:18.878 | ERROR | EndService - Prediction on image 6535 is incorrect.
16:55:19.080 | ERROR | EndService - Prediction on image 4890 is incorrect.
16:55:19.264 | ERROR | EndService - Prediction on image 7499 is incorrect.
16:55:19.535 | ECLYPSE | PlacementManager - Placement established | app=ImagePrediction | mapping={'EndService': 'outer_1', 'PredictorService': 'outer_2', 'TrainerService': 'outer_4'}
16:55:19.535 | ECLYPSE | Simulation - Simulation step | step=327
16:55:19.692 | SUCCESS | EndService - Prediction on image 7139 is correct.
16:55:20.122 | SUCCESS | EndService - Prediction on image 9407 is correct.
16:55:20.536 | ECLYPSE | PlacementManager - Placement established | app=ImagePrediction | mapping={'EndService': 'outer_1', 'PredictorService': 'outer_2', 'TrainerService': 'outer_4'}
16:55:20.536 | ECLYPSE | Simulation - Simulation step | step=328
16:55:20.582 | SUCCESS | EndService - Prediction on image 4824 is correct.
16:55:20.999 | SUCCESS | EndService - Prediction on image 4166 is correct.
16:55:21.420 | SUCCESS | EndService - Prediction on image 6892 is correct.
16:55:21.537 | ECLYPSE | PlacementManager - Placement established | app=ImagePrediction | mapping={'EndService': 'outer_1', 'PredictorService': 'outer_2', 'TrainerService': 'outer_4'}
16:55:21.538 | ECLYPSE | Simulation - Simulation step | step=329
16:55:21.838 | SUCCESS | EndService - Prediction on image 8087 is correct.
16:55:22.282 | SUCCESS | EndService - Prediction on image 1703 is correct.
16:55:22.538 | ECLYPSE | PlacementManager - Placement established | app=ImagePrediction | mapping={'EndService': 'outer_1', 'PredictorService': 'outer_2', 'TrainerService': 'outer_4'}
16:55:22.539 | ECLYPSE | Simulation - Simulation step | step=330
16:55:22.699 | SUCCESS | EndService - Prediction on image 2874 is correct.
16:55:23.128 | ERROR | EndService - Prediction on image 5390 is incorrect.
16:55:23.540 | ECLYPSE | PlacementManager - Placement established | app=ImagePrediction | mapping={'EndService': 'outer_1', 'PredictorService': 'outer_2', 'TrainerService': 'outer_4'}
16:55:23.540 | ECLYPSE | Simulation - Simulation step | step=331
16:55:23.544 | SUCCESS | EndService - Prediction on image 8404 is correct.
16:55:23.963 | SUCCESS | EndService - Prediction on image 1327 is correct.
16:55:24.399 | ERROR | EndService - Prediction on image 5299 is incorrect.
16:55:24.541 | ECLYPSE | PlacementManager - Placement established | app=ImagePrediction | mapping={'EndService': 'outer_1', 'PredictorService': 'outer_2', 'TrainerService': 'outer_4'}
16:55:24.542 | ECLYPSE | Simulation - Simulation step | step=332
16:55:24.825 | SUCCESS | EndService - Prediction on image 1120 is correct.
16:55:25.266 | ERROR | EndService - Prediction on image 5047 is incorrect.
16:55:25.542 | ECLYPSE | PlacementManager - Placement established | app=ImagePrediction | mapping={'EndService': 'outer_1', 'PredictorService': 'outer_2', 'TrainerService': 'outer_4'}
16:55:25.543 | ECLYPSE | Simulation - Simulation step | step=333
16:55:25.721 | SUCCESS | EndService - Prediction on image 8809 is correct.
16:55:26.156 | ERROR | EndService - Prediction on image 1598 is incorrect.
16:55:26.544 | ECLYPSE | PlacementManager - Placement established | app=ImagePrediction | mapping={'EndService': 'outer_1', 'PredictorService': 'outer_2', 'TrainerService': 'outer_4'}
16:55:26.544 | ECLYPSE | Simulation - Simulation step | step=334
16:55:26.576 | SUCCESS | EndService - Prediction on image 8302 is correct.
16:55:26.987 | SUCCESS | EndService - Prediction on image 332 is correct.
16:55:27.433 | ERROR | EndService - Prediction on image 7689 is incorrect.
16:55:27.545 | ECLYPSE | PlacementManager - Placement established | app=ImagePrediction | mapping={'EndService': 'outer_1', 'PredictorService': 'outer_2', 'TrainerService': 'outer_4'}
16:55:27.545 | ECLYPSE | Simulation - Simulation step | step=335
16:55:27.872 | SUCCESS | EndService - Prediction on image 862 is correct.
16:55:28.323 | SUCCESS | EndService - Prediction on image 4920 is correct.
16:55:28.546 | ECLYPSE | PlacementManager - Placement established | app=ImagePrediction | mapping={'EndService': 'outer_1', 'PredictorService': 'outer_2', 'TrainerService': 'outer_4'}
16:55:28.547 | ECLYPSE | Simulation - Simulation step | step=336
16:55:28.777 | SUCCESS | EndService - Prediction on image 8464 is correct.
16:55:29.200 | SUCCESS | EndService - Prediction on image 1443 is correct.
16:55:29.548 | ECLYPSE | PlacementManager - Placement established | app=ImagePrediction | mapping={'EndService': 'outer_1', 'PredictorService': 'outer_2', 'TrainerService': 'outer_4'}
16:55:29.548 | ECLYPSE | Simulation - Simulation step | step=337
16:55:29.626 | ERROR | EndService - Prediction on image 1421 is incorrect.
16:55:30.045 | ERROR | EndService - Prediction on image 6507 is incorrect.
16:55:30.509 | ERROR | EndService - Prediction on image 9159 is incorrect.
16:55:30.549 | ECLYPSE | PlacementManager - Placement established | app=ImagePrediction | mapping={'EndService': 'outer_1', 'PredictorService': 'outer_2', 'TrainerService': 'outer_4'}
16:55:30.550 | ECLYPSE | Simulation - Simulation step | step=338
16:55:30.949 | ERROR | EndService - Prediction on image 1702 is incorrect.
16:55:31.404 | SUCCESS | EndService - Prediction on image 237 is correct.
16:55:31.550 | ECLYPSE | PlacementManager - Placement established | app=ImagePrediction | mapping={'EndService': 'outer_1', 'PredictorService': 'outer_2', 'TrainerService': 'outer_4'}
16:55:31.551 | ECLYPSE | Simulation - Simulation step | step=339
16:55:31.830 | ERROR | EndService - Prediction on image 2462 is incorrect.
16:55:32.260 | SUCCESS | EndService - Prediction on image 2232 is correct.
16:55:32.552 | ECLYPSE | PlacementManager - Placement established | app=ImagePrediction | mapping={'EndService': 'outer_1', 'PredictorService': 'outer_2', 'TrainerService': 'outer_4'}
16:55:32.553 | ECLYPSE | Simulation - Simulation step | step=340
16:55:32.722 | SUCCESS | EndService - Prediction on image 4531 is correct.
16:55:33.141 | ERROR | EndService - Prediction on image 5020 is incorrect.
16:55:33.553 | ECLYPSE | PlacementManager - Placement established | app=ImagePrediction | mapping={'EndService': 'outer_1', 'PredictorService': 'outer_2', 'TrainerService': 'outer_4'}
16:55:33.554 | ECLYPSE | Simulation - Simulation step | step=341
16:55:33.559 | SUCCESS | EndService - Prediction on image 8210 is correct.
16:55:33.989 | SUCCESS | EndService - Prediction on image 5490 is correct.
16:55:34.431 | ERROR | EndService - Prediction on image 445 is incorrect.
16:55:34.555 | ECLYPSE | PlacementManager - Placement established | app=ImagePrediction | mapping={'EndService': 'outer_1', 'PredictorService': 'outer_2', 'TrainerService': 'outer_4'}
16:55:34.555 | ECLYPSE | Simulation - Simulation step | step=342
16:55:34.868 | ERROR | EndService - Prediction on image 6291 is incorrect.
16:55:35.284 | SUCCESS | EndService - Prediction on image 5954 is correct.
16:55:35.556 | ECLYPSE | PlacementManager - Placement established | app=ImagePrediction | mapping={'EndService': 'outer_1', 'PredictorService': 'outer_2', 'TrainerService': 'outer_4'}
16:55:35.557 | ECLYPSE | Simulation - Simulation step | step=343
16:55:35.712 | ERROR | EndService - Prediction on image 8369 is incorrect.
16:55:36.153 | SUCCESS | EndService - Prediction on image 2274 is correct.
16:55:36.557 | ECLYPSE | PlacementManager - Placement established | app=ImagePrediction | mapping={'EndService': 'outer_1', 'PredictorService': 'outer_2', 'TrainerService': 'outer_4'}
16:55:36.558 | ECLYPSE | Simulation - Simulation step | step=344
16:55:36.567 | ERROR | EndService - Prediction on image 6651 is incorrect.
16:55:36.977 | SUCCESS | EndService - Prediction on image 1237 is correct.
16:55:37.409 | SUCCESS | EndService - Prediction on image 3249 is correct.
16:55:37.558 | ECLYPSE | PlacementManager - Placement established | app=ImagePrediction | mapping={'EndService': 'outer_1', 'PredictorService': 'outer_2', 'TrainerService': 'outer_4'}
16:55:37.559 | ECLYPSE | Simulation - Simulation step | step=345
16:55:37.832 | SUCCESS | EndService - Prediction on image 5007 is correct.
16:55:38.252 | SUCCESS | EndService - Prediction on image 7794 is correct.
16:55:38.560 | ECLYPSE | PlacementManager - Placement established | app=ImagePrediction | mapping={'EndService': 'outer_1', 'PredictorService': 'outer_2', 'TrainerService': 'outer_4'}
16:55:38.560 | ECLYPSE | Simulation - Simulation step | step=346
16:55:38.680 | SUCCESS | EndService - Prediction on image 9155 is correct.
16:55:39.091 | SUCCESS | EndService - Prediction on image 9412 is correct.
16:55:39.531 | SUCCESS | EndService - Prediction on image 3107 is correct.
16:55:39.561 | ECLYPSE | PlacementManager - Placement established | app=ImagePrediction | mapping={'EndService': 'outer_1', 'PredictorService': 'outer_2', 'TrainerService': 'outer_4'}
16:55:39.562 | ECLYPSE | Simulation - Simulation step | step=347
16:55:39.949 | SUCCESS | EndService - Prediction on image 1858 is correct.
16:55:40.373 | SUCCESS | EndService - Prediction on image 2497 is correct.
16:55:40.563 | ECLYPSE | PlacementManager - Placement established | app=ImagePrediction | mapping={'EndService': 'outer_1', 'PredictorService': 'outer_2', 'TrainerService': 'outer_4'}
16:55:40.563 | ECLYPSE | Simulation - Simulation step | step=348
16:55:40.795 | SUCCESS | EndService - Prediction on image 5672 is correct.
16:55:41.219 | ERROR | EndService - Prediction on image 3691 is incorrect.
16:55:41.564 | ECLYPSE | PlacementManager - Placement established | app=ImagePrediction | mapping={'EndService': 'outer_1', 'PredictorService': 'outer_2', 'TrainerService': 'outer_4'}
16:55:41.564 | ECLYPSE | Simulation - Simulation step | step=349
16:55:41.672 | SUCCESS | EndService - Prediction on image 5278 is correct.
16:55:42.089 | SUCCESS | EndService - Prediction on image 9561 is correct.
16:55:42.504 | SUCCESS | EndService - Prediction on image 1220 is correct.
16:55:42.565 | ECLYPSE | PlacementManager - Placement established | app=ImagePrediction | mapping={'EndService': 'outer_1', 'PredictorService': 'outer_2', 'TrainerService': 'outer_4'}
16:55:42.565 | ECLYPSE | Simulation - Simulation step | step=350
16:55:42.916 | SUCCESS | EndService - Prediction on image 6147 is correct.
16:55:43.338 | ERROR | EndService - Prediction on image 3929 is incorrect.
16:55:43.566 | ECLYPSE | PlacementManager - Placement established | app=ImagePrediction | mapping={'EndService': 'outer_1', 'PredictorService': 'outer_2', 'TrainerService': 'outer_4'}
16:55:43.567 | ECLYPSE | Simulation - Simulation step | step=351
16:55:43.776 | ERROR | EndService - Prediction on image 3756 is incorrect.
16:55:44.211 | SUCCESS | EndService - Prediction on image 8868 is correct.
16:55:44.568 | ECLYPSE | PlacementManager - Placement established | app=ImagePrediction | mapping={'EndService': 'outer_1', 'PredictorService': 'outer_2', 'TrainerService': 'outer_4'}
16:55:44.568 | ECLYPSE | Simulation - Simulation step | step=352
16:55:44.635 | SUCCESS | EndService - Prediction on image 7277 is correct.
16:55:45.054 | SUCCESS | EndService - Prediction on image 8407 is correct.
16:55:45.527 | ERROR | EndService - Prediction on image 7269 is incorrect.
16:55:45.569 | ECLYPSE | PlacementManager - Placement established | app=ImagePrediction | mapping={'EndService': 'outer_1', 'PredictorService': 'outer_2', 'TrainerService': 'outer_4'}
16:55:45.569 | ECLYPSE | Simulation - Simulation step | step=353
16:55:45.953 | SUCCESS | EndService - Prediction on image 7482 is correct.
16:55:46.387 | ERROR | EndService - Prediction on image 8 is incorrect.
16:55:46.570 | ECLYPSE | PlacementManager - Placement established | app=ImagePrediction | mapping={'EndService': 'outer_1', 'PredictorService': 'outer_2', 'TrainerService': 'outer_4'}
16:55:46.571 | ECLYPSE | Simulation - Simulation step | step=354
16:55:46.808 | SUCCESS | EndService - Prediction on image 719 is correct.
16:55:47.231 | ERROR | EndService - Prediction on image 5242 is incorrect.
16:55:47.571 | ECLYPSE | PlacementManager - Placement established | app=ImagePrediction | mapping={'EndService': 'outer_1', 'PredictorService': 'outer_2', 'TrainerService': 'outer_4'}
16:55:47.572 | ECLYPSE | Simulation - Simulation step | step=355
16:55:47.670 | ERROR | EndService - Prediction on image 3176 is incorrect.
16:55:48.082 | SUCCESS | EndService - Prediction on image 1028 is correct.
16:55:48.506 | SUCCESS | EndService - Prediction on image 2732 is correct.
16:55:48.573 | ECLYPSE | PlacementManager - Placement established | app=ImagePrediction | mapping={'EndService': 'outer_1', 'PredictorService': 'outer_2', 'TrainerService': 'outer_4'}
16:55:48.573 | ECLYPSE | Simulation - Simulation step | step=356
16:55:48.918 | ERROR | EndService - Prediction on image 172 is incorrect.
16:55:49.365 | SUCCESS | EndService - Prediction on image 4459 is correct.
16:55:49.574 | ECLYPSE | PlacementManager - Placement established | app=ImagePrediction | mapping={'EndService': 'outer_1', 'PredictorService': 'outer_2', 'TrainerService': 'outer_4'}
16:55:49.575 | ECLYPSE | Simulation - Simulation step | step=357
16:55:49.805 | SUCCESS | EndService - Prediction on image 8008 is correct.
16:55:50.237 | SUCCESS | EndService - Prediction on image 5829 is correct.
16:55:50.576 | ECLYPSE | PlacementManager - Placement established | app=ImagePrediction | mapping={'EndService': 'outer_1', 'PredictorService': 'outer_2', 'TrainerService': 'outer_4'}
16:55:50.576 | ECLYPSE | Simulation - Simulation step | step=358
16:55:50.674 | ERROR | EndService - Prediction on image 3963 is incorrect.
16:55:51.089 | ERROR | EndService - Prediction on image 3635 is incorrect.
16:55:51.511 | SUCCESS | EndService - Prediction on image 2367 is correct.
16:55:51.577 | ECLYPSE | PlacementManager - Placement established | app=ImagePrediction | mapping={'EndService': 'outer_1', 'PredictorService': 'outer_2', 'TrainerService': 'outer_4'}
16:55:51.578 | ECLYPSE | Simulation - Simulation step | step=359
16:55:51.927 | SUCCESS | EndService - Prediction on image 6962 is correct.
16:55:52.384 | ERROR | EndService - Prediction on image 7649 is incorrect.
16:55:52.579 | ECLYPSE | PlacementManager - Placement established | app=ImagePrediction | mapping={'EndService': 'outer_1', 'PredictorService': 'outer_2', 'TrainerService': 'outer_4'}
16:55:52.579 | ECLYPSE | Simulation - Simulation step | step=360
16:55:52.814 | ERROR | EndService - Prediction on image 5975 is incorrect.
16:55:53.250 | SUCCESS | EndService - Prediction on image 7091 is correct.
16:55:53.580 | ECLYPSE | PlacementManager - Placement established | app=ImagePrediction | mapping={'EndService': 'outer_1', 'PredictorService': 'outer_2', 'TrainerService': 'outer_4'}
16:55:53.580 | ECLYPSE | Simulation - Simulation step | step=361
16:55:53.687 | SUCCESS | EndService - Prediction on image 6255 is correct.
16:55:54.108 | ERROR | EndService - Prediction on image 2306 is incorrect.
16:55:54.546 | SUCCESS | EndService - Prediction on image 7383 is correct.
16:55:54.581 | ECLYPSE | PlacementManager - Placement established | app=ImagePrediction | mapping={'EndService': 'outer_1', 'PredictorService': 'outer_2', 'TrainerService': 'outer_4'}
16:55:54.582 | ECLYPSE | Simulation - Simulation step | step=362
16:55:54.974 | SUCCESS | EndService - Prediction on image 3339 is correct.
16:55:55.401 | ERROR | EndService - Prediction on image 9117 is incorrect.
16:55:55.583 | ECLYPSE | PlacementManager - Placement established | app=ImagePrediction | mapping={'EndService': 'outer_1', 'PredictorService': 'outer_2', 'TrainerService': 'outer_4'}
16:55:55.583 | ECLYPSE | Simulation - Simulation step | step=363
16:55:55.834 | SUCCESS | EndService - Prediction on image 372 is correct.
16:55:56.295 | ERROR | EndService - Prediction on image 266 is incorrect.
16:55:56.584 | ECLYPSE | PlacementManager - Placement established | app=ImagePrediction | mapping={'EndService': 'outer_1', 'PredictorService': 'outer_2', 'TrainerService': 'outer_4'}
16:55:56.585 | ECLYPSE | Simulation - Simulation step | step=364
16:55:56.730 | ERROR | EndService - Prediction on image 2957 is incorrect.
16:55:57.162 | SUCCESS | EndService - Prediction on image 9472 is correct.
16:55:57.582 | SUCCESS | EndService - Prediction on image 8114 is correct.
16:55:57.585 | ECLYPSE | PlacementManager - Placement established | app=ImagePrediction | mapping={'EndService': 'outer_1', 'PredictorService': 'outer_2', 'TrainerService': 'outer_4'}
16:55:57.586 | ECLYPSE | Simulation - Simulation step | step=365
16:55:58.006 | ERROR | EndService - Prediction on image 6816 is incorrect.
16:55:58.438 | ERROR | EndService - Prediction on image 333 is incorrect.
16:55:58.587 | ECLYPSE | PlacementManager - Placement established | app=ImagePrediction | mapping={'EndService': 'outer_1', 'PredictorService': 'outer_2', 'TrainerService': 'outer_4'}
16:55:58.587 | ECLYPSE | Simulation - Simulation step | step=366
16:55:58.856 | SUCCESS | EndService - Prediction on image 4718 is correct.
16:55:59.290 | SUCCESS | EndService - Prediction on image 2301 is correct.
16:55:59.588 | ECLYPSE | PlacementManager - Placement established | app=ImagePrediction | mapping={'EndService': 'outer_1', 'PredictorService': 'outer_2', 'TrainerService': 'outer_4'}
16:55:59.589 | ECLYPSE | Simulation - Simulation step | step=367
16:55:59.719 | SUCCESS | EndService - Prediction on image 2023 is correct.
16:56:00.137 | ERROR | EndService - Prediction on image 6148 is incorrect.
16:56:00.560 | SUCCESS | EndService - Prediction on image 197 is correct.
16:56:00.590 | ECLYPSE | PlacementManager - Placement established | app=ImagePrediction | mapping={'EndService': 'outer_1', 'PredictorService': 'outer_2', 'TrainerService': 'outer_4'}
16:56:00.590 | ECLYPSE | Simulation - Simulation step | step=368
16:56:00.972 | SUCCESS | EndService - Prediction on image 4127 is correct.
16:56:01.403 | ERROR | EndService - Prediction on image 2047 is incorrect.
16:56:01.591 | ECLYPSE | PlacementManager - Placement established | app=ImagePrediction | mapping={'EndService': 'outer_1', 'PredictorService': 'outer_2', 'TrainerService': 'outer_4'}
16:56:01.591 | ECLYPSE | Simulation - Simulation step | step=369
16:56:01.831 | ERROR | EndService - Prediction on image 1888 is incorrect.
16:56:02.264 | SUCCESS | EndService - Prediction on image 3824 is correct.
16:56:02.592 | ECLYPSE | PlacementManager - Placement established | app=ImagePrediction | mapping={'EndService': 'outer_1', 'PredictorService': 'outer_2', 'TrainerService': 'outer_4'}
16:56:02.592 | ECLYPSE | Simulation - Simulation step | step=370
16:56:02.692 | SUCCESS | EndService - Prediction on image 9290 is correct.
16:56:03.102 | SUCCESS | EndService - Prediction on image 5281 is correct.
16:56:03.515 | SUCCESS | EndService - Prediction on image 7785 is correct.
16:56:03.594 | ECLYPSE | PlacementManager - Placement established | app=ImagePrediction | mapping={'EndService': 'outer_1', 'PredictorService': 'outer_2', 'TrainerService': 'outer_4'}
16:56:03.594 | ECLYPSE | Simulation - Simulation step | step=371
16:56:03.925 | SUCCESS | EndService - Prediction on image 5012 is correct.
16:56:04.365 | ERROR | EndService - Prediction on image 1319 is incorrect.
16:56:04.595 | ECLYPSE | PlacementManager - Placement established | app=ImagePrediction | mapping={'EndService': 'outer_1', 'PredictorService': 'outer_2', 'TrainerService': 'outer_4'}
16:56:04.596 | ECLYPSE | Simulation - Simulation step | step=372
16:56:04.799 | SUCCESS | EndService - Prediction on image 6436 is correct.
16:56:05.218 | ERROR | EndService - Prediction on image 9803 is incorrect.
16:56:05.597 | ECLYPSE | PlacementManager - Placement established | app=ImagePrediction | mapping={'EndService': 'outer_1', 'PredictorService': 'outer_2', 'TrainerService': 'outer_4'}
16:56:05.597 | ECLYPSE | Simulation - Simulation step | step=373
16:56:05.634 | SUCCESS | EndService - Prediction on image 1890 is correct.
16:56:06.047 | SUCCESS | EndService - Prediction on image 4136 is correct.
16:56:06.478 | SUCCESS | EndService - Prediction on image 6451 is correct.
16:56:06.598 | ECLYPSE | PlacementManager - Placement established | app=ImagePrediction | mapping={'EndService': 'outer_1', 'PredictorService': 'outer_2', 'TrainerService': 'outer_4'}
16:56:06.599 | ECLYPSE | Simulation - Simulation step | step=374
16:56:06.897 | SUCCESS | EndService - Prediction on image 9978 is correct.
16:56:07.325 | SUCCESS | EndService - Prediction on image 5190 is correct.
16:56:07.599 | ECLYPSE | PlacementManager - Placement established | app=ImagePrediction | mapping={'EndService': 'outer_1', 'PredictorService': 'outer_2', 'TrainerService': 'outer_4'}
16:56:07.600 | ECLYPSE | Simulation - Simulation step | step=375
16:56:07.774 | ERROR | EndService - Prediction on image 744 is incorrect.
16:56:08.202 | ERROR | EndService - Prediction on image 129 is incorrect.
16:56:08.600 | ECLYPSE | PlacementManager - Placement established | app=ImagePrediction | mapping={'EndService': 'outer_1', 'PredictorService': 'outer_2', 'TrainerService': 'outer_4'}
16:56:08.601 | ECLYPSE | Simulation - Simulation step | step=376
16:56:08.632 | ERROR | EndService - Prediction on image 4360 is incorrect.
16:56:09.046 | SUCCESS | EndService - Prediction on image 1630 is correct.
16:56:09.490 | SUCCESS | EndService - Prediction on image 430 is correct.
16:56:09.602 | ECLYPSE | PlacementManager - Placement established | app=ImagePrediction | mapping={'EndService': 'outer_1', 'PredictorService': 'outer_2', 'TrainerService': 'outer_4'}
16:56:09.602 | ECLYPSE | Simulation - Simulation step | step=377
16:56:09.920 | SUCCESS | EndService - Prediction on image 5267 is correct.
16:56:10.347 | SUCCESS | EndService - Prediction on image 9165 is correct.
16:56:10.603 | ECLYPSE | PlacementManager - Placement established | app=ImagePrediction | mapping={'EndService': 'outer_1', 'PredictorService': 'outer_2', 'TrainerService': 'outer_4'}
16:56:10.603 | ECLYPSE | Simulation - Simulation step | step=378
16:56:10.772 | ERROR | EndService - Prediction on image 5664 is incorrect.
16:56:11.194 | SUCCESS | EndService - Prediction on image 1610 is correct.
16:56:11.604 | ECLYPSE | PlacementManager - Placement established | app=ImagePrediction | mapping={'EndService': 'outer_1', 'PredictorService': 'outer_2', 'TrainerService': 'outer_4'}
16:56:11.604 | ECLYPSE | Simulation - Simulation step | step=379
16:56:11.619 | SUCCESS | EndService - Prediction on image 7087 is correct.
16:56:12.027 | SUCCESS | EndService - Prediction on image 5279 is correct.
16:56:12.449 | SUCCESS | EndService - Prediction on image 7196 is correct.
16:56:12.605 | ECLYPSE | PlacementManager - Placement established | app=ImagePrediction | mapping={'EndService': 'outer_1', 'PredictorService': 'outer_2', 'TrainerService': 'outer_4'}
16:56:12.606 | ECLYPSE | Simulation - Simulation step | step=380
16:56:12.893 | SUCCESS | EndService - Prediction on image 6381 is correct.
16:56:13.315 | ERROR | EndService - Prediction on image 4265 is incorrect.
16:56:13.607 | ECLYPSE | PlacementManager - Placement established | app=ImagePrediction | mapping={'EndService': 'outer_1', 'PredictorService': 'outer_2', 'TrainerService': 'outer_4'}
16:56:13.607 | ECLYPSE | Simulation - Simulation step | step=381
16:56:13.781 | ERROR | EndService - Prediction on image 6872 is incorrect.
16:56:14.190 | SUCCESS | EndService - Prediction on image 8363 is correct.
16:56:14.608 | ECLYPSE | PlacementManager - Placement established | app=ImagePrediction | mapping={'EndService': 'outer_1', 'PredictorService': 'outer_2', 'TrainerService': 'outer_4'}
16:56:14.609 | ECLYPSE | Simulation - Simulation step | step=382
16:56:14.615 | SUCCESS | EndService - Prediction on image 4209 is correct.
16:56:15.030 | SUCCESS | EndService - Prediction on image 8278 is correct.
16:56:15.445 | SUCCESS | EndService - Prediction on image 8962 is correct.
16:56:15.610 | ECLYPSE | PlacementManager - Placement established | app=ImagePrediction | mapping={'EndService': 'outer_1', 'PredictorService': 'outer_2', 'TrainerService': 'outer_4'}
16:56:15.610 | ECLYPSE | Simulation - Simulation step | step=383
16:56:15.866 | SUCCESS | EndService - Prediction on image 2416 is correct.
16:56:16.314 | SUCCESS | EndService - Prediction on image 4361 is correct.
16:56:16.611 | ECLYPSE | PlacementManager - Placement established | app=ImagePrediction | mapping={'EndService': 'outer_1', 'PredictorService': 'outer_2', 'TrainerService': 'outer_4'}
16:56:16.611 | ECLYPSE | Simulation - Simulation step | step=384
16:56:16.729 | SUCCESS | EndService - Prediction on image 1227 is correct.
16:56:17.144 | ERROR | EndService - Prediction on image 4016 is incorrect.
16:56:17.592 | SUCCESS | EndService - Prediction on image 8793 is correct.
16:56:17.612 | ECLYPSE | PlacementManager - Placement established | app=ImagePrediction | mapping={'EndService': 'outer_1', 'PredictorService': 'outer_2', 'TrainerService': 'outer_4'}
16:56:17.613 | ECLYPSE | Simulation - Simulation step | step=385
16:56:18.012 | ERROR | EndService - Prediction on image 6626 is incorrect.
16:56:18.426 | SUCCESS | EndService - Prediction on image 6281 is correct.
16:56:18.614 | ECLYPSE | PlacementManager - Placement established | app=ImagePrediction | mapping={'EndService': 'outer_1', 'PredictorService': 'outer_2', 'TrainerService': 'outer_4'}
16:56:18.614 | ECLYPSE | Simulation - Simulation step | step=386
16:56:18.868 | ERROR | EndService - Prediction on image 6661 is incorrect.
16:56:19.316 | SUCCESS | EndService - Prediction on image 8944 is correct.
16:56:19.615 | ECLYPSE | PlacementManager - Placement established | app=ImagePrediction | mapping={'EndService': 'outer_1', 'PredictorService': 'outer_2', 'TrainerService': 'outer_4'}
16:56:19.616 | ECLYPSE | Simulation - Simulation step | step=387
16:56:19.755 | SUCCESS | EndService - Prediction on image 8349 is correct.
16:56:20.204 | SUCCESS | EndService - Prediction on image 5798 is correct.
16:56:20.617 | ECLYPSE | PlacementManager - Placement established | app=ImagePrediction | mapping={'EndService': 'outer_1', 'PredictorService': 'outer_2', 'TrainerService': 'outer_4'}
16:56:20.617 | ECLYPSE | Simulation - Simulation step | step=388
16:56:20.646 | SUCCESS | EndService - Prediction on image 1211 is correct.
16:56:21.058 | ERROR | EndService - Prediction on image 7462 is incorrect.
16:56:21.488 | ERROR | EndService - Prediction on image 6721 is incorrect.
16:56:21.618 | ECLYPSE | PlacementManager - Placement established | app=ImagePrediction | mapping={'EndService': 'outer_1', 'PredictorService': 'outer_2', 'TrainerService': 'outer_4'}
16:56:21.619 | ECLYPSE | Simulation - Simulation step | step=389
16:56:21.914 | ERROR | EndService - Prediction on image 6570 is incorrect.
16:56:22.350 | SUCCESS | EndService - Prediction on image 546 is correct.
16:56:22.619 | ECLYPSE | PlacementManager - Placement established | app=ImagePrediction | mapping={'EndService': 'outer_1', 'PredictorService': 'outer_2', 'TrainerService': 'outer_4'}
16:56:22.620 | ECLYPSE | Simulation - Simulation step | step=390
16:56:22.778 | SUCCESS | EndService - Prediction on image 1298 is correct.
16:56:23.223 | SUCCESS | EndService - Prediction on image 8297 is correct.
16:56:23.621 | ECLYPSE | PlacementManager - Placement established | app=ImagePrediction | mapping={'EndService': 'outer_1', 'PredictorService': 'outer_2', 'TrainerService': 'outer_4'}
16:56:23.621 | ECLYPSE | Simulation - Simulation step | step=391
16:56:23.665 | SUCCESS | EndService - Prediction on image 1744 is correct.
16:56:24.079 | SUCCESS | EndService - Prediction on image 5739 is correct.
16:56:24.515 | SUCCESS | EndService - Prediction on image 5591 is correct.
16:56:24.622 | ECLYPSE | PlacementManager - Placement established | app=ImagePrediction | mapping={'EndService': 'outer_1', 'PredictorService': 'outer_2', 'TrainerService': 'outer_4'}
16:56:24.623 | ECLYPSE | Simulation - Simulation step | step=392
16:56:24.939 | SUCCESS | EndService - Prediction on image 5229 is correct.
16:56:25.369 | ERROR | EndService - Prediction on image 4520 is incorrect.
16:56:25.623 | ECLYPSE | PlacementManager - Placement established | app=ImagePrediction | mapping={'EndService': 'outer_1', 'PredictorService': 'outer_2', 'TrainerService': 'outer_4'}
16:56:25.624 | ECLYPSE | Simulation - Simulation step | step=393
16:56:25.793 | ERROR | EndService - Prediction on image 6497 is incorrect.
16:56:26.225 | SUCCESS | EndService - Prediction on image 4965 is correct.
16:56:26.625 | ECLYPSE | PlacementManager - Placement established | app=ImagePrediction | mapping={'EndService': 'outer_1', 'PredictorService': 'outer_2', 'TrainerService': 'outer_4'}
16:56:26.625 | ECLYPSE | Simulation - Simulation step | step=394
16:56:26.657 | SUCCESS | EndService - Prediction on image 2693 is correct.
16:56:27.074 | SUCCESS | EndService - Prediction on image 9440 is correct.
16:56:27.502 | SUCCESS | EndService - Prediction on image 5501 is correct.
16:56:27.626 | ECLYPSE | PlacementManager - Placement established | app=ImagePrediction | mapping={'EndService': 'outer_1', 'PredictorService': 'outer_2', 'TrainerService': 'outer_4'}
16:56:27.627 | ECLYPSE | Simulation - Simulation step | step=395
16:56:27.947 | SUCCESS | EndService - Prediction on image 8957 is correct.
16:56:28.368 | SUCCESS | EndService - Prediction on image 5838 is correct.
16:56:28.628 | ECLYPSE | PlacementManager - Placement established | app=ImagePrediction | mapping={'EndService': 'outer_1', 'PredictorService': 'outer_2', 'TrainerService': 'outer_4'}
16:56:28.628 | ECLYPSE | Simulation - Simulation step | step=396
16:56:28.790 | SUCCESS | EndService - Prediction on image 2548 is correct.
16:56:29.244 | SUCCESS | EndService - Prediction on image 1942 is correct.
16:56:29.629 | ECLYPSE | PlacementManager - Placement established | app=ImagePrediction | mapping={'EndService': 'outer_1', 'PredictorService': 'outer_2', 'TrainerService': 'outer_4'}
16:56:29.629 | ECLYPSE | Simulation - Simulation step | step=397
16:56:29.686 | SUCCESS | EndService - Prediction on image 8150 is correct.
16:56:30.101 | ERROR | EndService - Prediction on image 3814 is incorrect.
16:56:30.545 | SUCCESS | EndService - Prediction on image 1746 is correct.
16:56:30.630 | ECLYPSE | PlacementManager - Placement established | app=ImagePrediction | mapping={'EndService': 'outer_1', 'PredictorService': 'outer_2', 'TrainerService': 'outer_4'}
16:56:30.631 | ECLYPSE | Simulation - Simulation step | step=398
16:56:30.975 | ERROR | EndService - Prediction on image 2778 is incorrect.
16:56:31.407 | ERROR | EndService - Prediction on image 1790 is incorrect.
16:56:31.631 | ECLYPSE | PlacementManager - Placement established | app=ImagePrediction | mapping={'EndService': 'outer_1', 'PredictorService': 'outer_2', 'TrainerService': 'outer_4'}
16:56:31.632 | ECLYPSE | Simulation - Simulation step | step=399
16:56:31.834 | SUCCESS | EndService - Prediction on image 6590 is correct.
16:56:32.247 | SUCCESS | EndService - Prediction on image 4740 is correct.
16:56:32.633 | ECLYPSE | PlacementManager - Placement established | app=ImagePrediction | mapping={'EndService': 'outer_1', 'PredictorService': 'outer_2', 'TrainerService': 'outer_4'}
16:56:32.633 | ECLYPSE | Simulation - Simulation step | step=400
16:56:32.657 | SUCCESS | EndService - Prediction on image 4098 is correct.
16:56:33.075 | ERROR | EndService - Prediction on image 9456 is incorrect.
16:56:33.517 | ERROR | EndService - Prediction on image 9198 is incorrect.
16:56:33.634 | ECLYPSE | PlacementManager - Placement established | app=ImagePrediction | mapping={'EndService': 'outer_1', 'PredictorService': 'outer_2', 'TrainerService': 'outer_4'}
16:56:33.635 | ECLYPSE | Simulation - Simulation step | step=401
16:56:33.934 | SUCCESS | EndService - Prediction on image 680 is correct.
16:56:34.372 | ERROR | EndService - Prediction on image 8529 is incorrect.
16:56:34.635 | ECLYPSE | PlacementManager - Placement established | app=ImagePrediction | mapping={'EndService': 'outer_1', 'PredictorService': 'outer_2', 'TrainerService': 'outer_4'}
16:56:34.636 | ECLYPSE | Simulation - Simulation step | step=402
16:56:34.800 | ERROR | EndService - Prediction on image 915 is incorrect.
16:56:35.220 | ERROR | EndService - Prediction on image 2818 is incorrect.
16:56:35.636 | ECLYPSE | PlacementManager - Placement established | app=ImagePrediction | mapping={'EndService': 'outer_1', 'PredictorService': 'outer_2', 'TrainerService': 'outer_4'}
16:56:35.637 | ECLYPSE | Simulation - Simulation step | step=403
16:56:35.640 | SUCCESS | EndService - Prediction on image 4429 is correct.
16:56:36.059 | ERROR | EndService - Prediction on image 572 is incorrect.
16:56:36.474 | SUCCESS | EndService - Prediction on image 5491 is correct.
16:56:36.638 | ECLYPSE | PlacementManager - Placement established | app=ImagePrediction | mapping={'EndService': 'outer_1', 'PredictorService': 'outer_2', 'TrainerService': 'outer_4'}
16:56:36.639 | ECLYPSE | Simulation - Simulation step | step=404
16:56:36.911 | SUCCESS | EndService - Prediction on image 1227 is correct.
16:56:37.354 | ERROR | EndService - Prediction on image 7498 is incorrect.
16:56:37.640 | ECLYPSE | PlacementManager - Placement established | app=ImagePrediction | mapping={'EndService': 'outer_1', 'PredictorService': 'outer_2', 'TrainerService': 'outer_4'}
16:56:37.641 | ECLYPSE | Simulation - Simulation step | step=405
16:56:37.811 | SUCCESS | EndService - Prediction on image 4346 is correct.
16:56:38.244 | SUCCESS | EndService - Prediction on image 5353 is correct.
16:56:38.642 | ECLYPSE | PlacementManager - Placement established | app=ImagePrediction | mapping={'EndService': 'outer_1', 'PredictorService': 'outer_2', 'TrainerService': 'outer_4'}
16:56:38.643 | ECLYPSE | Simulation - Simulation step | step=406
16:56:38.675 | SUCCESS | EndService - Prediction on image 7990 is correct.
16:56:39.085 | SUCCESS | EndService - Prediction on image 2275 is correct.
16:56:39.531 | ERROR | EndService - Prediction on image 7459 is incorrect.
16:56:39.643 | ECLYPSE | PlacementManager - Placement established | app=ImagePrediction | mapping={'EndService': 'outer_1', 'PredictorService': 'outer_2', 'TrainerService': 'outer_4'}
16:56:39.644 | ECLYPSE | Simulation - Simulation step | step=407
16:56:39.965 | SUCCESS | EndService - Prediction on image 4996 is correct.
16:56:40.395 | SUCCESS | EndService - Prediction on image 134 is correct.
16:56:40.645 | ECLYPSE | PlacementManager - Placement established | app=ImagePrediction | mapping={'EndService': 'outer_1', 'PredictorService': 'outer_2', 'TrainerService': 'outer_4'}
16:56:40.645 | ECLYPSE | Simulation - Simulation step | step=408
16:56:40.820 | SUCCESS | EndService - Prediction on image 2225 is correct.
16:56:41.236 | SUCCESS | EndService - Prediction on image 8672 is correct.
16:56:41.646 | ECLYPSE | PlacementManager - Placement established | app=ImagePrediction | mapping={'EndService': 'outer_1', 'PredictorService': 'outer_2', 'TrainerService': 'outer_4'}
16:56:41.647 | ECLYPSE | Simulation - Simulation step | step=409
16:56:41.656 | ERROR | EndService - Prediction on image 829 is incorrect.
16:56:42.071 | SUCCESS | EndService - Prediction on image 4632 is correct.
16:56:42.495 | SUCCESS | EndService - Prediction on image 8240 is correct.
16:56:42.647 | ECLYPSE | PlacementManager - Placement established | app=ImagePrediction | mapping={'EndService': 'outer_1', 'PredictorService': 'outer_2', 'TrainerService': 'outer_4'}
16:56:42.648 | ECLYPSE | Simulation - Simulation step | step=410
16:56:42.917 | SUCCESS | EndService - Prediction on image 693 is correct.
16:56:43.325 | SUCCESS | EndService - Prediction on image 3343 is correct.
16:56:43.649 | ECLYPSE | PlacementManager - Placement established | app=ImagePrediction | mapping={'EndService': 'outer_1', 'PredictorService': 'outer_2', 'TrainerService': 'outer_4'}
16:56:43.649 | ECLYPSE | Simulation - Simulation step | step=411
16:56:43.770 | SUCCESS | EndService - Prediction on image 2650 is correct.
16:56:44.184 | SUCCESS | EndService - Prediction on image 4650 is correct.
16:56:44.615 | SUCCESS | EndService - Prediction on image 8927 is correct.
16:56:44.650 | ECLYPSE | PlacementManager - Placement established | app=ImagePrediction | mapping={'EndService': 'outer_1', 'PredictorService': 'outer_2', 'TrainerService': 'outer_4'}
16:56:44.651 | ECLYPSE | Simulation - Simulation step | step=412
16:56:45.043 | SUCCESS | EndService - Prediction on image 2570 is correct.
16:56:45.480 | SUCCESS | EndService - Prediction on image 5963 is correct.
16:56:45.651 | ECLYPSE | PlacementManager - Placement established | app=ImagePrediction | mapping={'EndService': 'outer_1', 'PredictorService': 'outer_2', 'TrainerService': 'outer_4'}
16:56:45.652 | ECLYPSE | Simulation - Simulation step | step=413
16:56:45.899 | SUCCESS | EndService - Prediction on image 4088 is correct.
16:56:46.343 | SUCCESS | EndService - Prediction on image 863 is correct.
16:56:46.653 | ECLYPSE | PlacementManager - Placement established | app=ImagePrediction | mapping={'EndService': 'outer_1', 'PredictorService': 'outer_2', 'TrainerService': 'outer_4'}
16:56:46.653 | ECLYPSE | Simulation - Simulation step | step=414
16:56:46.766 | ERROR | EndService - Prediction on image 9478 is incorrect.
16:56:47.180 | SUCCESS | EndService - Prediction on image 1816 is correct.
16:56:47.601 | ERROR | EndService - Prediction on image 7057 is incorrect.
16:56:47.654 | ECLYPSE | PlacementManager - Placement established | app=ImagePrediction | mapping={'EndService': 'outer_1', 'PredictorService': 'outer_2', 'TrainerService': 'outer_4'}
16:56:47.654 | ECLYPSE | Simulation - Simulation step | step=415
16:56:48.036 | SUCCESS | EndService - Prediction on image 9368 is correct.
16:56:48.484 | SUCCESS | EndService - Prediction on image 537 is correct.
16:56:48.655 | ECLYPSE | PlacementManager - Placement established | app=ImagePrediction | mapping={'EndService': 'outer_1', 'PredictorService': 'outer_2', 'TrainerService': 'outer_4'}
16:56:48.656 | ECLYPSE | Simulation - Simulation step | step=416
16:56:48.928 | SUCCESS | EndService - Prediction on image 9342 is correct.
16:56:49.349 | SUCCESS | EndService - Prediction on image 1826 is correct.
16:56:49.657 | ECLYPSE | PlacementManager - Placement established | app=ImagePrediction | mapping={'EndService': 'outer_1', 'PredictorService': 'outer_2', 'TrainerService': 'outer_4'}
16:56:49.657 | ECLYPSE | Simulation - Simulation step | step=417
16:56:49.788 | ERROR | EndService - Prediction on image 7459 is incorrect.
16:56:50.224 | SUCCESS | EndService - Prediction on image 599 is correct.
16:56:50.637 | SUCCESS | EndService - Prediction on image 6493 is correct.
16:56:50.658 | ECLYPSE | PlacementManager - Placement established | app=ImagePrediction | mapping={'EndService': 'outer_1', 'PredictorService': 'outer_2', 'TrainerService': 'outer_4'}
16:56:50.658 | ECLYPSE | Simulation - Simulation step | step=418
16:56:51.058 | SUCCESS | EndService - Prediction on image 9363 is correct.
16:56:51.498 | ERROR | EndService - Prediction on image 4848 is incorrect.
16:56:51.659 | ECLYPSE | PlacementManager - Placement established | app=ImagePrediction | mapping={'EndService': 'outer_1', 'PredictorService': 'outer_2', 'TrainerService': 'outer_4'}
16:56:51.660 | ECLYPSE | Simulation - Simulation step | step=419
16:56:51.923 | SUCCESS | EndService - Prediction on image 6256 is correct.
16:56:52.360 | ERROR | EndService - Prediction on image 2387 is incorrect.
16:56:52.661 | ECLYPSE | PlacementManager - Placement established | app=ImagePrediction | mapping={'EndService': 'outer_1', 'PredictorService': 'outer_2', 'TrainerService': 'outer_4'}
16:56:52.662 | ECLYPSE | Simulation - Simulation step | step=420
16:56:52.799 | ERROR | EndService - Prediction on image 7495 is incorrect.
16:56:53.225 | ERROR | EndService - Prediction on image 3946 is incorrect.
16:56:53.643 | SUCCESS | EndService - Prediction on image 4252 is correct.
16:56:53.662 | ECLYPSE | PlacementManager - Placement established | app=ImagePrediction | mapping={'EndService': 'outer_1', 'PredictorService': 'outer_2', 'TrainerService': 'outer_4'}
16:56:53.663 | ECLYPSE | Simulation - Simulation step | step=421
16:56:54.072 | ERROR | EndService - Prediction on image 3828 is incorrect.
16:56:54.538 | SUCCESS | EndService - Prediction on image 8401 is correct.
16:56:54.664 | ECLYPSE | PlacementManager - Placement established | app=ImagePrediction | mapping={'EndService': 'outer_1', 'PredictorService': 'outer_2', 'TrainerService': 'outer_4'}
16:56:54.664 | ECLYPSE | Simulation - Simulation step | step=422
16:56:54.978 | SUCCESS | EndService - Prediction on image 8286 is correct.
16:56:55.416 | ERROR | EndService - Prediction on image 5432 is incorrect.
16:56:55.665 | ECLYPSE | PlacementManager - Placement established | app=ImagePrediction | mapping={'EndService': 'outer_1', 'PredictorService': 'outer_2', 'TrainerService': 'outer_4'}
16:56:55.666 | ECLYPSE | Simulation - Simulation step | step=423
16:56:55.854 | SUCCESS | EndService - Prediction on image 9737 is correct.
16:56:56.283 | SUCCESS | EndService - Prediction on image 8050 is correct.
16:56:56.666 | ECLYPSE | PlacementManager - Placement established | app=ImagePrediction | mapping={'EndService': 'outer_1', 'PredictorService': 'outer_2', 'TrainerService': 'outer_4'}
16:56:56.667 | ECLYPSE | Simulation - Simulation step | step=424
16:56:56.718 | SUCCESS | EndService - Prediction on image 7051 is correct.
16:56:57.140 | ERROR | EndService - Prediction on image 1549 is incorrect.
16:56:57.565 | SUCCESS | EndService - Prediction on image 6846 is correct.
16:56:57.668 | ECLYPSE | PlacementManager - Placement established | app=ImagePrediction | mapping={'EndService': 'outer_1', 'PredictorService': 'outer_2', 'TrainerService': 'outer_4'}
16:56:57.670 | ECLYPSE | Simulation - Simulation step | step=425
16:56:57.988 | ERROR | EndService - Prediction on image 7077 is incorrect.
16:56:58.424 | SUCCESS | EndService - Prediction on image 9898 is correct.
16:56:58.671 | ECLYPSE | PlacementManager - Placement established | app=ImagePrediction | mapping={'EndService': 'outer_1', 'PredictorService': 'outer_2', 'TrainerService': 'outer_4'}
16:56:58.671 | ECLYPSE | Simulation - Simulation step | step=426
16:56:58.865 | SUCCESS | EndService - Prediction on image 8983 is correct.
16:56:59.283 | ERROR | EndService - Prediction on image 1833 is incorrect.
16:56:59.672 | ECLYPSE | PlacementManager - Placement established | app=ImagePrediction | mapping={'EndService': 'outer_1', 'PredictorService': 'outer_2', 'TrainerService': 'outer_4'}
16:56:59.673 | ECLYPSE | Simulation - Simulation step | step=427
16:56:59.719 | ERROR | EndService - Prediction on image 8447 is incorrect.
16:57:00.141 | ERROR | EndService - Prediction on image 3341 is incorrect.
16:57:00.585 | SUCCESS | EndService - Prediction on image 811 is correct.
16:57:00.674 | ECLYPSE | PlacementManager - Placement established | app=ImagePrediction | mapping={'EndService': 'outer_1', 'PredictorService': 'outer_2', 'TrainerService': 'outer_4'}
16:57:00.674 | ECLYPSE | Simulation - Simulation step | step=428
16:57:00.924 | WARNING | PredictorService - Model updated.
16:57:01.016 | ERROR | EndService - Prediction on image 2852 is incorrect.
16:57:01.226 | SUCCESS | EndService - Prediction on image 5286 is correct.
16:57:01.410 | SUCCESS | EndService - Prediction on image 3449 is correct.
16:57:01.603 | SUCCESS | EndService - Prediction on image 4798 is correct.
16:57:01.675 | ECLYPSE | PlacementManager - Placement established | app=ImagePrediction | mapping={'EndService': 'outer_1', 'PredictorService': 'outer_2', 'TrainerService': 'outer_4'}
16:57:01.676 | ECLYPSE | Simulation - Simulation step | step=429
16:57:01.787 | ERROR | EndService - Prediction on image 1325 is incorrect.
16:57:01.970 | ERROR | EndService - Prediction on image 1393 is incorrect.
16:57:02.160 | SUCCESS | EndService - Prediction on image 5256 is correct.
16:57:02.362 | SUCCESS | EndService - Prediction on image 9859 is correct.
16:57:02.548 | SUCCESS | EndService - Prediction on image 6377 is correct.
16:57:02.676 | ECLYPSE | PlacementManager - Placement established | app=ImagePrediction | mapping={'EndService': 'outer_1', 'PredictorService': 'outer_2', 'TrainerService': 'outer_4'}
16:57:02.677 | ECLYPSE | Simulation - Simulation step | step=430
16:57:02.748 | ERROR | EndService - Prediction on image 7525 is incorrect.
16:57:02.935 | ERROR | EndService - Prediction on image 7306 is incorrect.
16:57:03.122 | SUCCESS | EndService - Prediction on image 5438 is correct.
16:57:03.322 | SUCCESS | EndService - Prediction on image 230 is correct.
16:57:03.508 | ERROR | EndService - Prediction on image 2035 is incorrect.
16:57:03.678 | ECLYPSE | PlacementManager - Placement established | app=ImagePrediction | mapping={'EndService': 'outer_1', 'PredictorService': 'outer_2', 'TrainerService': 'outer_4'}
16:57:03.678 | ECLYPSE | Simulation - Simulation step | step=431
16:57:03.703 | SUCCESS | EndService - Prediction on image 775 is correct.
16:57:03.891 | SUCCESS | EndService - Prediction on image 8237 is correct.
16:57:04.080 | SUCCESS | EndService - Prediction on image 4944 is correct.
16:57:04.271 | ERROR | EndService - Prediction on image 2241 is incorrect.
16:57:04.455 | SUCCESS | EndService - Prediction on image 5671 is correct.
16:57:04.638 | SUCCESS | EndService - Prediction on image 9157 is correct.
16:57:04.679 | ECLYPSE | PlacementManager - Placement established | app=ImagePrediction | mapping={'EndService': 'outer_1', 'PredictorService': 'outer_2', 'TrainerService': 'outer_4'}
16:57:04.680 | ECLYPSE | Simulation - Simulation step | step=432
16:57:04.823 | SUCCESS | EndService - Prediction on image 1306 is correct.
16:57:05.007 | SUCCESS | EndService - Prediction on image 6468 is correct.
16:57:05.208 | ERROR | EndService - Prediction on image 9471 is incorrect.
16:57:05.404 | ERROR | EndService - Prediction on image 8553 is incorrect.
16:57:05.589 | SUCCESS | EndService - Prediction on image 8626 is correct.
16:57:05.681 | ECLYPSE | PlacementManager - Placement established | app=ImagePrediction | mapping={'EndService': 'outer_1', 'PredictorService': 'outer_2', 'TrainerService': 'outer_4'}
16:57:05.681 | ECLYPSE | Simulation - Simulation step | step=433
16:57:05.802 | SUCCESS | EndService - Prediction on image 9363 is correct.
16:57:05.991 | SUCCESS | EndService - Prediction on image 5382 is correct.
16:57:06.191 | SUCCESS | EndService - Prediction on image 416 is correct.
16:57:06.380 | SUCCESS | EndService - Prediction on image 786 is correct.
16:57:06.571 | SUCCESS | EndService - Prediction on image 1487 is correct.
16:57:06.683 | ECLYPSE | PlacementManager - Placement established | app=ImagePrediction | mapping={'EndService': 'outer_1', 'PredictorService': 'outer_2', 'TrainerService': 'outer_4'}
16:57:06.684 | ECLYPSE | Simulation - Simulation step | step=434
16:57:06.768 | SUCCESS | EndService - Prediction on image 5145 is correct.
16:57:07.182 | SUCCESS | EndService - Prediction on image 5998 is correct.
16:57:07.631 | ERROR | EndService - Prediction on image 8182 is incorrect.
16:57:07.685 | ECLYPSE | PlacementManager - Placement established | app=ImagePrediction | mapping={'EndService': 'outer_1', 'PredictorService': 'outer_2', 'TrainerService': 'outer_4'}
16:57:07.685 | ECLYPSE | Simulation - Simulation step | step=435
16:57:08.046 | SUCCESS | EndService - Prediction on image 9028 is correct.
16:57:08.479 | SUCCESS | EndService - Prediction on image 6116 is correct.
16:57:08.686 | ECLYPSE | PlacementManager - Placement established | app=ImagePrediction | mapping={'EndService': 'outer_1', 'PredictorService': 'outer_2', 'TrainerService': 'outer_4'}
16:57:08.686 | ECLYPSE | Simulation - Simulation step | step=436
16:57:08.896 | SUCCESS | EndService - Prediction on image 1105 is correct.
16:57:09.313 | ERROR | EndService - Prediction on image 4221 is incorrect.
16:57:09.687 | ECLYPSE | PlacementManager - Placement established | app=ImagePrediction | mapping={'EndService': 'outer_1', 'PredictorService': 'outer_2', 'TrainerService': 'outer_4'}
16:57:09.687 | ECLYPSE | Simulation - Simulation step | step=437
16:57:09.730 | SUCCESS | EndService - Prediction on image 90 is correct.
16:57:10.143 | ERROR | EndService - Prediction on image 4820 is incorrect.
16:57:10.583 | SUCCESS | EndService - Prediction on image 3639 is correct.
16:57:10.689 | ECLYPSE | PlacementManager - Placement established | app=ImagePrediction | mapping={'EndService': 'outer_1', 'PredictorService': 'outer_2', 'TrainerService': 'outer_4'}
16:57:10.690 | ECLYPSE | Simulation - Simulation step | step=438
16:57:11.016 | SUCCESS | EndService - Prediction on image 8479 is correct.
16:57:11.442 | ERROR | EndService - Prediction on image 635 is incorrect.
16:57:11.691 | ECLYPSE | PlacementManager - Placement established | app=ImagePrediction | mapping={'EndService': 'outer_1', 'PredictorService': 'outer_2', 'TrainerService': 'outer_4'}
16:57:11.691 | ECLYPSE | Simulation - Simulation step | step=439
16:57:11.874 | SUCCESS | EndService - Prediction on image 7427 is correct.
16:57:12.285 | SUCCESS | EndService - Prediction on image 1832 is correct.
16:57:12.692 | ECLYPSE | PlacementManager - Placement established | app=ImagePrediction | mapping={'EndService': 'outer_1', 'PredictorService': 'outer_2', 'TrainerService': 'outer_4'}
16:57:12.693 | ECLYPSE | Simulation - Simulation step | step=440
16:57:12.703 | ERROR | EndService - Prediction on image 7350 is incorrect.
16:57:13.116 | ERROR | EndService - Prediction on image 7756 is incorrect.
16:57:13.546 | SUCCESS | EndService - Prediction on image 8017 is correct.
16:57:13.694 | ECLYPSE | PlacementManager - Placement established | app=ImagePrediction | mapping={'EndService': 'outer_1', 'PredictorService': 'outer_2', 'TrainerService': 'outer_4'}
16:57:13.694 | ECLYPSE | Simulation - Simulation step | step=441
16:57:13.971 | SUCCESS | EndService - Prediction on image 7483 is correct.
16:57:14.387 | ERROR | EndService - Prediction on image 4323 is incorrect.
16:57:14.695 | ECLYPSE | PlacementManager - Placement established | app=ImagePrediction | mapping={'EndService': 'outer_1', 'PredictorService': 'outer_2', 'TrainerService': 'outer_4'}
16:57:14.695 | ECLYPSE | Simulation - Simulation step | step=442
16:57:14.823 | ERROR | EndService - Prediction on image 4124 is incorrect.
16:57:15.269 | ERROR | EndService - Prediction on image 1741 is incorrect.
16:57:15.696 | ECLYPSE | PlacementManager - Placement established | app=ImagePrediction | mapping={'EndService': 'outer_1', 'PredictorService': 'outer_2', 'TrainerService': 'outer_4'}
16:57:15.696 | ECLYPSE | Simulation - Simulation step | step=443
16:57:15.700 | ERROR | EndService - Prediction on image 6990 is incorrect.
16:57:16.114 | ERROR | EndService - Prediction on image 9634 is incorrect.
16:57:16.538 | SUCCESS | EndService - Prediction on image 4900 is correct.
16:57:16.697 | ECLYPSE | PlacementManager - Placement established | app=ImagePrediction | mapping={'EndService': 'outer_1', 'PredictorService': 'outer_2', 'TrainerService': 'outer_4'}
16:57:16.698 | ECLYPSE | Simulation - Simulation step | step=444
16:57:16.965 | ERROR | EndService - Prediction on image 4302 is incorrect.
16:57:17.415 | SUCCESS | EndService - Prediction on image 4682 is correct.
16:57:17.699 | ECLYPSE | PlacementManager - Placement established | app=ImagePrediction | mapping={'EndService': 'outer_1', 'PredictorService': 'outer_2', 'TrainerService': 'outer_4'}
16:57:17.699 | ECLYPSE | Simulation - Simulation step | step=445
16:57:17.842 | ERROR | EndService - Prediction on image 3848 is incorrect.
16:57:18.265 | SUCCESS | EndService - Prediction on image 3016 is correct.
16:57:18.700 | ECLYPSE | PlacementManager - Placement established | app=ImagePrediction | mapping={'EndService': 'outer_1', 'PredictorService': 'outer_2', 'TrainerService': 'outer_4'}
16:57:18.701 | ECLYPSE | Simulation - Simulation step | step=446
16:57:18.704 | SUCCESS | EndService - Prediction on image 5549 is correct.
16:57:19.124 | ERROR | EndService - Prediction on image 4415 is incorrect.
16:57:19.550 | SUCCESS | EndService - Prediction on image 9989 is correct.
16:57:19.702 | ECLYPSE | PlacementManager - Placement established | app=ImagePrediction | mapping={'EndService': 'outer_1', 'PredictorService': 'outer_2', 'TrainerService': 'outer_4'}
16:57:19.702 | ECLYPSE | Simulation - Simulation step | step=447
16:57:19.967 | SUCCESS | EndService - Prediction on image 5732 is correct.
16:57:20.390 | SUCCESS | EndService - Prediction on image 6312 is correct.
16:57:20.703 | ECLYPSE | PlacementManager - Placement established | app=ImagePrediction | mapping={'EndService': 'outer_1', 'PredictorService': 'outer_2', 'TrainerService': 'outer_4'}
16:57:20.703 | ECLYPSE | Simulation - Simulation step | step=448
16:57:20.838 | SUCCESS | EndService - Prediction on image 4660 is correct.
16:57:21.267 | SUCCESS | EndService - Prediction on image 164 is correct.
16:57:21.693 | SUCCESS | EndService - Prediction on image 8641 is correct.
16:57:21.704 | ECLYPSE | PlacementManager - Placement established | app=ImagePrediction | mapping={'EndService': 'outer_1', 'PredictorService': 'outer_2', 'TrainerService': 'outer_4'}
16:57:21.704 | ECLYPSE | Simulation - Simulation step | step=449
16:57:22.114 | SUCCESS | EndService - Prediction on image 459 is correct.
16:57:22.552 | SUCCESS | EndService - Prediction on image 2335 is correct.
16:57:22.705 | ECLYPSE | PlacementManager - Placement established | app=ImagePrediction | mapping={'EndService': 'outer_1', 'PredictorService': 'outer_2', 'TrainerService': 'outer_4'}
16:57:22.706 | ECLYPSE | Simulation - Simulation step | step=450
16:57:22.984 | ERROR | EndService - Prediction on image 549 is incorrect.
16:57:23.438 | ERROR | EndService - Prediction on image 4152 is incorrect.
16:57:23.707 | ECLYPSE | PlacementManager - Placement established | app=ImagePrediction | mapping={'EndService': 'outer_1', 'PredictorService': 'outer_2', 'TrainerService': 'outer_4'}
16:57:23.707 | ECLYPSE | Simulation - Simulation step | step=451
16:57:23.876 | ERROR | EndService - Prediction on image 3556 is incorrect.
16:57:24.297 | SUCCESS | EndService - Prediction on image 8765 is correct.
16:57:24.708 | ECLYPSE | PlacementManager - Placement established | app=ImagePrediction | mapping={'EndService': 'outer_1', 'PredictorService': 'outer_2', 'TrainerService': 'outer_4'}
16:57:24.708 | ECLYPSE | Simulation - Simulation step | step=452
16:57:24.751 | ERROR | EndService - Prediction on image 7413 is incorrect.
16:57:25.161 | SUCCESS | EndService - Prediction on image 5708 is correct.
16:57:25.587 | SUCCESS | EndService - Prediction on image 4580 is correct.
16:57:25.709 | ECLYPSE | PlacementManager - Placement established | app=ImagePrediction | mapping={'EndService': 'outer_1', 'PredictorService': 'outer_2', 'TrainerService': 'outer_4'}
16:57:25.709 | ECLYPSE | Simulation - Simulation step | step=453
16:57:26.020 | ERROR | EndService - Prediction on image 2430 is incorrect.
16:57:26.529 | ERROR | EndService - Prediction on image 1557 is incorrect.
16:57:26.710 | ECLYPSE | PlacementManager - Placement established | app=ImagePrediction | mapping={'EndService': 'outer_1', 'PredictorService': 'outer_2', 'TrainerService': 'outer_4'}
16:57:26.711 | ECLYPSE | Simulation - Simulation step | step=454
16:57:27.042 | SUCCESS | EndService - Prediction on image 8921 is correct.
16:57:27.585 | SUCCESS | EndService - Prediction on image 6736 is correct.
16:57:27.711 | ECLYPSE | PlacementManager - Placement established | app=ImagePrediction | mapping={'EndService': 'outer_1', 'PredictorService': 'outer_2', 'TrainerService': 'outer_4'}
16:57:27.712 | ECLYPSE | Simulation - Simulation step | step=455
16:57:28.134 | SUCCESS | EndService - Prediction on image 8736 is correct.
16:57:28.712 | ECLYPSE | PlacementManager - Placement established | app=ImagePrediction | mapping={'EndService': 'outer_1', 'PredictorService': 'outer_2', 'TrainerService': 'outer_4'}
16:57:28.713 | ECLYPSE | Simulation - Simulation step | step=456
16:57:28.739 | SUCCESS | EndService - Prediction on image 9599 is correct.
16:57:29.311 | ERROR | EndService - Prediction on image 3557 is incorrect.
16:57:29.714 | ECLYPSE | PlacementManager - Placement established | app=ImagePrediction | mapping={'EndService': 'outer_1', 'PredictorService': 'outer_2', 'TrainerService': 'outer_4'}
16:57:29.714 | ECLYPSE | Simulation - Simulation step | step=457
16:57:29.928 | ERROR | EndService - Prediction on image 1015 is incorrect.
16:57:30.561 | SUCCESS | EndService - Prediction on image 5338 is correct.
16:57:30.715 | ECLYPSE | PlacementManager - Placement established | app=ImagePrediction | mapping={'EndService': 'outer_1', 'PredictorService': 'outer_2', 'TrainerService': 'outer_4'}
16:57:30.715 | ECLYPSE | Simulation - Simulation step | step=458
16:57:31.216 | SUCCESS | EndService - Prediction on image 8290 is correct.
16:57:31.716 | ECLYPSE | PlacementManager - Placement established | app=ImagePrediction | mapping={'EndService': 'outer_1', 'PredictorService': 'outer_2', 'TrainerService': 'outer_4'}
16:57:31.716 | ECLYPSE | Simulation - Simulation step | step=459
16:57:31.912 | ERROR | EndService - Prediction on image 2516 is incorrect.
16:57:32.634 | SUCCESS | EndService - Prediction on image 56 is correct.
16:57:32.717 | ECLYPSE | PlacementManager - Placement established | app=ImagePrediction | mapping={'EndService': 'outer_1', 'PredictorService': 'outer_2', 'TrainerService': 'outer_4'}
16:57:32.718 | ECLYPSE | Simulation - Simulation step | step=460
16:57:33.376 | SUCCESS | EndService - Prediction on image 742 is correct.
16:57:33.718 | ECLYPSE | PlacementManager - Placement established | app=ImagePrediction | mapping={'EndService': 'outer_1', 'PredictorService': 'outer_2', 'TrainerService': 'outer_4'}
16:57:33.719 | ECLYPSE | Simulation - Simulation step | step=461
16:57:34.156 | SUCCESS | EndService - Prediction on image 5746 is correct.
16:57:34.720 | ECLYPSE | PlacementManager - Placement established | app=ImagePrediction | mapping={'EndService': 'outer_1', 'PredictorService': 'outer_2', 'TrainerService': 'outer_4'}
16:57:34.720 | ECLYPSE | Simulation - Simulation step | step=462
16:57:34.976 | ERROR | EndService - Prediction on image 227 is incorrect.
16:57:35.721 | ECLYPSE | PlacementManager - Placement established | app=ImagePrediction | mapping={'EndService': 'outer_1', 'PredictorService': 'outer_2', 'TrainerService': 'outer_4'}
16:57:35.721 | ECLYPSE | Simulation - Simulation step | step=463
16:57:35.814 | ERROR | EndService - Prediction on image 1536 is incorrect.
16:57:36.669 | SUCCESS | EndService - Prediction on image 6380 is correct.
16:57:36.722 | ECLYPSE | PlacementManager - Placement established | app=ImagePrediction | mapping={'EndService': 'outer_1', 'PredictorService': 'outer_2', 'TrainerService': 'outer_4'}
16:57:36.722 | ECLYPSE | Simulation - Simulation step | step=464
16:57:37.546 | SUCCESS | EndService - Prediction on image 7484 is correct.
16:57:37.723 | ECLYPSE | PlacementManager - Placement established | app=ImagePrediction | mapping={'EndService': 'outer_1', 'PredictorService': 'outer_2', 'TrainerService': 'outer_4'}
16:57:37.724 | ECLYPSE | Simulation - Simulation step | step=465
16:57:38.471 | SUCCESS | EndService - Prediction on image 3508 is correct.
16:57:38.724 | ECLYPSE | PlacementManager - Placement established | app=ImagePrediction | mapping={'EndService': 'outer_1', 'PredictorService': 'outer_2', 'TrainerService': 'outer_4'}
16:57:38.725 | ECLYPSE | Simulation - Simulation step | step=466
16:57:39.426 | SUCCESS | EndService - Prediction on image 1048 is correct.
16:57:39.726 | ECLYPSE | PlacementManager - Placement established | app=ImagePrediction | mapping={'EndService': 'outer_1', 'PredictorService': 'outer_2', 'TrainerService': 'outer_4'}
16:57:39.726 | ECLYPSE | Simulation - Simulation step | step=467
16:57:40.417 | SUCCESS | EndService - Prediction on image 4947 is correct.
16:57:40.727 | ECLYPSE | PlacementManager - Placement established | app=ImagePrediction | mapping={'EndService': 'outer_1', 'PredictorService': 'outer_2', 'TrainerService': 'outer_4'}
16:57:40.728 | ECLYPSE | Simulation - Simulation step | step=468
16:57:41.481 | SUCCESS | EndService - Prediction on image 3637 is correct.
16:57:41.729 | ECLYPSE | PlacementManager - Placement established | app=ImagePrediction | mapping={'EndService': 'outer_1', 'PredictorService': 'outer_2', 'TrainerService': 'outer_4'}
16:57:41.729 | ECLYPSE | Simulation - Simulation step | step=469
16:57:42.531 | ERROR | EndService - Prediction on image 1614 is incorrect.
16:57:42.730 | ECLYPSE | PlacementManager - Placement established | app=ImagePrediction | mapping={'EndService': 'outer_1', 'PredictorService': 'outer_2', 'TrainerService': 'outer_4'}
16:57:42.731 | ECLYPSE | Simulation - Simulation step | step=470
16:57:43.635 | SUCCESS | EndService - Prediction on image 952 is correct.
16:57:43.732 | ECLYPSE | PlacementManager - Placement established | app=ImagePrediction | mapping={'EndService': 'outer_1', 'PredictorService': 'outer_2', 'TrainerService': 'outer_4'}
16:57:43.732 | ECLYPSE | Simulation - Simulation step | step=471
16:57:44.733 | ECLYPSE | PlacementManager - Placement established | app=ImagePrediction | mapping={'EndService': 'outer_1', 'PredictorService': 'outer_2', 'TrainerService': 'outer_4'}
16:57:44.734 | ECLYPSE | Simulation - Simulation step | step=472
16:57:44.736 | WARNING | EndService - No images were processed
16:57:44.765 | ERROR | EndService - Prediction on image 2727 is incorrect.
16:57:45.734 | ECLYPSE | PlacementManager - Placement established | app=ImagePrediction | mapping={'EndService': 'outer_1', 'PredictorService': 'outer_2', 'TrainerService': 'outer_4'}
16:57:45.735 | ECLYPSE | Simulation - Simulation step | step=473
16:57:45.955 | ERROR | EndService - Prediction on image 2544 is incorrect.
16:57:46.736 | ECLYPSE | PlacementManager - Placement established | app=ImagePrediction | mapping={'EndService': 'outer_1', 'PredictorService': 'outer_2', 'TrainerService': 'outer_4'}
16:57:46.736 | ECLYPSE | Simulation - Simulation step | step=474
16:57:47.166 | ERROR | EndService - Prediction on image 6152 is incorrect.
16:57:47.737 | ECLYPSE | PlacementManager - Placement established | app=ImagePrediction | mapping={'EndService': 'outer_1', 'PredictorService': 'outer_2', 'TrainerService': 'outer_4'}
16:57:47.737 | ECLYPSE | Simulation - Simulation step | step=475
16:57:48.445 | SUCCESS | EndService - Prediction on image 4229 is correct.
16:57:48.738 | ECLYPSE | PlacementManager - Placement established | app=ImagePrediction | mapping={'EndService': 'outer_1', 'PredictorService': 'outer_2', 'TrainerService': 'outer_4'}
16:57:48.739 | ECLYPSE | Simulation - Simulation step | step=476
16:57:49.740 | ECLYPSE | PlacementManager - Placement established | app=ImagePrediction | mapping={'EndService': 'outer_1', 'PredictorService': 'outer_2', 'TrainerService': 'outer_4'}
16:57:49.741 | ECLYPSE | Simulation - Simulation step | step=477
16:57:49.743 | WARNING | EndService - No images were processed
16:57:49.777 | SUCCESS | EndService - Prediction on image 7648 is correct.
16:57:50.741 | ECLYPSE | PlacementManager - Placement established | app=ImagePrediction | mapping={'EndService': 'outer_1', 'PredictorService': 'outer_2', 'TrainerService': 'outer_4'}
16:57:50.742 | ECLYPSE | Simulation - Simulation step | step=478
16:57:51.134 | SUCCESS | EndService - Prediction on image 1193 is correct.
16:57:51.743 | ECLYPSE | PlacementManager - Placement established | app=ImagePrediction | mapping={'EndService': 'outer_1', 'PredictorService': 'outer_2', 'TrainerService': 'outer_4'}
16:57:51.743 | ECLYPSE | Simulation - Simulation step | step=479
16:57:52.590 | SUCCESS | EndService - Prediction on image 7501 is correct.
16:57:52.744 | ECLYPSE | PlacementManager - Placement established | app=ImagePrediction | mapping={'EndService': 'outer_1', 'PredictorService': 'outer_2', 'TrainerService': 'outer_4'}
16:57:52.744 | ECLYPSE | Simulation - Simulation step | step=480
16:57:53.745 | ECLYPSE | PlacementManager - Placement established | app=ImagePrediction | mapping={'EndService': 'outer_1', 'PredictorService': 'outer_2', 'TrainerService': 'outer_4'}
16:57:53.746 | ECLYPSE | Simulation - Simulation step | step=481
16:57:53.749 | WARNING | EndService - No images were processed
16:57:54.028 | ERROR | EndService - Prediction on image 5800 is incorrect.
16:57:54.747 | ECLYPSE | PlacementManager - Placement established | app=ImagePrediction | mapping={'EndService': 'outer_1', 'PredictorService': 'outer_2', 'TrainerService': 'outer_4'}
16:57:54.747 | ECLYPSE | Simulation - Simulation step | step=482
16:57:55.538 | ERROR | EndService - Prediction on image 8044 is incorrect.
16:57:55.748 | ECLYPSE | PlacementManager - Placement established | app=ImagePrediction | mapping={'EndService': 'outer_1', 'PredictorService': 'outer_2', 'TrainerService': 'outer_4'}
16:57:55.748 | ECLYPSE | Simulation - Simulation step | step=483
16:57:56.750 | ECLYPSE | PlacementManager - Placement established | app=ImagePrediction | mapping={'EndService': 'outer_1', 'PredictorService': 'outer_2', 'TrainerService': 'outer_4'}
16:57:56.750 | ECLYPSE | Simulation - Simulation step | step=484
16:57:56.753 | WARNING | EndService - No images were processed
16:57:57.082 | ERROR | EndService - Prediction on image 5067 is incorrect.
16:57:57.751 | ECLYPSE | PlacementManager - Placement established | app=ImagePrediction | mapping={'EndService': 'outer_1', 'PredictorService': 'outer_2', 'TrainerService': 'outer_4'}
16:57:57.751 | ECLYPSE | Simulation - Simulation step | step=485
16:57:58.707 | SUCCESS | EndService - Prediction on image 6057 is correct.
16:57:58.752 | ECLYPSE | PlacementManager - Placement established | app=ImagePrediction | mapping={'EndService': 'outer_1', 'PredictorService': 'outer_2', 'TrainerService': 'outer_4'}
16:57:58.753 | ECLYPSE | Simulation - Simulation step | step=486
16:57:59.754 | ECLYPSE | PlacementManager - Placement established | app=ImagePrediction | mapping={'EndService': 'outer_1', 'PredictorService': 'outer_2', 'TrainerService': 'outer_4'}
16:57:59.754 | ECLYPSE | Simulation - Simulation step | step=487
16:57:59.757 | WARNING | EndService - No images were processed
16:58:00.381 | SUCCESS | EndService - Prediction on image 2095 is correct.
16:58:00.755 | ECLYPSE | PlacementManager - Placement established | app=ImagePrediction | mapping={'EndService': 'outer_1', 'PredictorService': 'outer_2', 'TrainerService': 'outer_4'}
16:58:00.756 | ECLYPSE | Simulation - Simulation step | step=488
16:58:01.757 | ECLYPSE | PlacementManager - Placement established | app=ImagePrediction | mapping={'EndService': 'outer_1', 'PredictorService': 'outer_2', 'TrainerService': 'outer_4'}
16:58:01.757 | ECLYPSE | Simulation - Simulation step | step=489
16:58:01.761 | WARNING | EndService - No images were processed
16:58:02.086 | ERROR | EndService - Prediction on image 6087 is incorrect.
16:58:02.758 | ECLYPSE | PlacementManager - Placement established | app=ImagePrediction | mapping={'EndService': 'outer_1', 'PredictorService': 'outer_2', 'TrainerService': 'outer_4'}
16:58:02.758 | ECLYPSE | Simulation - Simulation step | step=490
16:58:03.759 | ECLYPSE | PlacementManager - Placement established | app=ImagePrediction | mapping={'EndService': 'outer_1', 'PredictorService': 'outer_2', 'TrainerService': 'outer_4'}
16:58:03.760 | ECLYPSE | Simulation - Simulation step | step=491
16:58:03.763 | WARNING | EndService - No images were processed
16:58:03.862 | ERROR | EndService - Prediction on image 1613 is incorrect.
16:58:04.760 | ECLYPSE | PlacementManager - Placement established | app=ImagePrediction | mapping={'EndService': 'outer_1', 'PredictorService': 'outer_2', 'TrainerService': 'outer_4'}
16:58:04.761 | ECLYPSE | Simulation - Simulation step | step=492
16:58:05.684 | ERROR | EndService - Prediction on image 97 is incorrect.
16:58:05.762 | ECLYPSE | PlacementManager - Placement established | app=ImagePrediction | mapping={'EndService': 'outer_1', 'PredictorService': 'outer_2', 'TrainerService': 'outer_4'}
16:58:05.762 | ECLYPSE | Simulation - Simulation step | step=493
16:58:06.763 | ECLYPSE | PlacementManager - Placement established | app=ImagePrediction | mapping={'EndService': 'outer_1', 'PredictorService': 'outer_2', 'TrainerService': 'outer_4'}
16:58:06.764 | ECLYPSE | Simulation - Simulation step | step=494
16:58:06.767 | WARNING | EndService - No images were processed
16:58:07.596 | ERROR | EndService - Prediction on image 6739 is incorrect.
16:58:07.765 | ECLYPSE | PlacementManager - Placement established | app=ImagePrediction | mapping={'EndService': 'outer_1', 'PredictorService': 'outer_2', 'TrainerService': 'outer_4'}
16:58:07.765 | ECLYPSE | Simulation - Simulation step | step=495
16:58:08.766 | ECLYPSE | PlacementManager - Placement established | app=ImagePrediction | mapping={'EndService': 'outer_1', 'PredictorService': 'outer_2', 'TrainerService': 'outer_4'}
16:58:08.767 | ECLYPSE | Simulation - Simulation step | step=496
16:58:08.769 | WARNING | EndService - No images were processed
16:58:09.556 | ERROR | EndService - Prediction on image 5608 is incorrect.
16:58:09.768 | ECLYPSE | PlacementManager - Placement established | app=ImagePrediction | mapping={'EndService': 'outer_1', 'PredictorService': 'outer_2', 'TrainerService': 'outer_4'}
16:58:09.768 | ECLYPSE | Simulation - Simulation step | step=497
16:58:10.769 | ECLYPSE | PlacementManager - Placement established | app=ImagePrediction | mapping={'EndService': 'outer_1', 'PredictorService': 'outer_2', 'TrainerService': 'outer_4'}
16:58:10.770 | ECLYPSE | Simulation - Simulation step | step=498
16:58:10.773 | WARNING | EndService - No images were processed
16:58:11.590 | ERROR | EndService - Prediction on image 4948 is incorrect.
16:58:11.771 | ECLYPSE | PlacementManager - Placement established | app=ImagePrediction | mapping={'EndService': 'outer_1', 'PredictorService': 'outer_2', 'TrainerService': 'outer_4'}
16:58:11.771 | ECLYPSE | Simulation - Simulation step | step=499
16:58:12.772 | ECLYPSE | PlacementManager - Placement established | app=ImagePrediction | mapping={'EndService': 'outer_1', 'PredictorService': 'outer_2', 'TrainerService': 'outer_4'}
16:58:12.772 | ECLYPSE | Simulation - Simulation step | step=500
16:58:12.775 | WARNING | EndService - No images were processed
16:58:13.709 | SUCCESS | EndService - Prediction on image 5266 is correct.
16:58:13.773 | ECLYPSE | PlacementManager - Placement established | app=ImagePrediction | mapping={'EndService': 'outer_1', 'PredictorService': 'outer_2', 'TrainerService': 'outer_4'}
16:58:13.774 | ECLYPSE | Simulation - Simulation step | step=501
16:58:14.775 | ECLYPSE | PlacementManager - Placement established | app=ImagePrediction | mapping={'EndService': 'outer_1', 'PredictorService': 'outer_2', 'TrainerService': 'outer_4'}
16:58:14.775 | ECLYPSE | Simulation - Simulation step | step=502
16:58:14.779 | WARNING | EndService - No images were processed
16:58:15.776 | ECLYPSE | PlacementManager - Placement established | app=ImagePrediction | mapping={'EndService': 'outer_1', 'PredictorService': 'outer_2', 'TrainerService': 'outer_4'}
16:58:15.777 | ECLYPSE | Simulation - Simulation step | step=503
16:58:15.780 | WARNING | EndService - No images were processed
16:58:15.844 | ERROR | EndService - Prediction on image 1269 is incorrect.
16:58:16.778 | ECLYPSE | PlacementManager - Placement established | app=ImagePrediction | mapping={'EndService': 'outer_1', 'PredictorService': 'outer_2', 'TrainerService': 'outer_4'}
16:58:16.778 | ECLYPSE | Simulation - Simulation step | step=504
16:58:17.779 | ECLYPSE | PlacementManager - Placement established | app=ImagePrediction | mapping={'EndService': 'outer_1', 'PredictorService': 'outer_2', 'TrainerService': 'outer_4'}
16:58:17.780 | ECLYPSE | Simulation - Simulation step | step=505
16:58:17.782 | WARNING | EndService - No images were processed
16:58:18.043 | SUCCESS | EndService - Prediction on image 9760 is correct.
16:58:18.781 | ECLYPSE | PlacementManager - Placement established | app=ImagePrediction | mapping={'EndService': 'outer_1', 'PredictorService': 'outer_2', 'TrainerService': 'outer_4'}
16:58:18.781 | ECLYPSE | Simulation - Simulation step | step=506
16:58:19.782 | ECLYPSE | PlacementManager - Placement established | app=ImagePrediction | mapping={'EndService': 'outer_1', 'PredictorService': 'outer_2', 'TrainerService': 'outer_4'}
16:58:19.783 | ECLYPSE | Simulation - Simulation step | step=507
16:58:19.785 | WARNING | EndService - No images were processed
16:58:20.347 | ERROR | EndService - Prediction on image 4478 is incorrect.
16:58:20.784 | ECLYPSE | PlacementManager - Placement established | app=ImagePrediction | mapping={'EndService': 'outer_1', 'PredictorService': 'outer_2', 'TrainerService': 'outer_4'}
16:58:20.784 | ECLYPSE | Simulation - Simulation step | step=508
16:58:21.786 | ECLYPSE | PlacementManager - Placement established | app=ImagePrediction | mapping={'EndService': 'outer_1', 'PredictorService': 'outer_2', 'TrainerService': 'outer_4'}
16:58:21.786 | ECLYPSE | Simulation - Simulation step | step=509
16:58:21.790 | WARNING | EndService - No images were processed
16:58:22.687 | SUCCESS | EndService - Prediction on image 4937 is correct.
16:58:22.787 | ECLYPSE | PlacementManager - Placement established | app=ImagePrediction | mapping={'EndService': 'outer_1', 'PredictorService': 'outer_2', 'TrainerService': 'outer_4'}
16:58:22.788 | ECLYPSE | Simulation - Simulation step | step=510
16:58:23.788 | ECLYPSE | PlacementManager - Placement established | app=ImagePrediction | mapping={'EndService': 'outer_1', 'PredictorService': 'outer_2', 'TrainerService': 'outer_4'}
16:58:23.789 | ECLYPSE | Simulation - Simulation step | step=511
16:58:23.792 | WARNING | EndService - No images were processed
16:58:24.790 | ECLYPSE | PlacementManager - Placement established | app=ImagePrediction | mapping={'EndService': 'outer_1', 'PredictorService': 'outer_2', 'TrainerService': 'outer_4'}
16:58:24.790 | ECLYPSE | Simulation - Simulation step | step=512
16:58:24.792 | WARNING | EndService - No images were processed
16:58:25.105 | SUCCESS | EndService - Prediction on image 1430 is correct.
16:58:25.791 | ECLYPSE | PlacementManager - Placement established | app=ImagePrediction | mapping={'EndService': 'outer_1', 'PredictorService': 'outer_2', 'TrainerService': 'outer_4'}
16:58:25.791 | ECLYPSE | Simulation - Simulation step | step=513
16:58:26.792 | ECLYPSE | PlacementManager - Placement established | app=ImagePrediction | mapping={'EndService': 'outer_1', 'PredictorService': 'outer_2', 'TrainerService': 'outer_4'}
16:58:26.793 | ECLYPSE | Simulation - Simulation step | step=514
16:58:26.795 | WARNING | EndService - No images were processed
16:58:27.585 | SUCCESS | EndService - Prediction on image 6066 is correct.
16:58:27.793 | ECLYPSE | PlacementManager - Placement established | app=ImagePrediction | mapping={'EndService': 'outer_1', 'PredictorService': 'outer_2', 'TrainerService': 'outer_4'}
16:58:27.794 | ECLYPSE | Simulation - Simulation step | step=515
16:58:28.795 | ECLYPSE | PlacementManager - Placement established | app=ImagePrediction | mapping={'EndService': 'outer_1', 'PredictorService': 'outer_2', 'TrainerService': 'outer_4'}
16:58:28.795 | ECLYPSE | Simulation - Simulation step | step=516
16:58:28.798 | WARNING | EndService - No images were processed
16:58:29.797 | ECLYPSE | PlacementManager - Placement established | app=ImagePrediction | mapping={'EndService': 'outer_1', 'PredictorService': 'outer_2', 'TrainerService': 'outer_4'}
16:58:29.797 | ECLYPSE | Simulation - Simulation step | step=517
16:58:29.800 | WARNING | EndService - No images were processed
16:58:30.127 | SUCCESS | EndService - Prediction on image 1633 is correct.
16:58:30.798 | ECLYPSE | PlacementManager - Placement established | app=ImagePrediction | mapping={'EndService': 'outer_1', 'PredictorService': 'outer_2', 'TrainerService': 'outer_4'}
16:58:30.798 | ECLYPSE | Simulation - Simulation step | step=518
16:58:31.799 | ECLYPSE | PlacementManager - Placement established | app=ImagePrediction | mapping={'EndService': 'outer_1', 'PredictorService': 'outer_2', 'TrainerService': 'outer_4'}
16:58:31.800 | ECLYPSE | Simulation - Simulation step | step=519
16:58:31.803 | WARNING | EndService - No images were processed
16:58:32.747 | ERROR | EndService - Prediction on image 6037 is incorrect.
16:58:32.801 | ECLYPSE | PlacementManager - Placement established | app=ImagePrediction | mapping={'EndService': 'outer_1', 'PredictorService': 'outer_2', 'TrainerService': 'outer_4'}
16:58:32.801 | ECLYPSE | Simulation - Simulation step | step=520
16:58:33.802 | ECLYPSE | PlacementManager - Placement established | app=ImagePrediction | mapping={'EndService': 'outer_1', 'PredictorService': 'outer_2', 'TrainerService': 'outer_4'}
16:58:33.802 | ECLYPSE | Simulation - Simulation step | step=521
16:58:33.805 | WARNING | EndService - No images were processed
16:58:34.803 | ECLYPSE | PlacementManager - Placement established | app=ImagePrediction | mapping={'EndService': 'outer_1', 'PredictorService': 'outer_2', 'TrainerService': 'outer_4'}
16:58:34.804 | ECLYPSE | Simulation - Simulation step | step=522
16:58:34.806 | WARNING | EndService - No images were processed
16:58:35.424 | SUCCESS | EndService - Prediction on image 5494 is correct.
16:58:35.804 | ECLYPSE | PlacementManager - Placement established | app=ImagePrediction | mapping={'EndService': 'outer_1', 'PredictorService': 'outer_2', 'TrainerService': 'outer_4'}
16:58:35.805 | ECLYPSE | Simulation - Simulation step | step=523
16:58:36.806 | ECLYPSE | PlacementManager - Placement established | app=ImagePrediction | mapping={'EndService': 'outer_1', 'PredictorService': 'outer_2', 'TrainerService': 'outer_4'}
16:58:36.806 | ECLYPSE | Simulation - Simulation step | step=524
16:58:36.810 | WARNING | EndService - No images were processed
16:58:37.808 | ECLYPSE | PlacementManager - Placement established | app=ImagePrediction | mapping={'EndService': 'outer_1', 'PredictorService': 'outer_2', 'TrainerService': 'outer_4'}
16:58:37.808 | ECLYPSE | Simulation - Simulation step | step=525
16:58:37.811 | WARNING | EndService - No images were processed
16:58:38.205 | SUCCESS | EndService - Prediction on image 9644 is correct.
16:58:38.810 | ECLYPSE | PlacementManager - Placement established | app=ImagePrediction | mapping={'EndService': 'outer_1', 'PredictorService': 'outer_2', 'TrainerService': 'outer_4'}
16:58:38.810 | ECLYPSE | Simulation - Simulation step | step=526
16:58:39.811 | ECLYPSE | PlacementManager - Placement established | app=ImagePrediction | mapping={'EndService': 'outer_1', 'PredictorService': 'outer_2', 'TrainerService': 'outer_4'}
16:58:39.812 | ECLYPSE | Simulation - Simulation step | step=527
16:58:39.815 | WARNING | EndService - No images were processed
16:58:40.813 | ECLYPSE | PlacementManager - Placement established | app=ImagePrediction | mapping={'EndService': 'outer_1', 'PredictorService': 'outer_2', 'TrainerService': 'outer_4'}
16:58:40.814 | ECLYPSE | Simulation - Simulation step | step=528
16:58:40.817 | WARNING | EndService - No images were processed
16:58:41.047 | ERROR | EndService - Prediction on image 9565 is incorrect.
16:58:41.815 | ECLYPSE | PlacementManager - Placement established | app=ImagePrediction | mapping={'EndService': 'outer_1', 'PredictorService': 'outer_2', 'TrainerService': 'outer_4'}
16:58:41.815 | ECLYPSE | Simulation - Simulation step | step=529
16:58:42.817 | ECLYPSE | PlacementManager - Placement established | app=ImagePrediction | mapping={'EndService': 'outer_1', 'PredictorService': 'outer_2', 'TrainerService': 'outer_4'}
16:58:42.817 | ECLYPSE | Simulation - Simulation step | step=530
16:58:42.820 | WARNING | EndService - No images were processed
16:58:43.818 | ECLYPSE | PlacementManager - Placement established | app=ImagePrediction | mapping={'EndService': 'outer_1', 'PredictorService': 'outer_2', 'TrainerService': 'outer_4'}
16:58:43.819 | ECLYPSE | Simulation - Simulation step | step=531
16:58:43.821 | WARNING | EndService - No images were processed
16:58:43.988 | ERROR | EndService - Prediction on image 7403 is incorrect.
16:58:44.819 | ECLYPSE | PlacementManager - Placement established | app=ImagePrediction | mapping={'EndService': 'outer_1', 'PredictorService': 'outer_2', 'TrainerService': 'outer_4'}
16:58:44.820 | ECLYPSE | Simulation - Simulation step | step=532
16:58:45.821 | ECLYPSE | PlacementManager - Placement established | app=ImagePrediction | mapping={'EndService': 'outer_1', 'PredictorService': 'outer_2', 'TrainerService': 'outer_4'}
16:58:45.821 | ECLYPSE | Simulation - Simulation step | step=533
16:58:45.825 | WARNING | EndService - No images were processed
16:58:46.822 | ECLYPSE | PlacementManager - Placement established | app=ImagePrediction | mapping={'EndService': 'outer_1', 'PredictorService': 'outer_2', 'TrainerService': 'outer_4'}
16:58:46.823 | ECLYPSE | Simulation - Simulation step | step=534
16:58:46.826 | WARNING | EndService - No images were processed
16:58:46.987 | SUCCESS | EndService - Prediction on image 7655 is correct.
16:58:47.823 | ECLYPSE | PlacementManager - Placement established | app=ImagePrediction | mapping={'EndService': 'outer_1', 'PredictorService': 'outer_2', 'TrainerService': 'outer_4'}
16:58:47.824 | ECLYPSE | Simulation - Simulation step | step=535
16:58:48.825 | ECLYPSE | PlacementManager - Placement established | app=ImagePrediction | mapping={'EndService': 'outer_1', 'PredictorService': 'outer_2', 'TrainerService': 'outer_4'}
16:58:48.825 | ECLYPSE | Simulation - Simulation step | step=536
16:58:48.829 | WARNING | EndService - No images were processed
16:58:49.301 | WARNING | PredictorService - Model updated.
16:58:49.826 | ECLYPSE | PlacementManager - Placement established | app=ImagePrediction | mapping={'EndService': 'outer_1', 'PredictorService': 'outer_2', 'TrainerService': 'outer_4'}
16:58:49.827 | ECLYPSE | Simulation - Simulation step | step=537
16:58:49.830 | WARNING | EndService - No images were processed
16:58:50.052 | SUCCESS | EndService - Prediction on image 3243 is correct.
16:58:50.828 | ECLYPSE | PlacementManager - Placement established | app=ImagePrediction | mapping={'EndService': 'outer_1', 'PredictorService': 'outer_2', 'TrainerService': 'outer_4'}
16:58:50.828 | ECLYPSE | Simulation - Simulation step | step=538
16:58:51.615 | SUCCESS | EndService - Prediction on image 9328 is correct.
16:58:51.829 | ECLYPSE | PlacementManager - Placement established | app=ImagePrediction | mapping={'EndService': 'outer_1', 'PredictorService': 'outer_2', 'TrainerService': 'outer_4'}
16:58:51.829 | ECLYPSE | Simulation - Simulation step | step=539
16:58:52.830 | ECLYPSE | PlacementManager - Placement established | app=ImagePrediction | mapping={'EndService': 'outer_1', 'PredictorService': 'outer_2', 'TrainerService': 'outer_4'}
16:58:52.831 | ECLYPSE | Simulation - Simulation step | step=540
16:58:52.834 | WARNING | EndService - No images were processed
16:58:53.193 | SUCCESS | EndService - Prediction on image 21 is correct.
16:58:53.832 | ECLYPSE | PlacementManager - Placement established | app=ImagePrediction | mapping={'EndService': 'outer_1', 'PredictorService': 'outer_2', 'TrainerService': 'outer_4'}
16:58:53.832 | ECLYPSE | Simulation - Simulation step | step=541
16:58:54.834 | ECLYPSE | PlacementManager - Placement established | app=ImagePrediction | mapping={'EndService': 'outer_1', 'PredictorService': 'outer_2', 'TrainerService': 'outer_4'}
16:58:54.834 | ECLYPSE | Simulation - Simulation step | step=542
16:58:54.836 | WARNING | EndService - No images were processed
16:58:55.835 | ECLYPSE | PlacementManager - Placement established | app=ImagePrediction | mapping={'EndService': 'outer_1', 'PredictorService': 'outer_2', 'TrainerService': 'outer_4'}
16:58:55.835 | ECLYPSE | Simulation - Simulation step | step=543
16:58:55.838 | WARNING | EndService - No images were processed
16:58:56.421 | ERROR | EndService - Prediction on image 66 is incorrect.
16:58:56.836 | ECLYPSE | PlacementManager - Placement established | app=ImagePrediction | mapping={'EndService': 'outer_1', 'PredictorService': 'outer_2', 'TrainerService': 'outer_4'}
16:58:56.837 | ECLYPSE | Simulation - Simulation step | step=544
16:58:57.838 | ECLYPSE | PlacementManager - Placement established | app=ImagePrediction | mapping={'EndService': 'outer_1', 'PredictorService': 'outer_2', 'TrainerService': 'outer_4'}
16:58:57.838 | ECLYPSE | Simulation - Simulation step | step=545
16:58:57.841 | WARNING | EndService - No images were processed
16:58:58.839 | ECLYPSE | PlacementManager - Placement established | app=ImagePrediction | mapping={'EndService': 'outer_1', 'PredictorService': 'outer_2', 'TrainerService': 'outer_4'}
16:58:58.839 | ECLYPSE | Simulation - Simulation step | step=546
16:58:58.842 | WARNING | EndService - No images were processed
16:58:59.771 | SUCCESS | EndService - Prediction on image 2643 is correct.
16:58:59.840 | ECLYPSE | PlacementManager - Placement established | app=ImagePrediction | mapping={'EndService': 'outer_1', 'PredictorService': 'outer_2', 'TrainerService': 'outer_4'}
16:58:59.841 | ECLYPSE | Simulation - Simulation step | step=547
16:59:00.841 | ECLYPSE | PlacementManager - Placement established | app=ImagePrediction | mapping={'EndService': 'outer_1', 'PredictorService': 'outer_2', 'TrainerService': 'outer_4'}
16:59:00.842 | ECLYPSE | Simulation - Simulation step | step=548
16:59:00.845 | WARNING | EndService - No images were processed
16:59:01.843 | ECLYPSE | PlacementManager - Placement established | app=ImagePrediction | mapping={'EndService': 'outer_1', 'PredictorService': 'outer_2', 'TrainerService': 'outer_4'}
16:59:01.844 | ECLYPSE | Simulation - Simulation step | step=549
16:59:01.846 | WARNING | EndService - No images were processed
16:59:02.845 | ECLYPSE | PlacementManager - Placement established | app=ImagePrediction | mapping={'EndService': 'outer_1', 'PredictorService': 'outer_2', 'TrainerService': 'outer_4'}
16:59:02.845 | ECLYPSE | Simulation - Simulation step | step=550
16:59:02.848 | WARNING | EndService - No images were processed
16:59:03.197 | SUCCESS | EndService - Prediction on image 9180 is correct.
16:59:03.846 | ECLYPSE | PlacementManager - Placement established | app=ImagePrediction | mapping={'EndService': 'outer_1', 'PredictorService': 'outer_2', 'TrainerService': 'outer_4'}
16:59:03.847 | ECLYPSE | Simulation - Simulation step | step=551
16:59:04.847 | ECLYPSE | PlacementManager - Placement established | app=ImagePrediction | mapping={'EndService': 'outer_1', 'PredictorService': 'outer_2', 'TrainerService': 'outer_4'}
16:59:04.848 | ECLYPSE | Simulation - Simulation step | step=552
16:59:04.850 | WARNING | EndService - No images were processed
16:59:05.849 | ECLYPSE | PlacementManager - Placement established | app=ImagePrediction | mapping={'EndService': 'outer_1', 'PredictorService': 'outer_2', 'TrainerService': 'outer_4'}
16:59:05.849 | ECLYPSE | Simulation - Simulation step | step=553
16:59:05.852 | WARNING | EndService - No images were processed
16:59:06.690 | SUCCESS | EndService - Prediction on image 17 is correct.
16:59:06.850 | ECLYPSE | PlacementManager - Placement established | app=ImagePrediction | mapping={'EndService': 'outer_1', 'PredictorService': 'outer_2', 'TrainerService': 'outer_4'}
16:59:06.851 | ECLYPSE | Simulation - Simulation step | step=554
16:59:07.852 | ECLYPSE | PlacementManager - Placement established | app=ImagePrediction | mapping={'EndService': 'outer_1', 'PredictorService': 'outer_2', 'TrainerService': 'outer_4'}
16:59:07.853 | ECLYPSE | Simulation - Simulation step | step=555
16:59:07.856 | WARNING | EndService - No images were processed
16:59:08.854 | ECLYPSE | PlacementManager - Placement established | app=ImagePrediction | mapping={'EndService': 'outer_1', 'PredictorService': 'outer_2', 'TrainerService': 'outer_4'}
16:59:08.855 | ECLYPSE | Simulation - Simulation step | step=556
16:59:08.858 | WARNING | EndService - No images were processed
16:59:09.856 | ECLYPSE | PlacementManager - Placement established | app=ImagePrediction | mapping={'EndService': 'outer_1', 'PredictorService': 'outer_2', 'TrainerService': 'outer_4'}
16:59:09.857 | ECLYPSE | Simulation - Simulation step | step=557
16:59:09.861 | WARNING | EndService - No images were processed
16:59:10.248 | ERROR | EndService - Prediction on image 2990 is incorrect.
16:59:10.858 | ECLYPSE | PlacementManager - Placement established | app=ImagePrediction | mapping={'EndService': 'outer_1', 'PredictorService': 'outer_2', 'TrainerService': 'outer_4'}
16:59:10.858 | ECLYPSE | Simulation - Simulation step | step=558
16:59:11.859 | ECLYPSE | PlacementManager - Placement established | app=ImagePrediction | mapping={'EndService': 'outer_1', 'PredictorService': 'outer_2', 'TrainerService': 'outer_4'}
16:59:11.860 | ECLYPSE | Simulation - Simulation step | step=559
16:59:11.863 | WARNING | EndService - No images were processed
16:59:12.861 | ECLYPSE | PlacementManager - Placement established | app=ImagePrediction | mapping={'EndService': 'outer_1', 'PredictorService': 'outer_2', 'TrainerService': 'outer_4'}
16:59:12.861 | ECLYPSE | Simulation - Simulation step | step=560
16:59:12.864 | WARNING | EndService - No images were processed
16:59:13.863 | ECLYPSE | PlacementManager - Placement established | app=ImagePrediction | mapping={'EndService': 'outer_1', 'PredictorService': 'outer_2', 'TrainerService': 'outer_4'}
16:59:13.863 | ECLYPSE | Simulation - Simulation step | step=561
16:59:13.867 | WARNING | EndService - No images were processed
16:59:13.915 | SUCCESS | EndService - Prediction on image 307 is correct.
16:59:14.864 | ECLYPSE | PlacementManager - Placement established | app=ImagePrediction | mapping={'EndService': 'outer_1', 'PredictorService': 'outer_2', 'TrainerService': 'outer_4'}
16:59:14.864 | ECLYPSE | Simulation - Simulation step | step=562
16:59:15.866 | ECLYPSE | PlacementManager - Placement established | app=ImagePrediction | mapping={'EndService': 'outer_1', 'PredictorService': 'outer_2', 'TrainerService': 'outer_4'}
16:59:15.866 | ECLYPSE | Simulation - Simulation step | step=563
16:59:15.869 | WARNING | EndService - No images were processed
16:59:16.867 | ECLYPSE | PlacementManager - Placement established | app=ImagePrediction | mapping={'EndService': 'outer_1', 'PredictorService': 'outer_2', 'TrainerService': 'outer_4'}
16:59:16.868 | ECLYPSE | Simulation - Simulation step | step=564
16:59:16.871 | WARNING | EndService - No images were processed
16:59:17.628 | SUCCESS | EndService - Prediction on image 5684 is correct.
16:59:17.868 | ECLYPSE | PlacementManager - Placement established | app=ImagePrediction | mapping={'EndService': 'outer_1', 'PredictorService': 'outer_2', 'TrainerService': 'outer_4'}
16:59:17.869 | ECLYPSE | Simulation - Simulation step | step=565
16:59:18.869 | ECLYPSE | PlacementManager - Placement established | app=ImagePrediction | mapping={'EndService': 'outer_1', 'PredictorService': 'outer_2', 'TrainerService': 'outer_4'}
16:59:18.870 | ECLYPSE | Simulation - Simulation step | step=566
16:59:18.873 | WARNING | EndService - No images were processed
16:59:19.871 | ECLYPSE | PlacementManager - Placement established | app=ImagePrediction | mapping={'EndService': 'outer_1', 'PredictorService': 'outer_2', 'TrainerService': 'outer_4'}
16:59:19.872 | ECLYPSE | Simulation - Simulation step | step=567
16:59:19.875 | WARNING | EndService - No images were processed
16:59:20.873 | ECLYPSE | PlacementManager - Placement established | app=ImagePrediction | mapping={'EndService': 'outer_1', 'PredictorService': 'outer_2', 'TrainerService': 'outer_4'}
16:59:20.873 | ECLYPSE | Simulation - Simulation step | step=568
16:59:20.878 | WARNING | EndService - No images were processed
16:59:21.460 | ERROR | EndService - Prediction on image 7018 is incorrect.
16:59:21.874 | ECLYPSE | PlacementManager - Placement established | app=ImagePrediction | mapping={'EndService': 'outer_1', 'PredictorService': 'outer_2', 'TrainerService': 'outer_4'}
16:59:21.875 | ECLYPSE | Simulation - Simulation step | step=569
16:59:22.875 | ECLYPSE | PlacementManager - Placement established | app=ImagePrediction | mapping={'EndService': 'outer_1', 'PredictorService': 'outer_2', 'TrainerService': 'outer_4'}
16:59:22.876 | ECLYPSE | Simulation - Simulation step | step=570
16:59:22.878 | WARNING | EndService - No images were processed
16:59:23.877 | ECLYPSE | PlacementManager - Placement established | app=ImagePrediction | mapping={'EndService': 'outer_1', 'PredictorService': 'outer_2', 'TrainerService': 'outer_4'}
16:59:23.878 | ECLYPSE | Simulation - Simulation step | step=571
16:59:23.881 | WARNING | EndService - No images were processed
16:59:24.879 | ECLYPSE | PlacementManager - Placement established | app=ImagePrediction | mapping={'EndService': 'outer_1', 'PredictorService': 'outer_2', 'TrainerService': 'outer_4'}
16:59:24.879 | ECLYPSE | Simulation - Simulation step | step=572
16:59:24.883 | WARNING | EndService - No images were processed
16:59:25.363 | SUCCESS | EndService - Prediction on image 1371 is correct.
16:59:25.880 | ECLYPSE | PlacementManager - Placement established | app=ImagePrediction | mapping={'EndService': 'outer_1', 'PredictorService': 'outer_2', 'TrainerService': 'outer_4'}
16:59:25.881 | ECLYPSE | Simulation - Simulation step | step=573
16:59:26.882 | ECLYPSE | PlacementManager - Placement established | app=ImagePrediction | mapping={'EndService': 'outer_1', 'PredictorService': 'outer_2', 'TrainerService': 'outer_4'}
16:59:26.883 | ECLYPSE | Simulation - Simulation step | step=574
16:59:26.886 | WARNING | EndService - No images were processed
16:59:27.884 | ECLYPSE | PlacementManager - Placement established | app=ImagePrediction | mapping={'EndService': 'outer_1', 'PredictorService': 'outer_2', 'TrainerService': 'outer_4'}
16:59:27.884 | ECLYPSE | Simulation - Simulation step | step=575
16:59:27.887 | WARNING | EndService - No images were processed
16:59:28.886 | ECLYPSE | PlacementManager - Placement established | app=ImagePrediction | mapping={'EndService': 'outer_1', 'PredictorService': 'outer_2', 'TrainerService': 'outer_4'}
16:59:28.887 | ECLYPSE | Simulation - Simulation step | step=576
16:59:28.890 | WARNING | EndService - No images were processed
16:59:29.338 | ERROR | EndService - Prediction on image 4829 is incorrect.
16:59:29.887 | ECLYPSE | PlacementManager - Placement established | app=ImagePrediction | mapping={'EndService': 'outer_1', 'PredictorService': 'outer_2', 'TrainerService': 'outer_4'}
16:59:29.888 | ECLYPSE | Simulation - Simulation step | step=577
16:59:30.889 | ECLYPSE | PlacementManager - Placement established | app=ImagePrediction | mapping={'EndService': 'outer_1', 'PredictorService': 'outer_2', 'TrainerService': 'outer_4'}
16:59:30.889 | ECLYPSE | Simulation - Simulation step | step=578
16:59:30.892 | WARNING | EndService - No images were processed
16:59:31.890 | ECLYPSE | PlacementManager - Placement established | app=ImagePrediction | mapping={'EndService': 'outer_1', 'PredictorService': 'outer_2', 'TrainerService': 'outer_4'}
16:59:31.891 | ECLYPSE | Simulation - Simulation step | step=579
16:59:31.893 | WARNING | EndService - No images were processed
16:59:32.892 | ECLYPSE | PlacementManager - Placement established | app=ImagePrediction | mapping={'EndService': 'outer_1', 'PredictorService': 'outer_2', 'TrainerService': 'outer_4'}
16:59:32.892 | ECLYPSE | Simulation - Simulation step | step=580
16:59:32.895 | WARNING | EndService - No images were processed
16:59:33.396 | ERROR | EndService - Prediction on image 1340 is incorrect.
16:59:33.894 | ECLYPSE | PlacementManager - Placement established | app=ImagePrediction | mapping={'EndService': 'outer_1', 'PredictorService': 'outer_2', 'TrainerService': 'outer_4'}
16:59:33.894 | ECLYPSE | Simulation - Simulation step | step=581
16:59:34.895 | ECLYPSE | PlacementManager - Placement established | app=ImagePrediction | mapping={'EndService': 'outer_1', 'PredictorService': 'outer_2', 'TrainerService': 'outer_4'}
16:59:34.895 | ECLYPSE | Simulation - Simulation step | step=582
16:59:34.899 | WARNING | EndService - No images were processed
16:59:35.896 | ECLYPSE | PlacementManager - Placement established | app=ImagePrediction | mapping={'EndService': 'outer_1', 'PredictorService': 'outer_2', 'TrainerService': 'outer_4'}
16:59:35.897 | ECLYPSE | Simulation - Simulation step | step=583
16:59:35.899 | WARNING | EndService - No images were processed
16:59:36.899 | ECLYPSE | PlacementManager - Placement established | app=ImagePrediction | mapping={'EndService': 'outer_1', 'PredictorService': 'outer_2', 'TrainerService': 'outer_4'}
16:59:36.899 | ECLYPSE | Simulation - Simulation step | step=584
16:59:36.903 | WARNING | EndService - No images were processed
16:59:37.538 | ERROR | EndService - Prediction on image 6553 is incorrect.
16:59:37.900 | ECLYPSE | PlacementManager - Placement established | app=ImagePrediction | mapping={'EndService': 'outer_1', 'PredictorService': 'outer_2', 'TrainerService': 'outer_4'}
16:59:37.901 | ECLYPSE | Simulation - Simulation step | step=585
16:59:38.901 | ECLYPSE | PlacementManager - Placement established | app=ImagePrediction | mapping={'EndService': 'outer_1', 'PredictorService': 'outer_2', 'TrainerService': 'outer_4'}
16:59:38.902 | ECLYPSE | Simulation - Simulation step | step=586
16:59:38.905 | WARNING | EndService - No images were processed
16:59:39.903 | ECLYPSE | PlacementManager - Placement established | app=ImagePrediction | mapping={'EndService': 'outer_1', 'PredictorService': 'outer_2', 'TrainerService': 'outer_4'}
16:59:39.903 | ECLYPSE | Simulation - Simulation step | step=587
16:59:39.905 | WARNING | EndService - No images were processed
16:59:40.905 | ECLYPSE | PlacementManager - Placement established | app=ImagePrediction | mapping={'EndService': 'outer_1', 'PredictorService': 'outer_2', 'TrainerService': 'outer_4'}
16:59:40.905 | ECLYPSE | Simulation - Simulation step | step=588
16:59:40.908 | WARNING | EndService - No images were processed
16:59:41.769 | SUCCESS | EndService - Prediction on image 8893 is correct.
16:59:41.906 | ECLYPSE | PlacementManager - Placement established | app=ImagePrediction | mapping={'EndService': 'outer_1', 'PredictorService': 'outer_2', 'TrainerService': 'outer_4'}
16:59:41.907 | ECLYPSE | Simulation - Simulation step | step=589
16:59:42.908 | ECLYPSE | PlacementManager - Placement established | app=ImagePrediction | mapping={'EndService': 'outer_1', 'PredictorService': 'outer_2', 'TrainerService': 'outer_4'}
16:59:42.909 | ECLYPSE | Simulation - Simulation step | step=590
16:59:42.912 | WARNING | EndService - No images were processed
16:59:43.910 | ECLYPSE | PlacementManager - Placement established | app=ImagePrediction | mapping={'EndService': 'outer_1', 'PredictorService': 'outer_2', 'TrainerService': 'outer_4'}
16:59:43.911 | ECLYPSE | Simulation - Simulation step | step=591
16:59:43.913 | WARNING | EndService - No images were processed
16:59:44.912 | ECLYPSE | PlacementManager - Placement established | app=ImagePrediction | mapping={'EndService': 'outer_1', 'PredictorService': 'outer_2', 'TrainerService': 'outer_4'}
16:59:44.912 | ECLYPSE | Simulation - Simulation step | step=592
16:59:44.916 | WARNING | EndService - No images were processed
16:59:45.913 | ECLYPSE | PlacementManager - Placement established | app=ImagePrediction | mapping={'EndService': 'outer_1', 'PredictorService': 'outer_2', 'TrainerService': 'outer_4'}
16:59:45.914 | ECLYPSE | Simulation - Simulation step | step=593
16:59:45.916 | WARNING | EndService - No images were processed
16:59:46.088 | SUCCESS | EndService - Prediction on image 7750 is correct.
16:59:46.915 | ECLYPSE | PlacementManager - Placement established | app=ImagePrediction | mapping={'EndService': 'outer_1', 'PredictorService': 'outer_2', 'TrainerService': 'outer_4'}
16:59:46.915 | ECLYPSE | Simulation - Simulation step | step=594
16:59:47.916 | ECLYPSE | PlacementManager - Placement established | app=ImagePrediction | mapping={'EndService': 'outer_1', 'PredictorService': 'outer_2', 'TrainerService': 'outer_4'}
16:59:47.916 | ECLYPSE | Simulation - Simulation step | step=595
16:59:47.920 | WARNING | EndService - No images were processed
16:59:48.917 | ECLYPSE | PlacementManager - Placement established | app=ImagePrediction | mapping={'EndService': 'outer_1', 'PredictorService': 'outer_2', 'TrainerService': 'outer_4'}
16:59:48.917 | ECLYPSE | Simulation - Simulation step | step=596
16:59:48.921 | WARNING | EndService - No images were processed
16:59:49.918 | ECLYPSE | PlacementManager - Placement established | app=ImagePrediction | mapping={'EndService': 'outer_1', 'PredictorService': 'outer_2', 'TrainerService': 'outer_4'}
16:59:49.919 | ECLYPSE | Simulation - Simulation step | step=597
16:59:49.921 | WARNING | EndService - No images were processed
16:59:50.481 | SUCCESS | EndService - Prediction on image 7738 is correct.
16:59:50.919 | ECLYPSE | PlacementManager - Placement established | app=ImagePrediction | mapping={'EndService': 'outer_1', 'PredictorService': 'outer_2', 'TrainerService': 'outer_4'}
16:59:50.920 | ECLYPSE | Simulation - Simulation step | step=598
16:59:51.921 | ECLYPSE | PlacementManager - Placement established | app=ImagePrediction | mapping={'EndService': 'outer_1', 'PredictorService': 'outer_2', 'TrainerService': 'outer_4'}
16:59:51.921 | ECLYPSE | Simulation - Simulation step | step=599
16:59:51.925 | WARNING | EndService - No images were processed
16:59:52.922 | ECLYPSE | PlacementManager - Placement established | app=ImagePrediction | mapping={'EndService': 'outer_1', 'PredictorService': 'outer_2', 'TrainerService': 'outer_4'}
16:59:52.922 | ECLYPSE | Simulation - Simulation step | step=600
16:59:52.926 | WARNING | EndService - No images were processed
16:59:53.379 | ECLYPSE | Simulation - Simulation finished.
